"source","target","type"
"organization/activeweave","organization/twelvefoldmedia","acquiredBy"
"organization/ad2games","organization/hitfox-group","acquiredBy"
"organization/adku","organization/groupon","acquiredBy"
"organization/agilepaper","organization/excedis","acquiredBy"
"organization/alchemydb","organization/aerospike","acquiredBy"
"organization/algorithms-io","organization/lumendata","acquiredBy"
"organization/altostor","organization/wandisco","acquiredBy"
"organization/aster-data-systems","organization/teradata","acquiredBy"
"organization/content-savvy","organization/smartfocus","acquiredBy"
"organization/data-marketplace","organization/infochimps","acquiredBy"
"organization/datamonk","organization/hitfox-group","acquiredBy"
"organization/dataspora","organization/via-science","acquiredBy"
"organization/dynatrace-software","organization/compuware","acquiredBy"
"organization/elucidata","organization/ern","acquiredBy"
"organization/emediate","organization/cxense","acquiredBy"
"organization/enqio","organization/ngdata","acquiredBy"
"organization/eurocortex","organization/nstein-technologies","acquiredBy"
"organization/fastconnect","organization/bull","acquiredBy"
"organization/fusion-io","organization/sandisk","acquiredBy"
"organization/gridiron-systems","organization/violin-memory","acquiredBy"
"organization/id7","organization/fusion-io","acquiredBy"
"organization/identified-com","organization/workday","acquiredBy"
"organization/infochimps","organization/csc","acquiredBy"
"organization/inkiru","organization/walmart-labs","acquiredBy"
"organization/insightsone","organization/apigee","acquiredBy"
"organization/io-turbine","organization/fusion-io","acquiredBy"
"organization/kapow-technologies","organization/kofax","acquiredBy"
"organization/karmic-lifesciences","organization/cliantha-research","acquiredBy"
"organization/keepstream","organization/infochimps","acquiredBy"
"organization/kitenga","organization/dell","acquiredBy"
"organization/kxen","organization/sap","acquiredBy"
"organization/layerboom","organization/joyent","acquiredBy"
"organization/lucky-sort","organization/twitter","acquiredBy"
"organization/maporama-solutions","organization/tibco-software-inc","acquiredBy"
"organization/melon-power","organization/wegowise","acquiredBy"
"organization/neuralitic-systems","organization/guavus","acquiredBy"
"organization/nexgen-storage","organization/fusion-io","acquiredBy"
"organization/nodeable","organization/appcelerator","acquiredBy"
"organization/npulse-technologies","organization/fireeye","acquiredBy"
"organization/nstein-technologies","organization/opentext","acquiredBy"
"organization/ohmdata","organization/wandisco","acquiredBy"
"organization/optier","organization/sap","acquiredBy"
"organization/orderdynamics-corporation","organization/ecommera","acquiredBy"
"organization/outerthought","organization/ngdata","acquiredBy"
"organization/packetloop","organization/arbor-networks","acquiredBy"
"organization/paraccel","organization/actian","acquiredBy"
"organization/picdar","organization/nstein-technologies","acquiredBy"
"organization/pipette","organization/ginger-io","acquiredBy"
"organization/radoop","organization/rapidminer","acquiredBy"
"organization/servio","organization/scalable-workforce","acquiredBy"
"organization/sessionbox","organization/jut-inc","acquiredBy"
"organization/shoplogic","organization/bloomreach","acquiredBy"
"organization/smartsvn","organization/wandisco","acquiredBy"
"organization/taptica","organization/marimedia","acquiredBy"
"organization/terracota","organization/software-ag","acquiredBy"
"organization/think-big-analytics","organization/teradata","acquiredBy"
"organization/tokbox","organization/telefonica-digital","acquiredBy"
"organization/turning-square","organization/crichq","acquiredBy"
"organization/webdetails-consulting","organization/pentaho","acquiredBy"
"organization/wisdomforce-technologies","organization/informatica","acquiredBy"
"organization/ztelic","organization/yahoo","acquiredBy"