"type","path","first_name","last_name","title","type"
"Advisor","person/john-h-mack","John","H. Mack","Strategic Advisor","TeamMember"
"Advisor","person/rahul-harkawat","Rahul","Harkawat","Advisor","TeamMember"
"Advisor","person/susan-athey","Susan","Athey","Scientific Advisory Board","TeamMember"
"Advisor","person/leo-speigel","Leo","Speigel","Director","TeamMember"
"Advisor","person/nicholas-preftakes","Nicholas","Preftakes","Board of Directors","TeamMember"
"Advisor","person/eben-pagan","Eben","Pagan","Advisor","TeamMember"
"Advisor","person/amy-chang","Amy","Chang","Advisory Board","TeamMember"
"Advisor","person/sanjay-subhedar","Sanjay","Subhedar","Board Member","TeamMember"
"Advisor","person/greg-robinson","Greg","Robinson","Board Member","TeamMember"
"Advisor","person/cindy-padnos","Cindy","Padnos","Investor","TeamMember"
"Advisor","person/scott-barclay","Scott","Barclay","Advisor","TeamMember"
"Advisor","person/peter-hsing","Peter","Hsing","Board of Directors","TeamMember"
"Advisor","person/hans-beck","Hans","Beck","Advisor","TeamMember"
"Advisor","person/stephen-ciesinski","Stephen","Ciesinski","Maana Advisor, SRI International","TeamMember"
"Advisor","person/larry-rosenberger","Larry","RosenBerger","Board Member","TeamMember"
"Advisor","person/gene-frantz","Gene","Frantz","Board Member","TeamMember"
"Advisor","person/peter-sonsini","Peter","Sonsini","Board Member","TeamMember"
"Advisor","person/guido-imbens","Guido","Imbens","Advisory Board","TeamMember"
"Advisor","person/javier-rojas","Javier","Rojas","Board Director","TeamMember"
"Advisor","person/alec-ross","Alec","Ross","Advisor","TeamMember"
"Advisor","person/jeff-miller-4","Jeff","Miller","Board of Directors","TeamMember"
"Advisor","person/roger-ehrenberg","Roger","Ehrenberg","Board Observer","TeamMember"
"Advisor","person/tarek-najm","Tarek","Najm","Maana Advisor, Former Technical Fellow, Microsoft","TeamMember"
"Advisor","person/ronald-weissman","Ronald","Weissman","Board Member","TeamMember"
"Advisor","person/mamoon-hamid","Mamoon","Hamid","Board Observer","TeamMember"
"Advisor","person/ben-horowitz","Ben","Horowitz","Board Member","TeamMember"
"Advisor","person/harry-demott","Harry","DeMott","Advisor / Investor","TeamMember"
"Advisor","person/steve-capelli","Steve","Capelli","Board Member","TeamMember"
"Advisor","person/kevin-harvey","Kevin","Harvey","Director","TeamMember"
"Advisor","person/promod-haque","Promod","Haque","Board of Director","TeamMember"
"Advisor","person/josh-mendelsohn-2","Josh","Mendelsohn","Advisor","TeamMember"
"Advisor","person/thomas-varghese","Thomas","Varghese","Board Member","TeamMember"
"Advisor","person/david-a-frankel","David A.","Frankel","Advisor","TeamMember"
"Advisor","person/marwan-fawaz","Marwan","Fawaz","Board Member","TeamMember"
"Advisor","person/mike-olson","Mike","Olson","Board Member","TeamMember"
"Advisor","person/norio-murakami","Norio","Murakami","Advisor","TeamMember"
"Advisor","person/frank-foster","Frank","Foster","Board of Directors","TeamMember"
"Advisor","person/patrick-grady","Patrick","Grady","Member of the Board of Directors","TeamMember"
"Advisor","person/gary-gannot","Gary","Gannot","Board Member","TeamMember"
"Advisor","person/benjy-weinberger","Benjy","Weinberger","Advisor","TeamMember"
"Advisor","person/kirk-bowman","Kirk","Bowman","Board Director","TeamMember"
"Advisor","person/nick-white","Nicholas","White","Advisor","TeamMember"
"Advisor","person/liping-fan","Liping","Fan","Board Member","TeamMember"
"Advisor","person/manoj-vembu","Manoj","Vembu","Fund Advisor","TeamMember"
"Advisor","person/art-bielski","Art","Bielski","Board Member","TeamMember"
"Advisor","person/ori-mazin","Ori","Mazin","Board Member","TeamMember"
"Advisor","person/david-a-goldberg","David A.","Goldberg","Advisor","TeamMember"
"Advisor","person/john-frankel","John","Frankel","Board of Directors","TeamMember"
"Advisor","person/peter-fenton","Peter","Fenton","Board of Directors","TeamMember"
"Advisor","person/dixon-r-doll-jr","Dixon","R. Doll Jr","Investor/Advisor","TeamMember"
"Advisor","person/scott-regan","Scott","Regan","Advisor","TeamMember"
"Advisor","person/scott-shenker","Scott","Shenker","Board Member","TeamMember"
"Advisor","person/ion-yadigaroglu","Ion","Yadigaroglu","Board of Directors","TeamMember"
"Advisor","person/stephen-purpura","Stephen","Purpura","CEO","TeamMember"
"Advisor","person/roger-j-sippl","Roger","J. Sippl","Advisor","TeamMember"
"Advisor","person/hans-pusch","Hans","Pusch","Board Member","TeamMember"
"Advisor","person/sheel-tyle","Sheel","Tyle","Advisor","TeamMember"
"Advisor","person/gil-beyda","Gil","Beyda","Board Member","TeamMember"
"Advisor","person/alberto-giusti","Alberto","Giusti","advisory board","TeamMember"
"Advisor","person/heath-mills","Heath","Mills","Director","TeamMember"
"Advisor","person/scott-weiss-3","Scott","Weiss","Board Member","TeamMember"
"Advisor","person/john-vigouroux","John","Vigouroux","Board Member","TeamMember"
"Advisor","person/george-coll","George","Coll","Advisor","TeamMember"
"Advisor","person/sam-zacharias","Sam","Zacharias","Advisor","TeamMember"
"Advisor","person/donald-mooney","Donald","Mooney","Partner","TeamMember"
"Advisor","person/tuvia-barlev","Tuvia","Barlev","Advisory Board Member","TeamMember"
"Advisor","person/paul-hill","Paul","Hill","Board of Directors","TeamMember"
"Advisor","person/indranil-guha","Indranil (Indy)","Guha","Board Observer","TeamMember"
"Advisor","person/alex-banh","Alex","Banh","Advisor","TeamMember"
"Advisor","person/amit-shah-2","Amit","Shah","Board of Directors","TeamMember"
"Advisor","person/daniel-h-ahn","Daniel","H. Ahn","Member of the Board of Directors","TeamMember"
"Advisor","person/deep-nishar","Deep","Nishar","Advisor","TeamMember"
"Advisor","person/jerry-neumann","Jerry","Neumann","Advisor","TeamMember"
"Advisor","person/stewart-alsop-2","Stewart","Alsop","Board Member","TeamMember"
"Advisor","person/praful-k-shah","Praful","K.Shah","Advisors","TeamMember"
"Advisor","person/anant-jhingran","Anant","Jhingran","Board of Advisors","TeamMember"
"Advisor","person/jon-karlen","Jon","Karlen","Board Member","TeamMember"
"Advisor","person/drew-conway","Drew","Conway","Advisor","TeamMember"
"Advisor","person/john-brennan","John","Brennan","Board of Directors","TeamMember"
"Advisor","person/bob-obuch","Bob","Obuch","Board of Directors","TeamMember"
"Advisor","person/joe-abrams","Joe","Abrams","Board Member","TeamMember"
"Advisor","person/mike-reid","Mike","Reid","Board Member","TeamMember"
"Advisor","person/tom-neyarapally","Tom","Neyarapally","Board Member","TeamMember"
"Advisor","person/nick-efstratis","Nick","Efstratis","Board Member","TeamMember"
"Advisor","person/david-lane-2","David","Lane","Maana Advisor, Venture Capitalist","TeamMember"
"Advisor","person/tak-miyata","Tak","Miyata","Advisor","TeamMember"
"Advisor","person/roger-lee","Roger","Lee","Board Member","TeamMember"
"Advisor","person/arjuna-costa","Arjuna","Costa","Board Observer","TeamMember"
"Advisor","person/david-toth","David","Toth","Advisor","TeamMember"
"Advisor","person/jack-kudale","Jack","Kudale","Managing Director","TeamMember"
"Advisor","person/paul-ahlstrom","Paul","Ahlstrom","Board of Directors","TeamMember"
"Advisor","person/marc-r-lederman","Marc","R. Lederman","Board of Directors","TeamMember"
"Advisor","person/geoffrey-squire","Geoffrey","Squire","Board of Directors","TeamMember"
"Advisor","person/colin-hill","Colin","Hill","Board Member","TeamMember"
"Advisor","person/forest-baskett","Forest","Baskett","Board of Directors","TeamMember"
"Advisor","person/jeff-hanke","Jeff","Hanke","Scientific Advisory Board","TeamMember"
"Advisor","person/brendon-mccullum","Brendon","McCullum","Co Founder","TeamMember"
"Advisor","person/donal-smith","Donal","Smith","Board Member","TeamMember"
"Advisor","person/richard-suhr","Richard","Suhr","Director","TeamMember"
"Advisor","person/michael-wolfgramm","Michael","Wolfgramm","Board of Directors","TeamMember"
"Advisor","person/motti-vaknin","Motti","Vaknin","Board Member","TeamMember"
"Advisor","person/ted-serbinski","Ted","Serbinski","Board Observer","TeamMember"
"Advisor","person/tom-huseby","Tom","Huseby","Board Member","TeamMember"
"Advisor","person/barry-eggers","Barry","Eggers","Board Member","TeamMember"
"Advisor","person/ronil-sujan","Ronil","Sujan","Fund Advisor","TeamMember"
"Advisor","person/prasad-puranik","Prasad","Puranik","Director","TeamMember"
"Advisor","person/alireza-masrour","Alireza","Masrour","Advisor","TeamMember"
"Advisor","person/ellen-pao","Ellen","Pao","Board Member","TeamMember"
"Advisor","person/brook-byers","Brook","Byers","Board Member","TeamMember"
"Advisor","person/alan-hall","Alan","Hall","Board Advisor","TeamMember"
"Advisor","person/jane-smorodnikova","Jane","Smorodnikova","Advisor","TeamMember"
"Advisor","person/barry-x-lynn","Barry","X Lynn","Advisor","TeamMember"
"Advisor","person/don-haderle","Don","Haderle","Advisor","TeamMember"
"Advisor","person/john-kim-2","John","Kim","Board Member","TeamMember"
"Advisor","person/andy-fligel","Andy","Fligel","Maana Investor, Intel Capital","TeamMember"
"Advisor","person/jascha-kaykas-wolff","Jascha","Kaykas-Wolff","advisor","TeamMember"
"Advisor","person/marie-anne-neimat","Marie-Anne","Neimat","Advisor","TeamMember"
"Advisor","person/justin-tan-2","Justin","Tan","Board Advisor","TeamMember"
"Advisor","person/tim-wilson-2","Tim`","Wilson","Board Member","TeamMember"
"Advisor","person/john-f-olsen","John","F. Olsen","Board Member","TeamMember"
"Advisor","person/peter-sonsini","Peter","Sonsini","Board Member","TeamMember"
"Advisor","person/steven-dietz","Steven","Dietz","Board member","TeamMember"
"Advisor","person/frederick-g-thiel","Frederick","G. Thiel","Board of Directors / Advisor","TeamMember"
"Advisor","person/kent-goldman","Kent","Goldman","Board Observer","TeamMember"
"Advisor","person/salil-deshpande","Salil","Deshpande","Managing Director","TeamMember"
"Advisor","person/antonio-rodriguez","Antonio","Rodriguez","Board of Directors","TeamMember"
"Advisor","person/pranab-biswas","Pranab","Biswas","Board Member","TeamMember"
"Advisor","person/chris-lynch-2","Chris","Lynch","Board of Directors","TeamMember"
"Advisor","person/sameer-bhalotra-2","Sameer","Bhalotra","Advisor","TeamMember"
"Advisor","person/chris-mueller","Chris","Mueller","Managing Partner, Post Closing 360, LLC.","TeamMember"
"Advisor","person/hanson-li","Hanson","Li","Advisor","TeamMember"
"Advisor","person/deepak-kamra","Deepak","Kamra","Board Member","TeamMember"
"Advisor","person/mamoon-hamid","Mamoon","Hamid","Board of Directors","TeamMember"
"Advisor","person/robert-ruffolo","Robert","Ruffolo","Scientific Advisory Board","TeamMember"
"Advisor","person/matteo-genova-bocchi-bianchi","Matteo","Genova Bocchi Bianchi","advisor","TeamMember"
"Advisor","person/sam-pullara","Sam","Pullara","Technical Advisor","TeamMember"
"Advisor","person/tasneem-dohadwala","Tasneem","Dohadwala","Board Member","TeamMember"
"Advisor","person/brian-distelburger","Brian","Distelburger","Boards of Directors","TeamMember"
"Advisor","person/blair-johnson","Blair","Johnson","Director","TeamMember"
"Advisor","person/steve-lee","Steve","Lee","Advisor","TeamMember"
"Advisor","person/aldas-kirvaitis","Aldas","Kirvaitis","Board member","TeamMember"
"Advisor","person/navin-chaddha","Navin","Chaddha","Board Member","TeamMember"
"Advisor","person/vic-mahadevan","Vic","Mahadevan","Advisor","TeamMember"
"Advisor","person/benjamin-boyer-2","Benjamin","Boyer","Board Member","TeamMember"
"Advisor","person/dana-l-evan","Dana","L. Evan","Board Member","TeamMember"
"Advisor","person/eric-colson","Eric","Colson","Advisor","TeamMember"
"Advisor","person/jerry-held","Jerry","Held","Mentor","TeamMember"
"Advisor","person/donald-fischer","Donald","Fischer","Board Member","TeamMember"
"Advisor","person/les-wright","Les","Wright","Mentor","TeamMember"
"Advisor","person/john-walecka","John","Walecka","Board of Directors","TeamMember"
"Advisor","person/lucy-carter","Lucy","Carter","Advisor","TeamMember"
"Advisor","person/in-sik-rhee","In","Sik Rhee","Advisor","TeamMember"
"Advisor","person/jim-kim","Jim","Kim","Board Member","TeamMember"
"Advisor","person/marco-nespolo","Marco","Nespolo","Board Member","TeamMember"
"Advisor","person/tim-stevens","Tim","Stevens","Maana Advisor, Cloudera","TeamMember"
"Advisor","person/chris-moore","Chris","Moore","Board Member","TeamMember"
"Advisor","person/martin-gibson","Martin","Gibson","Board Member","TeamMember"
"Advisor","person/david-pottruck","David","Pottruck","Board of Directors","TeamMember"
"Advisor","person/dan-avida","Dan","Avida","Board Member","TeamMember"
"Advisor","person/adrian-fenty","Adrian","Fenty","Board Advisor","TeamMember"
"Advisor","person/steve-vassallo","Steve","Vassallo","Board Member","TeamMember"
"Advisor","person/luca-pieraccini","Luca","Pieraccini","Board Member","TeamMember"
"Advisor","person/rhonda-shantz","Rhonda","Shantz","Advisor","TeamMember"
"Advisor","person/jeff-bussgang","Jeff","Bussgang","Board Observer","TeamMember"
"Advisor","person/dr-edward-h-frank","Edward H.","Frank","Board Member","TeamMember"
"Advisor","person/rahul-sachdev-2","Rahul","Sachdev","Advisor","TeamMember"
"Advisor","person/anil-gadre","Anil","Gadre","Strategic Advisor","TeamMember"
"Advisor","person/henry-klein","Henry","Klein","Advisor","TeamMember"
"Advisor","person/justin-caldbeck","Justin","Caldbeck","Board of Directors","TeamMember"
"Advisor","person/seth-schachner","Seth","Schachner","Board Advisor","TeamMember"
"Advisor","person/ben-fu","Ben","Fu","Board of Directors","TeamMember"
"Advisor","person/matthew-howard","Matthew","Howard","Board Member","TeamMember"
"Advisor","person/max-simkoff","Max","Simkoff","Board of Directors","TeamMember"
"Advisor","person/alexander-stojanovic","Alexander","Stojanovic","Advisor","TeamMember"
"Advisor","person/dennis-worden","Dennis","Worden","Partner","TeamMember"
"Advisor","person/zach-nelson","Zach","Nelson","Board of Directors","TeamMember"
"Advisor","person/neil-zane","Neil","Zane","Senior Vice President for the Technology Partnership Development (TPD) team at Bank of America","TeamMember"
"Advisor","person/vab-goel","Vab","Goel","Board Member","TeamMember"
"Advisor","person/michael-e-lehman","Michael","E. Lehman","Board Member","TeamMember"
"Advisor","person/shirish-sathaye","Shirish","Sathaye","Board Member","TeamMember"
"Advisor","person/jit-saxena","Jit","Saxena","Board Member","TeamMember"
"Advisor","person/sterling-wilson","Sterling","Wilson","Board Member","TeamMember"
"Advisor","person/ian-browde","Ian","Browde","Advisor on Business Development","TeamMember"
"Advisor","person/michael-franklin","Michael","Franklin","Advisors","TeamMember"
"Advisor","person/stephanietilenius","Stephanie","Tilenius","Advisory Board","TeamMember"
"Advisor","person/jorgen-skavlan-dr","Jorgen","Skavlan (Dr.)","Head of Medical Advisory Board","TeamMember"
"Advisor","person/alex-goldberg","Alex","Goldberg","Board Observer","TeamMember"
"Advisor","person/jon-sakoda","Jon","Sakoda","Board Member","TeamMember"
"Advisor","person/david-spector","David","Spector","Board Observer","TeamMember"
"Advisor","person/puneet-agarwal","Puneet","Agarwal","Board Member","TeamMember"
"Advisor","person/oneal-bhambani","Oneal","Bhambani","Investor","TeamMember"
"Advisor","person/john-vigouroux","John","Vigouroux","Board Member","TeamMember"
"Advisor","person/matthew-howard","Matthew","Howard","Board","TeamMember"
"Advisor","person/gili-raanan","Gili","Raanan","Board of Directors","TeamMember"
"Advisor","person/owen-shapiro","Owen","Shapiro","Boards of Directors","TeamMember"
"Advisor","person/frank-slootman","Frank","Slootman","Strategic Advisor","TeamMember"
"Advisor","person/krishna-kittu-kolluri","Krishna "Kittu"","Kolluri","Investor","TeamMember"
"Advisor","person/keith-schaefer","Keith","Schaefer","Advisor","TeamMember"
"Advisor","person/kirill-sheynkman","Kirill","Sheynkman","Board of Directors","TeamMember"
"Advisor","person/dan-weld","Dan","Weld","Advisory Board","TeamMember"
"Advisor","person/douglas-leone","Douglas","Leone","Board Member","TeamMember"
"Advisor","person/subrata-mitra","Subrata","Mitra","Board of Directors","TeamMember"
"Advisor","person/venky-ganesan","Venky","Ganesan","Board Member","TeamMember"
"Advisor","person/simon-baker-2","Simon","Baker","Founder and Director","TeamMember"
"Advisor","person/michael-a-greeley","Michael","A. Greeley","Board member, Seed Investor","TeamMember"
"Advisor","person/pietro-nardi","Pietro","Nardi","advisory board","TeamMember"
"Advisor","person/john-danner-3","John","Danner","Board Advisor","TeamMember"
"Advisor","person/john-suh","John","Suh","Advisor","TeamMember"
"Advisor","person/hilary-mason","Hilary","Mason","Advisor","TeamMember"
"Advisor","person/andrew-gastaldello","Andrew","Gastaldello","Advisor","TeamMember"
"Advisor","person/stuart-frost","Stuart","Frost","Board Member","TeamMember"
"Advisor","person/jon-soberg","Jon","Soberg","Board Member","TeamMember"
"Advisor","person/mike-chu","Mike","Chu","Advisor","TeamMember"
"Advisor","person/brendan-wallace","Brendan","Wallace","Advisor","TeamMember"
"Advisor","person/philippe-collas","Philippe","COLLAS","Board Member","TeamMember"
"Advisor","person/duby-lachovitz","Duby","Lachovitz","Board of Directors","TeamMember"
"Advisor","person/stuart-frost","Stuart","Frost","Board Member","TeamMember"
"Advisor","person/stuart-frost","Stuart","Frost","Board Member","TeamMember"
"Advisor","person/michael-allen","Michael","Allen","Board Member","TeamMember"
"Advisor","person/ajay-agarwal","Ajay","Agarwal","Board Member","TeamMember"
"Advisor","person/mike-speiser","Mike","Speiser","Board Member","TeamMember"
"Advisor","person/ethel-chen","Ethel","Chen","Board Observer","TeamMember"
"Advisor","person/jeffrey-silverman","Jeffrey","Silverman","Board Member","TeamMember"
"Advisor","person/pietro-masera","Pietro","Masera","Board Member","TeamMember"
"Advisor","person/kevin-efrusy","Kevin","Efrusy","Board Member","TeamMember"
"Advisor","person/ulf-claesson","Ulf","Claesson","Board of Directors","TeamMember"
"Advisor","person/asher-matsuda","Asher","Matsuda","Mentor","TeamMember"
"Advisor","person/andrew-smoler","Andrew","Smoler","Board of Directors","TeamMember"
"Advisor","person/keith-rabois","Keith","Rabois","Board Member","TeamMember"
"Advisor","person/bob-grazer","Bob","Grazer","Maana Investor, Chevron Technology Ventures","TeamMember"
"Advisor","person/sanjoaquin-romero","Sanjoaquin","Romero","Advisor","TeamMember"
"Advisor","person/tom-huseby","Tom","Huseby","Fund Advisor","TeamMember"
"Advisor","person/kevin-efrusy","Kevin","Efrusy","Board Member","TeamMember"
"Advisor","person/elad-gil","Elad","Gil","Advisor","TeamMember"
"Advisor","person/rubin-gruber","Rubin","Gruber","Board of Directors","TeamMember"
"Advisor","person/john-vigouroux","John","Vigouroux","Board Member","TeamMember"
"Advisor","person/pierre-kahhale","Pierre","Kahhale","Board Member","TeamMember"
"Advisor","person/colin-hill-2","Colin","Hill","Chairman","TeamMember"
"Advisor","person/larry-ruff","Larry","Ruff","Advisor","TeamMember"
"Advisor","person/crick-waters","Crick","Waters","Advisor","TeamMember"
"Advisor","person/sean-knapp","Sean","Knapp","Advisor","TeamMember"
"Advisor","person/karen-dayan","Karen","Dayan","Board of Advisors","TeamMember"
"Advisor","person/brian-paul","Brian","Paul","Board Member","TeamMember"
"Advisor","person/rob-kelly","Rob","Kelly","Advisor","TeamMember"
"Advisor","person/jerry-neumann","Jerry","Neumann","Board Director","TeamMember"
"Advisor","person/matt-murphy","Matt","Murphy","Board of Directors","TeamMember"
"Advisor","person/eric-schadt","Eric","Schadt","Scientific Advisory Board","TeamMember"
"Advisor","person/phil-rugile","Phil","Rugile","Board Member","TeamMember"
"Advisor","person/ellen-pao","Ellen","Pao","Board of Directors","TeamMember"
"Advisor","person/mike-dolbec-2","Mike","Dolbec","Maana Investor, GE Ventures","TeamMember"
"Advisor","person/tim-guleri","Tim","Guleri","Board Member","TeamMember"
"Advisor","person/beau-laskey","Beau","Laskey","Board Member","TeamMember"
"Advisor","person/dave-treadway","Dave","Treadway","Advisor","TeamMember"
"Advisor","person/n-shivakumar","Shiva","Shivakumar","Advisor","TeamMember"
"Advisor","person/tim-porter","Tim","Porter","Boards of Directors","TeamMember"
"Advisor","person/james-hong","James","Hong","Advisor","TeamMember"
"Advisor","person/jim-lysinger","Jim","Lysinger","Adviser & investor","TeamMember"
"Advisor","person/han-kim","Han","Kim","Board of Directors","TeamMember"
"Advisor","person/ravi-mhatre","Ravi","Mhatre","Board Member","TeamMember"
"Advisor","person/fred-thiel","Fred","Thiel","Board of Directors / Advisor","TeamMember"
"Advisor","person/satish-dharmaraj","Satish","Dharmaraj","Board Member","TeamMember"
"Advisor","person/yoshiaki-sakito","Yoshiaki","Sakito","Advisor","TeamMember"
"Advisor","person/charles-versaggi","Charles","Versaggi","Advisory board","TeamMember"
"Advisor","person/christy-l-shaffer","Christy","L. Shaffer","Board of Directors","TeamMember"
"Advisor","person/mark-kvamme","Mark","Kvamme","Board Member","TeamMember"
"Advisor","person/rick-prostko","Rick","Prostko","Board Advisor","TeamMember"
"Advisor","person/alexander-stojanovic","Alexander","Stojanovic","Advisor","TeamMember"
"Advisor","person/gary-himes","Gary","Himes","Fund Advisor","TeamMember"
"Advisor","person/jim-swartz","Jim","Swartz","Board Member","TeamMember"
"Advisor","person/ben-ling","Benjamin","Ling","Board Member","TeamMember"
"Advisor","person/david-campbell-4","David","Campbell","Board Chairman","TeamMember"
"Advisor","person/chris-lu","Chris","Lu","Advisor","TeamMember"
"Advisor","person/brian-hoskins","Brian","Hoskins","Fund Advisor","TeamMember"
"Advisor","person/dror-nahumi","Dror","Nahumi","Board of Director","TeamMember"
"Advisor","person/max-shron","Max","Shron","Advisor","TeamMember"
"Advisor","person/mike-speiser","Mike","Speiser","Board Member","TeamMember"
"Advisor","person/reza-zadeh","Reza","Zadeh","Technical Advisor","TeamMember"
"Advisor","person/thorsten-heller","Thorsten","Heller","Member of the board","TeamMember"
"Advisor","person/steve-shine","Steve","Shine","Board Member","TeamMember"
"Advisor","person/h-raymond-bingham-2","H.","Raymond Bingham","Board Member","TeamMember"
"Advisor","person/steve-millard","Steve","Millard","Board of Directors","TeamMember"
"Advisor","person/ann-winblad","Ann","Winblad","Board of Directors","TeamMember"
"Advisor","person/gerald-held","Gerald","Held","Mentor","TeamMember"
"Advisor","person/geoffrey-kalish","Geoffrey","KALISH","Board Member","TeamMember"
"Advisor","person/christopher-lynch","Christopher","Lynch","board director","TeamMember"
"Advisor","person/paul-melchiorre","Paul","Melchiorre","Board Member","TeamMember"
"Advisor","person/howard-weiner","Howard","Weiner","Scientific Advisory Board","TeamMember"
"Advisor","person/asa-kalavade-2","Asa","Kalavade","Board Member","TeamMember"
"Advisor","person/philip-jager","Philip","Jager","Scientific Advisory Board","TeamMember"
"Advisor","person/terry-garnett","Terry","Garnett","Board Member","TeamMember"
"Advisor","person/richard-a-clarke","Richard","A Clarke","Chairman & CEO at Good Harbor Security Risk Management, LLC","TeamMember"
"Advisor","person/peter-relan","Peter","Relan","Chairman","TeamMember"
"Advisor","person/ravi-srinivas","Ravi","Srinivas","Fund Advisor","TeamMember"
"Advisor","person/david-j-freschman","David","J. Freschman","Board Director","TeamMember"
"Advisor","person/francois-legros","Francois","Legros","Adviser & investor","TeamMember"
"Advisor","person/gee-kin-chou","Gee","Kin Chou","Board Advisor","TeamMember"
"Advisor","person/joe-horowitz","Joe","Horowitz","Board Member","TeamMember"
"Advisor","person/trevor-hope","Trevor","Hope","Board Member","TeamMember"
"Advisor","person/brian-robins","Brian","Robins","Maana Advisor, Former CMO, SunGard","TeamMember"
"Advisor","person/frederick-g-thiel","Frederick","G. Thiel","Board of Advisors","TeamMember"
"Advisor","person/peter-grindrod","Peter","Grindrod","Board Member","TeamMember"
"Advisor","person/scott-irwin","Scott","Irwin","Board Member","TeamMember"
"Advisor","person/sergio-monsalve","Sergio","Monsalve","Board Observer","TeamMember"
"Advisor","person/bob-garrow","Bob","Garrow","Advisor","TeamMember"
"Advisor","person/stephen-fleming-2","Stephen","Fleming","Co Founder and Director","TeamMember"
"Advisor","person/joyo-wijaya","Joyo","Wijaya","Advisors","TeamMember"
"Advisor","person/vince-barrett","Tony","Ayaz","Board of Directors","TeamMember"
"Advisor","person/shmil-levy","Shmil","Levy","Board of Directors","TeamMember"
"Advisor","person/michel-haski","Michel","HASKI","Board Member","TeamMember"
"Advisor","person/makarand-jawadekar","Makarand","Jawadekar","Board Member","TeamMember"
"Advisor","person/michael-radler","Michael","Radler","Board Member","TeamMember"
"Advisor","person/debby-meredith","Debby","Meredith","Board Member","TeamMember"
"Advisor","person/thomas-rambold","Thomas","Rambold","Board Member","TeamMember"
"Advisor","person/savio-chan","Savio","Chan","Board Member","TeamMember"
"Advisor","person/blake-modersitzki","Blake","Modersitzki","board affiliations","TeamMember"
"Advisor","person/dana-stalder","Dana","Stalder","Board of Directors","TeamMember"
"Advisor","person/karl-aherne","Karl","Aherne","Commercial Innovation Advisor","TeamMember"
"Advisor","person/mohsen-moazami","Mohsen","Moazami","Investor","TeamMember"
"Advisor","person/bob-holmen","Bob","Holmen","Board of Directors","TeamMember"
"Advisor","person/gilman-louie","Gilman","Louie","Investor","TeamMember"
"Advisor","person/josh-linkner","Josh","Linkner","Board Member","TeamMember"
"Advisor","person/karen-riley","Karen","Riley","Board of Advisors","TeamMember"
"Advisor","person/john-rindlaub","John","Rindlaub","Board Member","TeamMember"
"Advisor","person/christian-rodatus","Christian","Rodatus","Investor","TeamMember"
"Advisor","person/john-jarve","John","Jarve","Board Director / Investor","TeamMember"
"Advisor","person/derek-tullett","Derek","Tullett","Advisor","TeamMember"
"Advisor","person/johan-englund","Johan","Englund","Board Member","TeamMember"
"Advisor","person/don-listwin","Don","Listwin","Board of Directors","TeamMember"
"Advisor","person/joe-krancki","Joe","Krancki","Board Observer","TeamMember"
"Advisor","person/steve-walske","Steve","Walske","Board Member","TeamMember"
"Advisor","person/greg-sands","Greg","Sands","Board Member","TeamMember"
"Advisor","person/andrew-d-firlik","Andrew","D. Firlik","Board of Directors","TeamMember"
"Advisor","person/shlomo-kramer","Shlomo","Kramer","Board","TeamMember"
"Advisor","person/marek-obuchowicz","Marek","Obuchowicz","Founder","TeamMember"
"Advisor","person/gary-reiner","Gary","Reiner","Board Director","TeamMember"
"Advisor","person/avi-zeevi","Avi","Zeevi","Board Member","TeamMember"
"Advisor","person/gokul-rajaram","Gokul","Rajaram","Advisor","TeamMember"
"Advisor","person/bill-tai","Bill","Tai","Chairman / Founding Investor","TeamMember"
"Advisor","person/david-wingate","David","Wingate","Advisory Board","TeamMember"
"Advisor","person/richard-guha","Richard","Guha","Advisor","TeamMember"
"Advisor","person/michael-kim","Michael","Kim","LP Advisory Board Member","TeamMember"
"Advisor","person/glenn-mcgonnigle","Glenn","McGonnigle","Board Observer","TeamMember"
"Advisor","person/theresia-gouw","Theresia","Gouw","Board Member","TeamMember"
"Advisor","person/rami-beracha","Rami","Beracha","Board Member","TeamMember"
"Advisor","person/david-gould","David","Gould","Board Member","TeamMember"
"Advisor","person/toshi-otani","Toshi","Otani","Board Observer","TeamMember"
"Advisor","person/rohini-chakravarthy","Rohini","Chakravarthy","Board Member","TeamMember"
"Advisor","person/richard-fearn","Richard","Fearn","Board Member","TeamMember"
"Advisor","person/michael-marasco","Michael","Marasco","Advisor","TeamMember"
"Advisor","person/michael-hubbard-2","Michael","Hubbard","Board Member","TeamMember"
"Advisor","person/ashish-gupta","Ashish","Gupta","Board of Directors","TeamMember"
"Advisor","person/ys-chi","YS","Chi","Advisor","TeamMember"
"Advisor","person/roger-haddad","Roger","Haddad","Board Chairman","TeamMember"
"Advisor","person/boaz-dinte","Boaz","Dinte","Board Member","TeamMember"
"Advisor","person/maria-sormani","Maria","Sormani","Scientific Advisory Board","TeamMember"
"Advisor","person/greg-mcadoo","Greg","McAdoo","Board Member","TeamMember"
"Advisor","person/tim-guleri","Tim","Guleri","Board member","TeamMember"
"Advisor","person/bill-harding","Bill","Harding","Board of Directors","TeamMember"
"Advisor","person/adam-grosser","Adam","Grosser","Board of Directors","TeamMember"
"Advisor","person/vibhu-mittal","Vibhu","Mittal","Advisor","TeamMember"
"Advisor","person/phil-norman","Phil","Norman","Chairman","TeamMember"
"Advisor","person/jerry-held","Jerry","Held","Advisors","TeamMember"
"Advisor","person/scott-sandell","Scott","Sandell","Board of Director","TeamMember"
"Advisor","person/steve-olechowski","Steve","Olechowski","Advisor","TeamMember"
"Advisor","person/nimrod-cohen-2","Nimrod","Cohen","Board Member","TeamMember"
"Advisor","person/hans-christian-boos","Hans-Christian","Boos","Board of Directors","TeamMember"
"Advisor","person/eric-colson","Eric","Colson","Advisor","TeamMember"
"Advisor","person/andre-m-boisvert","Andre","M. Boisvert","Board of Directors","TeamMember"
"Advisor","person/jeremy-uzan","Jeremy","Uzan","Member of the Board of Directors","TeamMember"
"Advisor","person/tim-hanlon","Tim","Hanlon","Advisor","TeamMember"
"Advisor","person/roy-thiele-sardina","Roy","Thiele-Sardina","Board Member","TeamMember"