__id,name,type
"location/linz/a563ae3d12394b87458283d765c54455","Linz","City"
"location/stavanger/448d887d1bee0a6b51bf9afadc05a838","Stavanger","City"
"location/saint-petersburg/62aa7921d33595a914ca3606fdcd56f5","Saint Petersburg","City"
"location/pavia/aae10d7e3cd9dd34fcdce1df5a32486e","Pavia","City"
"location/alexandria/b2fabbb885e6cff5c4844a9ce66fb49f","Alexandria","City"
"location/boston/9898e533996b05148cc5302f60454c02","Boston","City"
"location/saint-cloud/109d1fa0bd768dbc39b11e1cf9c31d58","Saint Cloud","City"
"location/the-netherlands/4ae9a82d35d9be0cea9d366afba8f8f0","The Netherlands","Country"
"location/denver/b0630aa148bf61a36cd018b348571ea6","Denver","City"
"location/hong-kong/ad27df91c866cb08f3b624121637bf69","Hong Kong","City"
"location/wayne/284294fd14de41184b0a7e87cf712ebc","Wayne","City"
"location/chiari/2a39cf4306a8d6490485004f2e4e8491","Chiari","City"
"location/minneapolis/90f4f57a1ecc426035372d402fcbe1bc","Minneapolis","City"
"location/cupertino/d66d4982f32de52fa88aaa07a88fe13e","Cupertino","City"
"location/perth-amboy/94478c841d938935ec4b5c8da53cd91d","Perth Amboy","City"
"location/hingham/a2b9d5d97a2c066f23e4be3b4724a5c4","Hingham","City"
"location/trivandrum/dd072c5d890e88b470eb7c380a9bfe4c","Trivandrum","City"
"location/issy-les-moulineaux/304756a14520de1ca92bf091299318f1","Issy-les-moulineaux","City"
"location/charlotte/7e6e1c52039c04cd9e98ea05bed9f66b","Charlotte","City"
"location/den-haag/bc682c5bda13687794d89da026fde03b","Den Haag","City"
"location/são-paulo/f8a963b5dd72cf5241d7819da740ac5e","São Paulo","City"
"location/heidelberg/548bd517fc1a669c7c65a5ebf2a12cc4","Heidelberg","City"
"location/beaverton/bed45f0ce6cdc23ed230e402ec097919","Beaverton","City"
"location/boulder/e208d0e61b9bcf1116e75feddc832cb5","Boulder","City"
"location/san-juan-capistrano/6a376457f19db2c52dd869ceed25513e","San Juan Capistrano","City"
"location/new-orleans/aa205b3bc09ee2190438b569dcd37bd2","New Orleans","City"
"location/paris/5805284c00a4f0aab8115843398ff2bb","Paris","City"
"location/naperville/24741860f904395b7eda88e5cb9f321c","Naperville","City"
"location/whitefield/ca19b53e16956e84d548cd6263a04292","Whitefield","City"
"location/concord/fbc3f9ca0558bcc8ac72225708f54f75","Concord","City"
"location/denmark/f593ac31624a2ccda203ddb04c319a79","Denmark","Country"
"location/turkey/1fbde7a3631380bfb2e3235b44a89699","Turkey","Country"
"location/bulgaria/dc0f5a36f65b2a3e43317ef52916d4a6","Bulgaria","Country"
"location/hong-kong/ed443fa6a2c69f9c281a9172fc2f0c71","Hong Kong","Country"
"location/oulu/acfbe77f34a7b6c82b979188b38955ce","Oulu","Region"
"location/malopolskie/1df2bc6567f715cd4316e0f3ae88d361","Malopolskie","Region"
"location/rogaland/c95ccb3222ddbfd141d04f11a5208059","Rogaland","Region"
"location/halton/aafd7b654d132a74be72d434f5a3a145","Halton","Region"
"location/virginia/ba972fec7acf7c8443161ab2425cc6be","Virginia","Region"
"location/pennsylvania/45f8ca9499bf3a2d795f3c1e74072327","Pennsylvania","Region"
"location/karnataka/cd79504e3c0a954fa3c6094f46c0d524","Karnataka","Region"
"location/nuevo-leon/3bc614597ab5576ff79d964beaf24a5a","Nuevo Leon","Region"
"location/arizona/a7afe60f35b618145d3efb86c05d2593","Arizona","Region"
"location/moscow-city/ec3a0cfc29f596541f234f8f9f593c71","Moscow City","Region"
"location/british-columbia/7eaa00725485a02b26f4cc2df1ea8f34","British Columbia","Region"
"location/oberosterreich/75166eb029ad75183d4ad3a0ff6545ce","Oberosterreich","Region"
"location/wien/6f11ce94c714f7f47cbe6cc58e8d36f4","Wien","Region"
"location/bayern/eec7d129cacaeeae1bd7d8449e855904","Bayern","Region"
"location/saint-petersburg-city/1cc9ee6afec3ec4bc318dd4bb2964f90","Saint Petersburg City","Region"
"category/mobile advertising/03f72e37791c2a02cc323a202dbaab3e","Mobile Advertising","Category"
"category/market research/119ffa052231044ca99ae9b030897dd4","Market Research","Category"
"category/public relations/d421318148a9dd5010ff32dd5a33e29f","Public Relations","Category"
"category/infrastructure/9fe4b69285863baa84a49ccf4d6eb0fa","Infrastructure","Category"
"category/sustainability/e391c491c09da04eb5b657aa8b8d0fc6","Sustainability","Category"
"category/developer ap-is/371b7b2c75fb9c0017785a24bed20453","Developer APIs","Category"
"category/smart building/c7ab2c73e46f0f40afe0eb6182949b41","Smart Building","Category"
"category/neuroscience/e37ada49ab155e460a49f0ce1a3c9128","Neuroscience","Category"
"category/web design/dd82e300d88587dd148b419b21c14cc9","Web Design","Category"
"category/gamification/af922a55ff56771ab9b506c1284ef0c8","Gamification","Category"
"category/finance/ae5718dc8602c733e62b28e6167091ad","Finance","Category"
"category/wind/e71962dd9b688f8e51768bb1a75c20cd","Wind","Category"
"category/mobile/e907cf2a842d8a30a0b107d9de4a8178","Mobile","Category"
"category/semantic search/bb1777e525f3b9f2922b0d5defe0d5bb","Semantic Search","Category"
"category/legal/b1234a830ad1c131b78881f8eb48c35e","Legal","Category"
"category/paa-s/a402e198e69beda224540bd8c09fd0df","PaaS","Category"
"category/colleges/017264c236628bc865080ec59dbef3b2","Colleges","Category"
"category/energy efficiency/e643b2684da38a4ac1ffae941d27b779","Energy Efficiency","Category"
"category/communications infrastructure/f283d492b4e4703f1270783173e63eef","Communications Infrastructure","Category"
"category/energy/0ff04f3a4264226a9c03a481554b637d","Energy","Category"
"category/development platforms/1abbfcc10244a04b59dd58cd3e1eeaef","Development Platforms","Category"
"category/algorithms/0f66731c34f034944783a59a5d239c66","Algorithms","Category"
"category/transportation/95642ff023e979a3612b50de99f06305","Transportation","Category"
"category/software/c08b5441a05b9777b7a6012728caddd9","Software","Category"
"organization/bigdata-sg","Bigdata.sg","Organization"
"organization/big-inja","Big Inja","Organization"
"organization/auralytics","Auralytics","Organization"
"organization/atigeo","Atigeo","Organization"
"organization/karmadata","karmadata","Organization"
"organization/inkiru","Inkiru","Organization"
"organization/hitfox-group","HitFox Group","Organization"
"organization/gridgain-systems","GridGain Systems","Organization"
"organization/graphdive","Graphdive","Organization"
"organization/ginger-io","Ginger.io","Organization"
"organization/zoomdata","Zoomdata","Organization"
"organization/zetdata","ZetData","Organization"
"organization/wandisco","WANdisco","Organization"
"organization/transera-communications","Transera Communications","Organization"
"organization/streamdrill","Streamdrill","Organization"
"organization/sparql-city","Sparql City","Organization"
"organization/sourcethought","SourceThought","Organization"
"organization/sidecar","Sidecar","Organization"
"organization/recopick","RecoPick","Organization"
"organization/rating-vc","Rating VC","Organization"
"organization/chiliad","Chiliad","Organization"
"organization/flydata","FlyData","Organization"
"organization/engineroom-io","EngineRoom.io","Organization"
"organization/edureka","edureka!","Organization"
"organization/dna-bits","DNA.Bits","Organization"
"organization/nexgence","Nexgence","Organization"
"organization/massive-analytic","Massive Analytic","Organization"
"organization/market-atlas","Market Atlas","Organization"
"organization/map-d","MapD","Organization"
"organization/lhsg","LHSG","Organization"
"organization/kitenga","Kitenga","Organization"
"organization/rairth","Rairth","Organization"
"organization/radoop","Radoop","Organization"
"organization/quarryio","QuarryIO","Organization"
"organization/nube-technologies","Nube Technologies","Organization"
"organization/multi-directional-big-data-search","Multi-Directional Big Data Search","Organization"
"organization/sinequa","Sinequa","Organization"
"organization/vc-experts","VC Experts","Organization"
"organization/conflictbase","ConflictBase","Organization"
"organization/beyond-media-global","Beyond Media Global","Organization"
"organization/bright-computing","Bright Computing","Organization"
"organization/tumra","TUMRA","Organization"
"organization/packetloop","Packetloop","Organization"
"organization/velocidata","VelociData","Organization"
"organization/learnsprout","LearnSprout","Organization"
"organization/katalyo","Katalyo","Organization"
"organization/getbulb","GetBulb","Organization"
"organization/filmijob","Filmijob","Organization"
"organization/wegowise","WegoWise","Organization"
"organization/chiprix","Chiprix","Organization"
"organization/superganadero","SuperGanadero","Organization"
"organization/joyent","Joyent","Organization"
"organization/echovoice","Echovoice","Organization"
"organization/granify","Granify","Organization"
"organization/fbs-data-systems","FBS Data Systems","Organization"
"organization/pine-biotech","Pine Biotech","Organization"
"organization/giant-oak-inc","Giant Oak, Inc","Organization"
"organization/deep-information-sciences-inc","Deep Information Sciences, Inc.","Organization"
"organization/quintelligence","Quintelligence","Organization"
"organization/altoros-systems","Altoros","Organization"
"organization/hexanika","Hexanika - Big Data & Cloud Computing","Organization"
"organization/niche-skills","Niche Skills","Organization"
"organization/datainsight-io-2","Datainsight.io","Organization"
"organization/yodil","YODIL","Organization"
"organization/leanxcale","LeanXcale","Organization"
"organization/branchbird","Branchbird","Organization"
"organization/intersec","Intersec","Organization"
"organization/cambridge-computers","Cambridge Computers","Organization"
"organization/pialgo-technologies","piALGO Technologies","Organization"
"organization/a16e","A16E","Organization"
"organization/queryio","QueryIO","Organization"
"organization/0xdata","H2O.ai","Organization"
"organization/dazo","Dazo","Organization"
"organization/comprinno-technologies-pvt-ltd","Comprinno Technologies Pvt. Ltd.","Organization"
"organization/context-relevant","Context Relevant","Organization"
"organization/typesafe","Typesafe","Organization"
"organization/marklogic","MarkLogic","Organization"
"organization/iqlect","IQLECT","Organization"
"location/indianapolis/ff711cdf1efb8c3240269010831851f0","Indianapolis","City"
"location/greenwich/25b3513d72340b71ca8e8e61e99c6516","Greenwich","City"
"location/colombo/173802ba08b1c43e048fa309a7e57e7a","Colombo","City"
"location/buenos-aires/0db4708f6b65e5e7b7745b7afb010a52","Buenos Aires","City"
"location/yoqne`am-`illit/35017bdc1a96b3b50f19f26bd7f2785b","Yoqne`am `illit","City"
"location/martinsburg/986d8fe194a534b3b657d7fdc46d64f7","Martinsburg","City"
"location/durham/d40c22e55e7877072d64179990cb6e5e","Durham","City"
"location/mexico-city/01394be19ab607ca91466b8db8add1b5","Mexico City","City"
"location/mountain-view/37bfe551197e02269a805d7bec8a50dd","Mountain View","City"
"location/salt-lake-city/b70a7ae026469643dce0d0a466fae009","Salt Lake City","City"
"location/foster-city/ab4b0e4c35a44fa78c1f24119c0c3b71","Foster City","City"
"location/waltham/02f71c8f3589b9dad8b3b1ad1bc9b93a","Waltham","City"
"location/silkeborg/874001ff81eabf6bc589e9544cc71205","Silkeborg","City"
"location/kraków/e6f7e23752e16e77e61d6a0bcca9e853","Kraków","City"
"location/nijmegen/3bb05a66e63525f4eb62cc9a0227f536","Nijmegen","City"
"location/warsaw/b29e2fa90ce08f156102ec95533cc2f2","Warsaw","City"
"location/bellevue/16de61784c1e71790417afcd95455952","Bellevue","City"
"location/burlington/c9b689b454a941e2a1fee37bd231f297","Burlington","City"
"location/sunnyvale/7a65a1f399dedb83a98171b9e0062ba1","Sunnyvale","City"
"location/gloucester/03353d7409c24e46d3269e6e7b106b2d","Gloucester","City"
"location/missoula/f8dfaa113e313ba593ce62ca76fdff40","Missoula","City"
"location/san-ramon/c09b96f423df7d1f9dffb261d0f951a9","San Ramon","City"
"location/redmond/080346babe33f84d4ae501037d0f2794","Redmond","City"
"location/brooklyn/8de855d7a2b8d2d97336072abcf1abe1","Brooklyn","City"
"location/jersey-city/5ef3a9223fccc603858b5fa5f7772044","Jersey City","City"
"location/saint-albans/a45fa971ff514c3b86736657f31507bc","Saint Albans","City"
"location/tokyo/127ba62dd40a3d1242c0e606f9fa9440","Tokyo","City"
"location/cambridge/46d953abbf0c0fd1c375f151b78542a0","Cambridge","City"
"location/wayland/95f2833781359173bc270ad34af3f826","Wayland","City"
"location/fremont/48f72e7d371d76a7b331b5051d6fec87","Fremont","City"
"location/irving/d248f640a8aa63e7f70ceb5828a27d7f","Irving","City"
"location/pune/2c69941daa1ea666db3cb74f2029ae62","Pune","City"
"location/france/f134827e36a1fd31a82f950489e103ef","France","Country"
"location/slovenia/db0f595acc1df555b312257699ae4488","Slovenia","Country"
"location/japan/e2781ac6611b376afc7dddec670c3d94","Japan","Country"
"location/italy/9dd7a8c57b7f778590f4fed17fa5a6ff","Italy","Country"
"location/israel/ab89e1a9013f82613b5f60487350334d","Israel","Country"
"location/bangladesh/fec70eca1ea01ea92bdcfc27d4933574","Bangladesh","Country"
"location/canada/1b3d6217ec761b13c47aaca49b466a2c","Canada","Country"
"location/mexico/308f292714b4d2d6be551d9ccab8426e","Mexico","Country"
"location/hamburg/1de0f40c7614285864b6a2dc1547f303","Hamburg","Region"
"location/utah/08b3ad58fc22d6a915c6be18a87af313","Utah","Region"
"location/shanghai/ab1a28e29effd1ef694c666195fc75df","Shanghai","Region"
"location/andhra-pradesh/1f3abd8200a656c56dd94c5fff22ef8f","Andhra Pradesh","Region"
"location/baden-wurttemberg/635e079b43d8c89d403a7fbc14055f8b","Baden-Wurttemberg","Region"
"location/vilniaus-apskritis/12763865f08ce400bdcc4ca092bc9b6f","Vilniaus Apskritis","Region"
"location/catalonia/d1cdb4c43409cf3a48f6e6777c6b4663","Catalonia","Region"
"location/washington/86caa7e091fbce586e4cd58e799dd2bd","Washington","Region"
"location/zuid-holland/f8fcab7700143f74127aba52d3f1fa68","Zuid-Holland","Region"
"location/piemonte/b94a23b569215aba9f653e4177e7bfc3","Piemonte","Region"
"location/missouri/51a065b805d51a283fcd1ad143f1f725","Missouri","Region"
"location/toscana/62b96df34eb6257b98744641e62058ae","Toscana","Region"
"location/texas/54e9e76a1847d13700a7ed1aab624b78","Texas","Region"
"category/social commerce/c77bac1a9f41625cfa426702d0b27783","Social Commerce","Category"
"category/virtualization/eb60e5da548dc2983a9206c15a2c89eb","Virtualization","Category"
"category/natural language processing/789bbbefc46e1532a68df17da87090ea","Natural Language Processing","Category"
"category/maps/1799d5450307e015caedbbf2fed97116","Maps","Category"
"category/business information systems/9017245c89859a74e8550219d5ce56a3","Business Information Systems","Category"
"category/hospitality/e7d8b7cac72b77935a6d2801f6a0e8ee","Hospitality","Category"
"category/utilities/9c07a519958e5e9e5a90484963314066","Utilities","Category"
"category/health and wellness/db6cbd45de80ded4bb3a12d9d5d1e2f8","Health and Wellness","Category"
"category/security/4c6005cd347635d2ceabb7d4f1d89e8b","Security","Category"
"category/m2-m/f4f41ad7adf4e9e2bec2ced12a75267e","M2M","Category"
"category/direct marketing/9b7bff94c36cb8d4878969670454fe84","Direct Marketing","Category"
"category/new technologies/dbf5f943c4627c0ee299acaf62022536","New Technologies","Category"
"category/enterprise search/d629591a4c180b5f0afbfeb56c6bd6e8","Enterprise Search","Category"
"category/fashion/d1a166b52c1e757cb08e6e5b7962e944","Fashion","Category"
"category/social media/5349a2f214d89727c32a19ebea5db78c","Social Media","Category"
"category/machine learning/5ea0cdb7c9a647fc50f8c9b0fac04863","Machine Learning","Category"
"category/social network media/bbd74a82d6bf3287b8db4e9bd2bcd015","Social Network Media","Category"
"category/location based services/b94dffa8e39f1a70ef05451d1b29fb20","Location Based Services","Category"
"category/consulting/b9bd65b920bf45cc207db70ac35d5bf4","Consulting","Category"
"category/smart grid/ef901c9fde7f74113d790f62c6b22e44","Smart Grid","Category"
"category/venture capital/b37dbaebc825e6a036de84556a5d2e1f","Venture Capital","Category"
"category/services/d237b69050a31326264a134e13d66c31","Services","Category"
"category/web hosting/56483f2d3a3570be7b8024c5bad5f1b8","Web Hosting","Category"
"organization/base-crm","Base CRM","Organization"
"organization/aureus-analytics","Aureus Analytics","Organization"
"organization/1010data","1010data","Organization"
"organization/here2shop","Here2Shop","Organization"
"organization/greencloud","GreenCloud","Organization"
"organization/gig-lovers","Gig Lovers","Organization"
"organization/zendrive","Zendrive","Organization"
"organization/vital-ai","Vital AI","Organization"
"organization/twimpact","TWIMPACT","Organization"
"organization/terracota","Terracotta","Organization"
"organization/stormsplitter","STORMSPLITTER","Organization"
"organization/splice-machine","Splice Machine","Organization"
"organization/sematext-international","Sematext Group","Organization"
"organization/seecontrol","SeeControl","Organization"
"organization/databricks","Databricks","Organization"
"organization/cognitum","Cognitum","Organization"
"organization/cognitive-electronics","Cognitive Electronics","Organization"
"organization/feedzai","Feedzai","Organization"
"organization/decisive-data","Decisive Data","Organization"
"organization/misakai","Misakai","Organization"
"organization/meteo-logic","Meteo-Logic","Organization"
"organization/marinexplore","Planet OS","Organization"
"organization/mammothdb","MammothDB","Organization"
"organization/machinepulse","MachinePulse","Organization"
"organization/predikt","Predikt","Organization"
"organization/gridcure","GridCure","Organization"
"organization/osprey-data","Osprey Data","Organization"
"organization/onespin-solutions","OneSpin Solutions","Organization"
"organization/okkam","OKKAM","Organization"
"organization/optier","OpTier","Organization"
"organization/bdf","BDF","Organization"
"organization/ingrapher","InGrapher","Organization"
"organization/quarizmi-adtech","Quarizmi AdTech","Organization"
"organization/concurrent-inc","Concurrent Inc","Organization"
"organization/thunder-campaign-2","Thunder Campaign","Organization"
"organization/glen-hills-group-llc","Glen Hills Group LLC","Organization"
"organization/cept-systems","cortical.io","Organization"
"organization/xockets","Xockets","Organization"
"organization/cr-x","CR-X","Organization"
"organization/riafy-technologies","Riafy Technologies","Organization"
"organization/channelmeter","ChannelMeter","Organization"
"organization/nflabs","NFLabs","Organization"
"organization/justone-database-inc","JustOne Database Inc.","Organization"
"organization/zhongan","ZhongAn","Organization"
"organization/bigdatagroup","BigDataGroup","Organization"
"organization/parstream","ParStream","Organization"
"organization/askstory","AskStory","Organization"
"organization/carfeine","Carfeine","Organization"
"organization/korekontrol","KoreKontrol","Organization"
"organization/openwhere","OpenWhere","Organization"
"organization/boston-big-data-summit","Boston Big Data Summit","Organization"
"organization/connective-technology","Connective","Organization"
"organization/content-savvy","Content Savvy","Organization"
"organization/rising-tide-fund","Rising Tide Fund","Organization"
"organization/paradigma-tecnologico","Paradigma Tecnologico","Organization"
"organization/numedii","NuMedii","Organization"
"organization/gpnx","GPNX","Organization"
"organization/deducere","Deducere","Organization"
"organization/lucky-sort","Lucky Sort","Organization"
"organization/analytixlabs","AnalytixLabs","Organization"
"organization/lift12","LIFT12","Organization"
"organization/ufaber","uFaber","Organization"
"organization/nuoctave-inc","nuOctave","Organization"
"organization/xintu-shuju","Xintu Shuju","Organization"
"organization/northbay-solutions","NorthBay Solutions","Organization"
"organization/infogami","Infogami","Organization"
"organization/cloudbash","cloudbash","Organization"
"organization/zauber","Zauber","Organization"
"organization/smartdrive","SmartDrive","Organization"
"organization/paraccel","ParAccel","Organization"
"location/weston/e4bdae9c75dbcbf0e1a957cb25e6a767","Weston","City"
"location/johannesburg/0aee240d6f054b1c082eb883d14424f7","Johannesburg","City"
"location/erode/8c1f0ebd1457a60afff049d58b86b94e","Erode","City"
"location/wellington/f4f2916efca76ad36e9b162df1bc5ef1","Wellington","City"
"location/cape-town/68e6d0142bd7ad5040a043b8ccb16092","Cape Town","City"
"location/pozuelo-de-alarcón/10cf3123ac43407b2e02d6383f1320ef","Pozuelo De Alarcón","City"
"location/santa-clara/3fce50c4f3f9793d2f503fc145585090","Santa Clara","City"
"location/edmonton/98b651d546a40cf42aba8d7a3acd72ef","Edmonton","City"
"location/norwich/6cae9cb2712243f20c84fddda40a50c5","Norwich","City"
"location/bratislava/06c0026588e072c1c1c9c4857b706760","Bratislava","City"
"location/budapest/e0f94cce38aa3bd0949504fc0cabd5a9","Budapest","City"
"location/newton/4e0bfc9b9b1b9149e82d7d54b231e1fa","Newton","City"
"location/philadelphia/95b491b04d31678eb347b749f26d631b","Philadelphia","City"
"location/northbrook/76c70a6573f951bf296e50ea6cdfd24a","Northbrook","City"
"location/campinas/b0641306d7492d9c9e38bf2b333fa566","Campinas","City"
"location/monterrey/7268daaa389dc194116579bac2ff0617","Monterrey","City"
"location/tallinn/43fb1c8817b18aa6b9ac42c0fea70f41","Tallinn","City"
"location/quarry-bay/db6a296dbd3b6e5494ee58715e9d6d7e","Quarry Bay","City"
"location/san-carlos/39b9b02a90f8939b51205ca52ce75721","San Carlos","City"
"location/lebanon/13a6d1f51e40525d1e34c65a44723c88","Lebanon","City"
"location/oslo/755ee4e5dea64a4d23458583a75e4e81","Oslo","City"
"location/menlo-park/1f8abfef5379b26b702005a09908492f","Menlo Park","City"
"location/chicago/efdad00df2c68036f66eefdcaecaafa7","Chicago","City"
"location/barcelona/eead2c0cb178ad334e6d6c813c955e99","Barcelona","City"
"location/galway/71e2a6f4d626ae965e24c3df5e83fda1","Galway","City"
"location/ljubljana/daf758bcf17403d5c0b1dca000c93237","Ljubljana","City"
"location/croatia/a8d0a2f93ebc10a3d2ff26649e25d717","Croatia","Country"
"location/estonia/c0771ac645dc7060e8e54fad1098f695","Estonia","Country"
"location/czech-republic/47657b8e1cd486b2fdfea4c56f96bfd7","Czech Republic","Country"
"location/spain/3f66b02a78e2aca02da4e7e1eed94671","Spain","Country"
"location/switzerland/078d9679a86202a257c88337e9a1eec8","Switzerland","Country"
"location/norway/9ae73d3796ed28a846eaf52b26a2f97d","Norway","Country"
"location/midland/4bf3768de0087fed039ad54301392bc1","Midland","Region"
"location/gujarat/2ba26804a4961c95acd6fd0dc8a8ae87","Gujarat","Region"
"location/manitoba/f2dd9f1b988f73cc0f03e21efce42e34","Manitoba","Region"
"location/bratislava/8016af4615d75d325edc976f622e19f4","Bratislava","Region"
"location/district-of-columbia/f54a6bb57ddf98f79b0864348cedd3fd","District of Columbia","Region"
"location/goias/67e256f32b823cf1ed34a2cb33b04014","Goias","Region"
"location/norfolk/143e4e5fcb4a164a3ea76673d40a87f5","Norfolk","Region"
"location/berlin/dcc0539e638afda2022907d53b4e96a9","Berlin","Region"
"location/vastra-gotaland/e733771a8d9514a91e9c95998ee0c789","Vastra Gotaland","Region"
"location/ile-de-france/104bf8833a6103f9b51aba1d9a4d2c62","Ile-de-France","Region"
"location/budapest/21c66403d359d2ce88275180dd5f0664","Budapest","Region"
"location/new-south-wales/77c6ba3a1ceb046a4567fc3d755c2d79","New South Wales","Region"
"location/alberta/2b5d0cba91fe88fac9457658a34d2a10","Alberta","Region"
"location/ontario/452160a8eaea9fb811fe78c5935ec12e","Ontario","Region"
"location/new-york/83ead471332bd02e67b767279aed075b","New York","Region"
"location/madrid/9a50db39921ac06fc84ee84084c94381","Madrid","Region"
"location/gelderland/bb0cf1184e3bace41b2faf49b3244705","Gelderland","Region"
"location/greenwich/882e65caf7ed7e6e0ed9c4ea478e2bfd","Greenwich","Region"
"category/twitter applications/ece4daebaadd47cff72e1638f55518ad","Twitter Applications","Category"
"category/ticketing/66be03e05dabb8811c030a249714bf56","Ticketing","Category"
"category/i-os/6e028126f8aeecdb9bd42c4c1569084f","iOS","Category"
"category/e-commerce platforms/c2ddf939d1f3bd05c43622c0f3cdcb4b","E-Commerce Platforms","Category"
"category/internet marketing/9b217660b6cd0dc65723521f7f23f537","Internet Marketing","Category"
"category/ediscovery/98200a732ba50e0c74adf9c1140cb2f4","Ediscovery","Category"
"category/information services/f579213a60af8bb3309b1d80607ad2a9","Information Services","Category"
"category/network security/05ce599519d07c15f4c719fb5c641c33","Network Security","Category"
"category/water/1efce9008f684c05f18baa6ee273dcde","Water","Category"
"category/crowdfunding/5ada59d6cc9e97c49deabed9f472100b","Crowdfunding","Category"
"category/graphics/c42c6f82b5465f37820fda570f51f056","Graphics","Category"
"category/business analytics/2eecf11d5b07d3d2a042643c5025e4ec","Business Analytics","Category"
"category/data security/aab9cbf1095045d81f4a747a6d0173df","Data Security","Category"
"category/mobile commerce/d21ea2937b41bcfe4bf7df25b573cc1c","Mobile Commerce","Category"
"category/artificial intelligence/c4d8caf35fe7359bf9f22d708378e4ee","Artificial Intelligence","Category"
"category/high tech/40e6d302c836892c85c9addeb69b654d","High Tech","Category"
"category/restaurants/51385655f802346b045df44f461989fc","Restaurants","Category"
"category/financial services/90b4194f1d4fff5cd7a66b6f32ae4892","Financial Services","Category"
"category/hardware + software/6826312c814aadc750ab9de1e9bd1999","Hardware + Software","Category"
"category/enterprises/2397e6774223ced07231fe0b643204f9","Enterprises","Category"
"category/business intelligence/2e3b8104b12e468a65b80989208f0b16","Business Intelligence","Category"
"category/advertising/6cb685372de1b0412ee5451ff81bccab","Advertising","Category"
"category/discounts/4ff1841b360e876b8a8cd5abc6f3471b","Discounts","Category"
"category/ad targeting/3b1e863370a50f3eacbda5faa1c7b363","Ad Targeting","Category"
"category/social media monitoring/ddb373846651f1621125a8cb55a7b8b9","Social Media Monitoring","Category"
"category/analytics/99c5404c0ff58ee5d3344b944ddb8cd9","Analytics","Category"
"category/energy management/3d95d448d63ec411769b9aa1321cc7a6","Energy Management","Category"
"category/search/0d39287e5b1377a6970274294daded43","Search","Category"
"category/web development/292d82c553819717827f3122ee792e71","Web Development","Category"
"category/construction/e4d83fbb33f0a6f01399a68245e8f8ac","Construction","Category"
"category/kids/3a3131dbe7b7a991fd5f5f1f7f5898bf","Kids","Category"
"category/technology/a596ac1954dc8da4ff04aad8d0861082","Technology","Category"
"category/curated web/c87f19a05bd9c7c6e379ca118f49aa4e","Curated Web","Category"
"category/open source/eb80816d769eb2dce9b4b6399e8c498e","Open Source","Category"
"organization/bigcalc","BigCalc","Organization"
"organization/bi-cloud","BI Cloud","Organization"
"organization/bayes-impact","Bayes Impact","Organization"
"organization/altilia","ALTILIA","Organization"
"organization/9-plus-studio","9+","Organization"
"organization/1-enterprise","1-Enterprise","Organization"
"organization/jtdk","JTDK Corporation","Organization"
"organization/iterative","Iterative","Organization"
"organization/heuritech","Heuritech","Organization"
"organization/gruter","Gruter","Organization"
"organization/xplenty","Xplenty","Organization"
"organization/willow","Willow","Organization"
"organization/wikiaboutme","Wikiaboutme","Organization"
"organization/vevanto-llc","Vevanto LLC","Organization"
"organization/tykli","Tykli","Organization"
"organization/two-sigma-investments","Two Sigma Investments","Organization"
"organization/thasos-group","Thasos Group","Organization"
"organization/style-sage","Style Sage","Organization"
"organization/chalet-tech","Chalet Tech","Organization"
"organization/bigdatawatcher","BigDataWatcher","Organization"
"organization/filmaking","Filmaking","Organization"
"organization/digital-h2o","Digital H2O","Organization"
"organization/digital-document-management","Digital Document Management","Organization"
"organization/designmind","DesignMind","Organization"
"organization/monad-corporation","Monad Corporation","Organization"
"organization/metaps","Metaps","Organization"
"organization/memsql","MemSQL","Organization"
"organization/malhar","Malhar","Organization"
"organization/pymetrics","Pymetrics","Organization"
"organization/perceivant","Perceivant","Organization"
"organization/volexity","Volexity","Organization"
"organization/khresearch","KHResearch","Organization"
"organization/big-data-elephants","Big Data Elephants","Organization"
"organization/dynatrace-software","dynaTrace software","Organization"
"organization/querysurge","QuerySurge","Organization"
"organization/innuy-python-django-development-big-data-solutions-back-end-components","Innuy","Organization"
"organization/flutura-solutions","Flutura Solutions","Organization"
"organization/reach-ventures","Reach Ventures","Organization"
"organization/kognitio","Kognitio","Organization"
"organization/big-data-partnership","Big Data Partnership","Organization"
"organization/syoncloud","Syoncloud","Organization"
"organization/data-elite","Data Elite","Organization"
"organization/synerscope","Synerscope","Organization"
"organization/teleran-technologies","Teleran Technologies","Organization"
"organization/crichq","CricHQ","Organization"
"organization/maana","Maana","Organization"
"organization/moneylion","MoneyLion","Organization"
"organization/akuda-labs","AKUDA LABS","Organization"
"organization/maporama-solutions","Maporama Solutions","Organization"
"organization/treasure-data","Treasure Data","Organization"
"organization/salespredict","SalesPredict","Organization"
"organization/quicklogix","QuickLogix","Organization"
"organization/canceriq","CancerIQ","Organization"
"organization/being-guided","Being Guided","Organization"
"organization/spyglass-technologies","Spyglass Technologies","Organization"
"organization/roundforest-ltd","Roundforest","Organization"
"organization/riverlog-software-consulting-advisory-services","RiverLog Software Consulting & Advisory Services","Organization"
"organization/predilytics","Predilytics","Organization"
"organization/ebureau","eBureau","Organization"
"location/santa-monica/f38eecd93079f0404849ef0d7d2023a6","Santa Monica","City"
"location/conshohocken/9665f15b5ac469b013e0406453b95983","Conshohocken","City"
"location/miami/3f15b36801239fe142228cf9a77afa6c","Miami","City"
"location/solana-beach/733b6b865a75afa91f65cd9a47bd697d","Solana Beach","City"
"location/south-jordan/0b686e6a4ed25ac4163dfa17a3805ac5","South Jordan","City"
"location/montpellier/2ab3ec9630366b16d3b06c42aa05f3fa","Montpellier","City"
"location/copenhagen/c0723e0a84b4231e3cf7f3be235af6d4","Copenhagen","City"
"location/kochi/7bc703ac01d5253b96eac0026bfd2f79","Kochi","City"
"location/houston/a285cc34a72e40c59da3a85aef78a67e","Houston","City"
"location/moscow/2e267c0c58ace44e018dd3f60f725bcb","Moscow","City"
"location/portland/4670e668ee9346b21654699378136d1d","Portland","City"
"location/herndon/178250d1f67539c6ebed8466bb8799e9","Herndon","City"
"location/san-jose/1a36817cb0a6fbd1a2be3fb7e4900331","San Jose","City"
"location/grand-cayman/9ca2b8f62cb1b0ae2fc6d34a6a4949b3","Grand Cayman","City"
"location/ramat-gan/0ffb2937abcc64063159aca02877f457","Ramat Gan","City"
"location/melbourne/de341e15e8667e8a7709a364964e99eb","Melbourne","City"
"location/santiago/5786c1ef0da8f1f8e1bd21ed9b12e171","Santiago","City"
"location/trento/e145bc7550c4f3f199e11f96189c2cc8","Trento","City"
"location/portsmouth/ff1f526fb91c7252837caa40c336dc8e","Portsmouth","City"
"location/park-city/fae159f384936f1c72f9c84457b12d88","Park City","City"
"location/istanbul/6618468699ba3fd26be7c4a96c04812a","Istanbul","City"
"location/campbell/7d69548ea03d5d877fa5baeefc0c26ca","Campbell","City"
"location/torino/e540585cba29b54ba04e7f648ff0d08a","Torino","City"
"location/sofia/02ace54f847a84db5de337baff0ab0b9","Sofia","City"
"location/munich/6469af1b6dbf1e9e17d9e4f39a86aa95","Munich","City"
"location/south-korea/2744d40afc3325359a3eded185736fd1","South Korea","Country"
"location/sydney/cb843159b286d32003a7ce36d6764f21","Sydney","City"
"location/athens/7413a57ec3b98ec4f37b7816075385ed","Athens","City"
"location/singapore/9751cba11f7dc51b7a29d5a2e2985599","Singapore","City"
"location/philadelphia/698b65084dd1dd96129532e7006adcff","Philadelphia","City"
"location/seattle/d3d408384bbbb09438656c4cf9970090","Seattle","City"
"location/leipzig/d7fd324c391bb40ac80885db9ee80431","Leipzig","City"
"location/manchester/b391bc369fa3b62a2f0f9040911549b7","Manchester","City"
"location/langbroek/79fbc671400dd83ce507d4d745005352","Langbroek","City"
"location/southlake/1f1c74ac2df76440c595d7f559d51981","Southlake","City"
"location/mumbai/08cc18c484551e1a38710c5e64cfacc7","Mumbai","City"
"location/germany/6085b4bfb18a1763a04efdde3f6aba94","Germany","Country"
"location/hungary/d4455190161ad2beffea4b358ec17237","Hungary","Country"
"location/taiwan/d5afe574ead5aef342821618e3c96832","Taiwan","Country"
"location/malaysia/7511eff7fd0a1443c8ad6144eadcb1d8","Malaysia","Country"
"location/ireland/1944e9da82b4819038c0014fef22e2ef","Ireland","Country"
"location/sri-lanka/06614613c308ec630239a830a2c9bc1b","Sri Lanka","Country"
"location/rhode-island/0b4dddee615bed9bbdfc79d89322881d","Rhode Island","Region"
"location/sheffield/4f7f6200b0a55570aeb67934915668dd","Sheffield","Region"
"location/nordrhein-westfalen/ceb06994fd1b5093dc0e95c8cf80915b","Nordrhein-Westfalen","Region"
"location/hazafon/e3431ab4158c4bfcea3ab33726c5cd20","HaZafon","Region"
"location/connecticut/53f978947e1260e232c3fdecbdb0dd8b","Connecticut","Region"
"location/antioquia/34c99c4d5bf215d665a0cf310dcbf0aa","Antioquia","Region"
"location/nevada/52986cf00e0ff267338f5c09c5b47f65","Nevada","Region"
"location/birmingham/34a7c1a14d57522b9ed55bed55a1c7c6","Birmingham","Region"
"location/canakkale/ea9c10192225ba96b8b38445976f25df","Canakkale","Region"
"location/beijing/ad56d3e42b67bf00615e25a24a95ae0d","Beijing","Region"
"location/massachusetts/98c62fd921489dd7d767b27fa0816b97","Massachusetts","Region"
"location/minnesota/2c75f4b58c06f0cc4a6dd780e2b56365","Minnesota","Region"
"location/jujuy/4dc3144374898ab30e8c0ae84ea0ac4c","Jujuy","Region"
"location/hessen/1ef4df3e5386ae5beff648fd795c7f2c","Hessen","Region"
"location/na---south-africa/2955f27e25892d82f9face4aa8e907b7","NA - South Africa","Region"
"location/hong-kong-island/469929a567e769c1b274088b78de23a2","Hong Kong Island","Region"
"location/oslo/55b063f46e9f595837290f5de62c1da8","Oslo","Region"
"category/online dating/4384aed06c9cb2a16309e85fe3c8f3d6","Online Dating","Category"
"category/comparison shopping/16ec919114e18068f568640b14e956ac","Comparison Shopping","Category"
"category/application platforms/97da78d34dcc270ab3fe325cb00c11c8","Application Platforms","Category"
"category/incubators/99dcb039c672885e6290e0c72667e1f0","Incubators","Category"
"category/visualization/4cf41a77ecd7536b2576310e9c8d8ed8","Visualization","Category"
"category/android/3f49498d20fe408cce0c5425ee885d74","Android","Category"
"category/cyber security/46c250d500f6d12f4ad89b16f8b233d4","Cyber Security","Category"
"category/games/75d8432e43f9dfe0f1faeec0a04399b4","Games","Category"
"category/information technology/dbca89faf0835438b4add3fdeceb78e7","Information Technology","Category"
"category/cloud computing/7866a1c021ec241cc2a6d263a6ef49dd","Cloud Computing","Category"
"category/clean technology/a65417a50cce51cecefc20a5043d87ab","Clean Technology","Category"
"category/communities/bc4ee7e1d4a1c228c55129d716ba971f","Communities","Category"
"category/advice/c9461eef9ba2cb920d052d2d5f85141c","Advice","Category"
"category/diabetes/63da4ab321da7857687e24920e68c249","Diabetes","Category"
"category/video/c6adf8227fa3c0b35188556e08d72128","Video","Category"
"category/databases/7c5bc9757eb6dbc1f4e77a7867592760","Databases","Category"
"category/design/47b3b55695747cf6a48e489b69aa7daa","Design","Category"
"category/data centers/d63fe3667fd80c255f80b01da70c2d18","Data Centers","Category"
"category/logistics/a6b9c45f2caa42e130e726c546d43186","Logistics","Category"
"category/real estate/a326e225acb8f9c0abfe609a82b71965","Real Estate","Category"
"category/publishing/5c362e082d00f3b4ca60584bfcc4e72f","Publishing","Category"
"category/customer support tools/d11698a8714fda54c7c2f40a0781ed4b","Customer Support Tools","Category"
"category/text analytics/e7acbc9932c74c8809ed8fae63eb2559","Text Analytics","Category"
"category/customer service/fb98376c283a7d36fd3e65d036d7ef2a","Customer Service","Category"
"category/non profit/78816963be25bc89e317a1b894f472cb","Non Profit","Category"
"category/solar/c3d5f46f0a9dcfdca44a4cc6a13fe804","Solar","Category"
"category/big data/c33728a5de33d0da7bce0e3c4383bc99","Big Data","Category"
"category/search marketing/069fc173382f33ee17cb05eec9669aec","Search Marketing","Category"
"category/developer tools/61b83871f3bef95f93bbd555157a4ff6","Developer Tools","Category"
"category/m-health/a3b491d88d66b566a059c14322895d77","mHealth","Category"
"category/apps/af3332489c7e50c5168ae91b86595a17","Apps","Category"
"organization/sap-startup-focus","SAP Startup Focus","Organization"
"organization/bidprime","BidPrime","Organization"
"organization/945signals","945signals","Organization"
"organization/infochimps","Infochimps","Organization"
"organization/gridiron-systems","GridIron Systems","Organization"
"organization/gns-healthcare","GNS Healthcare","Organization"
"organization/ztelic","Ztelic","Organization"
"organization/zestfinance","ZestFinance","Organization"
"organization/trendwise-analytics","Trendwise Analytics","Organization"
"organization/tcelab","TCELab","Organization"
"organization/silicon-valley-data-science","Silicon Valley Data Science","Organization"
"organization/scratch-screen","Scratch&Screen","Organization"
"organization/cyclica","Cyclica","Organization"
"organization/cxense","Cxense","Organization"
"organization/germin8","Germin8","Organization"
"organization/geniusly","Geniusly","Organization"
"organization/fiscalnote","FiscalNote","Organization"
"organization/domosayt","Domosite","Organization"
"organization/myagonism-com","MYagonism.com","Organization"
"organization/mu-sigma","Mu Sigma","Organization"
"organization/mortar-data","Mortar Data","Organization"
"organization/mass-big-data","Mass Big Data","Organization"
"organization/lawfty","Lawfty","Organization"
"organization/pentaho","Pentaho","Organization"
"organization/parstream-2","Parstream","Organization"
"organization/oodles-solutions","Oodles Solutions","Organization"
"organization/scaledb","ScaleDB","Organization"
"organization/sqream-technologies","SQream Technologies","Organization"
"organization/junyo","Junyo","Organization"
"organization/radico","Radico","Organization"
"organization/reniac","Reniac","Organization"
"organization/xa-secure","XA Secure","Organization"
"organization/chatmine-technologies","Chatmine Technologies","Organization"
"organization/bi-sam-technologies","BI-SAM Technologies","Organization"
"organization/kloudstat","KloudStat","Organization"
"organization/go-geo","goGeo","Organization"
"organization/immuta","Immuta","Organization"
"organization/identified-com","Identified","Organization"
"organization/sociocast-networks","Sociocast","Organization"
"organization/insightsone","InsightsOne","Organization"
"organization/rivendel-tecnologia","Rivendel Tecnologia","Organization"
"organization/bluedata-software","BlueData Software","Organization"
"organization/orzota","Orzota","Organization"
"organization/lucid-holdings","Lucid Holdings","Organization"
"organization/leap-commerce","Leap Commerce","Organization"
"organization/agralogics","Agralogics","Organization"
"organization/mesosphere","Mesosphere","Organization"
"organization/elephant-scale","Elephant Scale","Organization"
"organization/couponworx-com","CouponWorx.com","Organization"
"organization/tajitsu","Tajitsu","Organization"
"organization/transilio","Transilio, Inc. dba SmartStory Technologies","Organization"
"organization/npulse-technologies","nPulse Technologies","Organization"
"organization/datorama","Datorama","Organization"
"organization/customermatrix","CustomerMatrix","Organization"
"organization/atomic-tower","Atomic Tower","Organization"
"organization/jut-inc","Jut Inc","Organization"
"organization/big-data-solutions","Big Data Solutions","Organization"
"organization/springbot","Springbot","Organization"
"organization/wibidata","WibiData","Organization"
"organization/databox","Databox","Organization"
"organization/terraechos","TerraEchos","Organization"
"organization/we-are-cloud","BIME Analytics","Organization"
"organization/7segments","7SEGMENTS","Organization"
"organization/g-predictive-gradient-gmbh","G|Predictive Gradient GmbH","Organization"
"organization/n42","N42","Organization"
"organization/dxcontinuum","DxContinuum","Organization"
"organization/big-data-week","Big Data Week","Organization"
"organization/zephyr-health","Zephyr Health","Organization"
"organization/crowdchat","CrowdChat","Organization"
"organization/weblyzard-technology-gmbh-2","webLyzard technology gmbh","Organization"
"organization/marketyze","MarketYze","Organization"
"organization/fanplayr","Fanplayr","Organization"
"location/athens/f43966370ed1e7f97f85fc5f0946df8b","Athens","City"
"location/ra-anana/270ad2300c7de2d2a8b674cf064d2842","Ra\'anana","City"
"location/st-petersburg/7e69576af0508c5df883447a7d57f77a","St. Petersburg","City"
"location/superior/0dd182c1bf98fa303f0b156cc90679d8","Superior","City"
"location/taipei/adb03b198da9c103ab6cd4db67b95caf","Taipei","City"
"location/gothenburg/498118ab308b18c2a6b9167b95151bf1","Gothenburg","City"
"location/helsinki/f1d17e2b751624dab4dc9eb292782102","Helsinki","City"
"location/batavia/ad7082d2dd1c6799af434c1f8d4a73a5","Batavia","City"
"location/delft/f46a54c4709dfb0da2d6a354c7b72ef9","Delft","City"
"location/madrid/a52d6b48d27864175b55a48d24ad580c","Madrid","City"
"location/longwood/3085e9e3ee420809d6ed32a1b2f0ed0f","Longwood","City"
"location/birmingham/d55cd37a2858b90a074067b5ce51a622","Birmingham","City"
"location/vancouver/66c3654d14571b2e5d24a7d40c6da46e","Vancouver","City"
"location/kansas-city/8587d2f71ba80306e69df3643e2c5286","Kansas City","City"
"location/berlin/e61662e5c5c2c4d92a31d0e6d6453375","Berlin","City"
"location/australia/973b2306d32e3a70263ef1de1e0068f6","Australia","Country"
"location/vienna/8cff640e720bb65adcb59e58b4199f09","Vienna","City"
"location/noida/448a0a904e45fac0b23a70225bfdde6a","Noida","City"
"location/fort-lauderdale/08f391fc15f2e5f73f66f9490df2c7a4","Fort Lauderdale","City"
"location/shanghai/101bb0896778e216d81e39e51397d864","Shanghai","City"
"location/boulogne-billancourt/c15fff2cf97015d2ddf3f3caf5b0c07d","Boulogne-billancourt","City"
"location/san-diego/5e6c021255e24524d10eb2c35a241086","San Diego","City"
"location/argentina/cb42416cf6b32f47f5bd46fed057cd0a","Argentina","Country"
"location/brazil/8eb58540ecb9b5bbfae53ff82665c717","Brazil","Country"
"location/wellington/86d11dcc7f5f98a17650ae6751d14c38","Wellington","Region"
"location/galway/20970ed4e78c468cd2b8b872f19ebfdf","Galway","Region"
"location/leeds/02fa0fafa6288c9d7afd5900a074069d","Leeds","Region"
"location/ljubljana-urban-commune/c20a294cecd6244a182eea02c8a7e6fd","Ljubljana Urban Commune","Region"
"location/bracknell-forest/4a9ef619a5ee6fc8c9dece8ea321bdc3","Bracknell Forest","Region"
"location/midtjylland/f66c7c94243e98c8e652daa117cc2e48","Midtjylland","Region"
"location/region-metropolitana/5e0a46416954b5671006ee21f667cc0b","Region Metropolitana","Region"
"location/louisiana/2285a5a1d3ac5dbcee04da4954884ad1","Louisiana","Region"
"location/noord-holland/6ea93e7d3475b197f3950f8819baf8e2","Noord-Holland","Region"
"location/trentino-alto-adige/2ce425ecd3fc9d1b1d0cbc07cf785d4b","Trentino-Alto Adige","Region"
"location/uttar-pradesh/8aafc11851a6cfa1ff1852729f8c82aa","Uttar Pradesh","Region"
"location/dhaka/4b80b91018cf470bd3f02081283c2a96","Dhaka","Region"
"location/nebraska/647a9605be6c1c44f95f57764c1cd3ef","Nebraska","Region"
"location/seoul-t-ukpyolsi/afe8dc4fe7211e88f8f18d5d5a8fbd42","Seoul-t\'ukpyolsi","Region"
"location/t-ai-pei/3baf4149665f66549f1b755528130c98","T\'ai-pei","Region"
"location/sachsen-anhalt/687ad244ce3875964b2779e310a2d6dd","Sachsen-Anhalt","Region"
"location/utrecht/adf4569b1d15d1c044871f0a65eff747","Utrecht","Region"
"category/mobile health/f2780037132219516393d463f5ef63ab","Mobile Health","Category"
"category/social television/3299296157e8c161f06bad8e2b6ed430","Social Television","Category"
"category/mobile devices/8814acc59b6a4f5328e3a41c22d6477b","Mobile Devices","Category"
"category/content/3ab64b4261dc08a5cfe3a25127ae3eea","Content","Category"
"category/trading/80517ad68d5dd55ab779ab45472d07fd","Trading","Category"
"category/business services/0bc78d61356033bf55585bff1edfea33","Business Services","Category"
"category/linux/d956d857a68ecbf04d80be7e9470bacc","Linux","Category"
"category/real time/0a88e74aa6c9ff6d69dbe8c85881b4b9","Real Time","Category"
"category/crm/1f24c7e8a95d3e1b27240941e80c9884","CRM","Category"
"category/entrepreneur/f3001804d5e47821c94edcfe301ef56e","Entrepreneur","Category"
"category/data visualization/8c453fd390cc5be323a6cb2944fb05cf","Data Visualization","Category"
"category/identity/c44d8e501bec7c70c7ffb864d8072fd3","Identity","Category"
"category/mobile analytics/ba634cc8be4395db6ccf888e9d616f0c","Mobile Analytics","Category"
"category/recipes/ae13f1d9ac062d6bc95ab55e852bca41","Recipes","Category"
"category/email/687e34ef30e2af08a178436d6b53d633","Email","Category"
"category/e-commerce/275ddcbc27deff4f4e506dc26ebf9570","E-Commerce","Category"
"category/credit/11b5fc5f2db3a0a61457bb237c7b6ac0","Credit","Category"
"category/personalization/5667104c03d10317d99655a02fb16f90","Personalization","Category"
"category/data mining/9c453c6c2fe97f99eed3d39d6a05cb3a","Data Mining","Category"
"category/electronic health records/791c2276789e7ca1c20f44d681a36882","Electronic Health Records","Category"
"category/investment management/22cf3d64143ec1995ae178ee90f97669","Investment Management","Category"
"category/health care information technology/17829f2dee404e8ee0559a47947678f4","Health Care Information Technology","Category"
"category/sales automation/2d294e6580ba93e53a5192cf5e2533ed","Sales Automation","Category"
"category/consumer internet/c4c5db7d24720ae0b8b5511067c8e2cb","Consumer Internet","Category"
"category/sales and marketing/002062c1c344b697b1000158ceba1aa0","Sales and Marketing","Category"
"category/human resources/92deb86bde0553d4e1f939658c12d2da","Human Resources","Category"
"category/recruiting/4996175c0c92f2042b55f940bc1cc6d6","Recruiting","Category"
"category/media/c26610a97ef52506a349a06b2496dd2d","Media","Category"
"category/opinions/69425b454d7f99f011a6cd629f735aad","Opinions","Category"
"category/social media marketing/262727f4409a1b3a4e14040339daa54a","Social Media Marketing","Category"
"category/content delivery/b9cab5d02afc6b49ff6d796d2ab49334","Content Delivery","Category"
"category/payments/f6195c471e3b4cce54096ed62f94d43c","Payments","Category"
"category/startups/568e63721763cf41d3f05a985edc3220","Startups","Category"
"category/events/d4a7bfe659edae17e0431a7415745a0e","Events","Category"
"category/travel/8672f521ce9ae851adffc35d2441a0ad","Travel","Category"
"organization/big-data-boston-ventures","Big Data Boston Ventures","Organization"
"organization/bi-leasing-llc","BI-leasing LLC","Organization"
"organization/beam-analytics","Beam Analytics","Organization"
"organization/iauro","iauro Systems Pvt Ltd","Organization"
"organization/green-and-red-technologies","Green and Red Technologies (G&R)","Organization"
"organization/zinnia-systems","Zinnia Systems","Organization"
"organization/web-templates-biz","Web Templates Biz","Organization"
"organization/veristorm","Veristorm","Organization"
"organization/uppspace","Uppspace","Organization"
"organization/sqlstream","SQLstream","Organization"
"organization/servio","Servio","Organization"
"organization/saama-technologies","Saama Technologies","Organization"
"organization/championix-llc","Championix, LLC","Organization"
"organization/biready","BIReady","Organization"
"organization/fixstream-network","Fixstream Networks Inc","Organization"
"organization/fastconnect","FastConnect","Organization"
"organization/econodata","Econodata","Organization"
"organization/diyotta","Diyotta","Organization"
"organization/datasource-consulting","Datasource Consulting","Organization"
"organization/market-prophit","Market Prophit","Organization"
"organization/kuldat","Kuldat","Organization"
"organization/nlp-logix","NLP Logix","Organization"
"organization/nishan-technologies-pvt--ltd-","Nishan Technologies Pvt. Ltd.","Organization"
"organization/cyberlightning-ltd","Cyberlightning Ltd.","Organization"
"organization/sociaplus","INSIDER (Formerly SOCIAPlus)","Organization"
"organization/federated-sample","Federated Sample","Organization"
"organization/torry-harris","Torry Harris Business Solutions","Organization"
"organization/corduro","Corduro","Organization"
"organization/goto-metrics","Zettaset","Organization"
"organization/akili-2","Akili","Organization"
"organization/lintegrate","Lintegrate","Organization"
"organization/opticorps","Opticorps","Organization"
"organization/sosyologger","Sosyologger","Organization"
"organization/sap","SAP","Organization"
"organization/tin-bin","Tin Bin","Organization"
"organization/yonghong-tech","Yonghong Tech","Organization"
"organization/datatrics","Datatrics","Organization"
"organization/bridj","Bridj","Organization"
"organization/kapow-technologies","Kapow Software","Organization"
"organization/unscrambl","Unscrambl","Organization"
"organization/your-md","Your.MD","Organization"
"organization/amtera-semantic-technologies","Amtera Semantic Technologies","Organization"
"organization/amisalabs","Amisalabs","Organization"
"organization/8digits","8digits","Organization"
"organization/cortex-2","Cortex","Organization"
"organization/bloomreach","BloomReach","Organization"
"organization/webdna-io","WebDNA.io","Organization"
"organization/hyperfine","Hyperfine","Organization"
"organization/decision-services-international","Decision Services International","Organization"
"organization/cazena","Cazena","Organization"
"organization/milliways","Milliways","Organization"
"organization/export-abroad","Export Abroad","Organization"
"organization/zerofootprint","Zerofootprint","Organization"
"organization/verify-anybody","Verify Anybody","Organization"
"organization/zettacap","Zettacap","Organization"
"organization/logdrill-ltd","LogDrill Ltd.","Organization"
"organization/qumram","Qumram","Organization"
"organization/apriori-2","Apriori","Organization"
"organization/melio-corp","MELIO CORP","Organization"
"location/gurgaon/43ab9136c365420cbe50e5e9576751cf","Gurgaon","City"
"location/rio-de-janeiro/3bca7e51c0f185ca9c609fa05d1eb578","Rio De Janeiro","City"
"location/pisa/43f1aef6181ae2e8334bf812b60cd532","Pisa","City"
"location/henderson/0a5dee0af34202df99a3fac695efa34c","Henderson","City"
"location/boise/6bc15798d9878205cb71bbe33a2276a5","Boise","City"
"location/vilnius/36184837b1ed7026bd35b23ed43dbca1","Vilnius","City"
"location/atlanta/d8030351c1d20ace2b33794a95c99b7c","Atlanta","City"
"location/zürich/bd22efa44815cf8ee8c5668079240b6c","Zürich","City"
"location/dublin/97c70aa17568ca5375122f181f0484a7","Dublin","City"
"location/redwood-city/54bae2ecd71e68262f4e65930b3ee757","Redwood City","City"
"location/walnut-creek/8f5f2cfa39fcb11584d386dea8c9d4dd","Walnut Creek","City"
"location/palm-beach-shores/9f1f3453fd66a3af54c5f93e9cb25d03","Palm Beach Shores","City"
"location/los-angeles/4ce61f42f6c4e7ec798d44813b58856b","Los Angeles","City"
"location/toronto/064d4c93264e92b0f3cba9ad94cacd77","Toronto","City"
"location/dhaka/83371dff4a57334249f764ee4befeb0b","Dhaka","City"
"location/veszprém/04706cdb7ff861c3601c0237aaf97d75","Veszprém","City"
"location/merced/bdcdfd35a365b4bb5038f2cdc8f94239","Merced","City"
"location/new-york/d64b7615985cfbf44affaa89d70c4050","New York","City"
"location/montréal/9496c0dd5d97eaf1fde0ee6ad6b41f48","Montréal","City"
"location/tel-aviv/722877af1334395e4f27e270959395a0","Tel Aviv","City"
"location/izmir/25a331ea0fd2323463c57e1e6be5e9b1","Izmir","City"
"location/bethesda/9953b4f77c406ba5b34ebcce51e58685","Bethesda","City"
"location/vadodara/a5fa7791f56704616bf2f07990850c56","Vadodara","City"
"location/bangalore/37f3a3feb659895e4d840b649e005c3a","Bangalore","City"
"location/seoul/8b33ebb2fa74d65d2bbfdb8b2f9637c3","Seoul","City"
"location/palo-alto/0d81d68c9c59f14f01163ad9ce7145ca","Palo Alto","City"
"location/san-francisco/528f5e3c90d111115d1c2e4ff979d58e","San Francisco","City"
"location/daresbury/b1c50413b6bc59fb0d560039ffa7ff83","Daresbury","City"
"location/amsterdam/2d7466f6ddb19f204f028b4b5d283d9f","Amsterdam","City"
"location/poland/387919cc9d26c5e0bb974e13095c0bac","Poland","Country"
"location/chile/ce9108b2ca05179d9bb7f865b9349e5f","Chile","Country"
"location/united-kingdom/a30e342c17426b1c66e9461de680e54b","United Kingdom","Country"
"location/greece/50a48f30194861751c4afaf5b8b91ef8","Greece","Country"
"location/finland/46a87674f0402806b4bbe9b83efe1070","Finland","Country"
"location/singapore/91f489f8c9f704bf93a33cce438dd3c5","Singapore","Country"
"location/slovakia-(slovak-republic)/20b300f33b6e88d4088891d7c90c3dde","Slovakia (Slovak Republic)","Country"
"location/izmir/2fbd635fff7d08d2591d68e82a3ac65d","Izmir","Region"
"location/haryana/5791883d3b71c28bb39bbf559f26c754","Haryana","Region"
"location/hamerkaz/7521baf7376244a42b773b0481b510a1","HaMerkaz","Region"
"location/grad-sofiya/e08a641451766066f50dd4bfeb732875","Grad Sofiya","Region"
"location/dublin/e401019b70f746eef7f33331a2528672","Dublin","Region"
"location/new-hampshire/ac44d13aac69263bc0be659ffe484574","New Hampshire","Region"
"location/florida/7d27a7401eba06ba8941078f0789d387","Florida","Region"
"location/london-city-of/79eb923b9e93e0db2fe075f0c430c2cb","London, City of","Region"
"location/southern-finland/2291746faf26cd75e9b5b64e9df61781","Southern Finland","Region"
"location/western/86a673beaad4145ad260dba51f565147","Western","Region"
"location/rio-de-janeiro/4524dfbe2a2ad358e041a0276d1896f1","Rio de Janeiro","Region"
"location/colorado/056b6b3909ea2c8527aff54b58a28072","Colorado","Region"
"location/harjumaa/0f48d843cbeaeed13bb32a40f3b24bca","Harjumaa","Region"
"location/grad-zagreb/d09789a66f3705d47a23de053fd910b5","Grad Zagreb","Region"
"location/california/eb879a83c91a121e0bb8829782dbcf04","California","Region"
"location/tamil-nadu/360bdbca1b1a950c1c657d8866553adb","Tamil Nadu","Region"
"location/buenos-aires/fffb836e7b646c741716b6b692d12221","Buenos Aires","Region"
"location/north-carolina/f967e66732ce6748d7e075e756617ccd","North Carolina","Region"
"category/oil/581afc75cf8a752db323aec2fbc08793","Oil","Category"
"category/bitcoin/1c163fa9a6a242ed1fa5299f626804db","Bitcoin","Category"
"category/home automation/890072484ee96c15851512f0c02c6ace","Home Automation","Category"
"category/lead generation/fec1a8066b09549e2c937aacad1a38f9","Lead Generation","Category"
"category/shipping/216f5e42a641b0f3270ac9d698604f40","Shipping","Category"
"category/knowledge management/c267b15acaf8a4c809731ee558de3eef","Knowledge Management","Category"
"category/oil & gas/40a5b0b95a12c940193c7fee8510863b","Oil & Gas","Category"
"category/marketplaces/99d37c03834b09eb6672aa54a2a8de46","Marketplaces","Category"
"category/sports/a0144815bd8f9a1b42ae74c91617a77c","Sports","Category"
"category/internet/2772a539e63609dc30dcb1a7deb98d0e","Internet","Category"
"category/health care/3f21415b57846be63722eb189190b7cd","Health Care","Category"
"category/price comparison/6d121d5db67f17656403d33e865f0e28","Price Comparison","Category"
"category/crowdsourcing/1b0319b6bf8092967c58e45f0767bbb4","Crowdsourcing","Category"
"category/clean energy/e6d30f03ec4b038056ebc127dc979003","Clean Energy","Category"
"category/networking/cdf763fe4af9fc9e6ab9d51df5ee18c9","Networking","Category"
"category/hedge funds/c027cef70f5ee22ccc82937146652034","Hedge Funds","Category"
"category/translation/610762196a256dbfc6a7c33845bf299e","Translation","Category"
"category/data integration/0c4a69d3888cdbb60af328e09b80393c","Data Integration","Category"
"category/document management/5d591be4ff9601a70493183606afe26d","Document Management","Category"
"category/industrial automation/f9e277008504b2036b23606fb32d1449","Industrial Automation","Category"
"category/telecommunications/e12cc7ded276007e7d89bdf3f8d1ffe7","Telecommunications","Category"
"category/sms/08e0a9b414d1c281daa8a228c45e5110","SMS","Category"
"category/medical/9126275dd470152402f493d481721a6e","Medical","Category"
"category/journalism/c704ac44d7ba7cbe146c1503d4e620f0","Journalism","Category"
"category/saa-s/5c4e69265ff7b1880892c8eb036c5ace","SaaS","Category"
"category/reviews and recommendations/6d3400cc1a2b8993a3fa82f2f1c17a34","Reviews and Recommendations","Category"
"organization/ag-west-bio","Ag-West Bio","Organization"
"organization/aerospike","Aerospike","Organization"
"organization/a-plus-tree-systems","A-Plus Tree Systems","Organization"
"organization/workdigital","WorkDigital Ltd","Organization"
"organization/turing-data","Turing Data","Organization"
"organization/i-quotient","i-Quotient","Organization"
"organization/takipi","Takipi","Organization"
"organization/symberra","Symberra","Organization"
"organization/sqrrl","Sqrrl","Organization"
"organization/schoolstatus","SchoolStatus","Organization"
"organization/salt-io","Salt IO","Organization"
"organization/remote-insight","Remote Insight","Organization"
"organization/apicube","Apicube","Organization"
"organization/datamonkey","Datamonkey","Organization"
"organization/credissimo","Credissimo","Organization"
"organization/femonoe","Femonoe","Organization"
"organization/discern","DISCERN","Organization"
"organization/nessos-m-brace-the-cloud","Nessos - {m}brace the cloud","Organization"
"organization/listenlogic","ListenLogic","Organization"
"organization/kredito","Kreditech","Organization"
"organization/pecabu","Pecabu","Organization"
"organization/ontodia","Ontodia","Organization"
"organization/nodeable","Nodeable","Organization"
"organization/metaome","Metaome","Organization"
"organization/the-fuelist","The Fuelist","Organization"
"organization/posiba","Posiba","Organization"
"organization/fusion-io","Fusion-io","Organization"
"organization/synomia","Synomia","Organization"
"organization/sumo-logic","Sumo Logic","Organization"
"organization/polyspot","PolySpot","Organization"
"organization/zodius-capital","Zodius Capital","Organization"
"organization/pontis","Pontis","Organization"
"organization/nara-me","Nara Logics","Organization"
"organization/logscape","Logscape","Organization"
"organization/adku","Adku","Organization"
"organization/tapngo-us","Tapngo.us","Organization"
"organization/experfy","Experfy","Organization"
"organization/dacadoo","dacadoo","Organization"
"organization/boxever","Boxever","Organization"
"organization/airstone-labs","Airstone","Organization"
"organization/karmasphere","Karmasphere","Organization"
"organization/conex-o-de-neg-cios","Conexão de Negócios","Organization"
"organization/patentko","patentKO","Organization"
"organization/rainstor","RainStor","Organization"
"organization/ikanow","IKANOW","Organization"
"organization/omni-retail-group","OMNI Retail Group","Organization"
"organization/infotrellis","InfoTrellis","Organization"
"organization/datamine-lab","DataMine Lab","Organization"
"organization/intelligentpipe","Intelligentpipe","Organization"
"organization/aucfan","Aucfan","Organization"
"organization/peel-works","Peel-Works","Organization"
"organization/we-cluster","We Cluster","Organization"
"organization/lightarrow","LightArrow","Organization"
"organization/zeetadata","ZeetaData","Organization"
"organization/trendify","Trendify","Organization"
"organization/big-terminal","bigterminal","Organization"
"organization/tagon8","Tagon8","Organization"
"organization/ananto","Ananto","Organization"
"organization/greenbird-integration-technology","Greenbird Integration Technology","Organization"
"organization/warlock","Warlock","Organization"
"organization/dataspora","Dataspora","Organization"
"organization/mintigo","Mintigo","Organization"
"organization/dreamsquare","Dreamsquare","Organization"
"organization/hyperrig","Hyperrig","Organization"
"organization/food-genius","Food Genius","Organization"
"organization/talena","Talena","Organization"
"organization/cignifi","Cignifi","Organization"
"organization/bio-growth-llc","bio-Growth, LLC","Organization"
"location/amherst/a513afd0f580770b3b630acc57195107","Amherst","City"
"location/omaha/2d17430008dd6f6951c7da55da7f6e17","Omaha","City"
"location/bundangdong/6a5fb32acd6d7044228d7620955d5fdb","Bundangdong","City"
"location/redwood-shores/aef248dfee25ca0c4da3cb32b2827697","Redwood Shores","City"
"location/vicente-lópez/7d9eef38defd59a3a40718ce5f516bb9","Vicente López","City"
"location/prague/e0b951dcf7108754ddde5ef04dddd9f8","Prague","City"
"location/chagrin-falls/8f28fc61dab1e06cde3be7e649027a40","Chagrin Falls","City"
"location/madison/cad256c55d6b284a3d0f70a2daf9ba46","Madison","City"
"location/jacksonville/a221bacf6a91281825505721a2310099","Jacksonville","City"
"location/jujuy/84ca3c4dbed7e9f2c0c907267b04895c","Jujuy","City"
"location/orlando/830584317242ba424b53fac73af6e922","Orlando","City"
"location/fort-atkinson/d6f6c57c52a1fa5aedffbaa91a36308c","Fort Atkinson","City"
"location/kuala-lumpur/3beb6e172146dd0d8c4d5779e19a9f8e","Kuala Lumpur","City"
"location/hamburg/e350a7bb7917a0240a8abe67449de5b7","Hamburg","City"
"location/fairfield/db5df59948b0b62e12a1364f7c57bbe1","Fairfield","City"
"location/london/aad17950576b8c448fd4f44dbeb59220","London","City"
"location/los-gatos/77558ef65dcc0a306ec5a53de432e770","Los Gatos","City"
"location/cochin/e2f946f30cfec31822772e2bb3f03b93","Cochin","City"
"location/calgary/4a387a534057d6c3b1cc7fb8ead31629","Calgary","City"
"location/hyderabad/b9f0b92235f2335da1e5f4b9a7f5b0fc","Hyderabad","City"
"location/chemnitz/7db267f66d63b1c5ac93a99ca9f4468c","Chemnitz","City"
"location/zaragoza/73b40e9984b9a976289c635d74cf11a1","Zaragoza","City"
"location/beijing/eba5ce9038f133a7a84380a2bca2a4a1","Beijing","City"
"location/burlingame/9af4965068c805b6d3ca3e4a0387d0ba","Burlingame","City"
"location/south-africa/accdbce5cd94ee45008be621218a3e6a","South Africa","Country"
"location/belgium/0bb46ca538e739775d0934dd1143a806","Belgium","Country"
"location/colombia/53aa515c558d89b0dbc08b3e2e906e69","Colombia","Country"
"location/west-virginia/0501bdfb4cc1f75713ee889df4919926","West Virginia","Region"
"location/kerala/42c992211644d1125da90f39bf1e7165","Kerala","Region"
"location/gloucestershire/ffbf80e548dfdc90f4e2a9d231108b4b","Gloucestershire","Region"
"location/stockholms-lan/374fe00281bdde17f5952da924209ec6","Stockholms Lan","Region"
"location/victoria/2c625173255062796d87817b2d619bab","Victoria","Region"
"location/distrito-federal/a810c526021bf44872239f8d1739c024","Distrito Federal","Region"
"location/maryland/a5720592ddbbd23cdf7271fde141ee19","Maryland","Region"
"location/georgia/e5e9da40cf545c78963be6d5a2efe686","Georgia","Region"
"location/illinois/e9d5dbb22921eb4d674977cb42bbf790","Illinois","Region"
"location/central-region/0fc1fa956e0764f98c57c41bf17f1b91","Central Region","Region"
"location/languedoc-roussillon/c2aff465ad1f9e9a3f52a1189a7d51f9","Languedoc-Roussillon","Region"
"location/idaho/4980ed7fbc751b23a403ea6abc923182","Idaho","Region"
"location/yerushalayim/7b2c9e8a031e7efd3d5a081f0168b425","Yerushalayim","Region"
"location/distrito-federal/5a2261c329739785a4bb8a64e7562b47","Distrito Federal","Region"
"location/zurich/d63a3c1ed300da22915c69b7b8138f75","Zurich","Region"
"location/veszprem/e5faa54ee74479f0b355e56b480205ef","Veszprem","Region"
"location/tokyo/ee6ee543afd455958c2bffd3ea11a243","Tokyo","Region"
"location/north-dakota/b41be322b928f674fad914a376442fec","North Dakota","Region"
"location/hlavni-mesto-praha/48b6d8bf96e92b3eb8ef705bd479e543","Hlavni mesto Praha","Region"
"location/kyonggi-do/4629e8746d77d28716bc859c558abef6","Kyonggi-do","Region"
"location/maharashtra/9f01ca747cd77b8cf741828699d920a2","Maharashtra","Region"
"category/carbon/663b35bd592550e6d2f5b2562670186b","Carbon","Category"
"category/google apps/26b6c4c6bfef2e3529fc0d65ad2def37","Google Apps","Category"
"category/green/4d57f90d341bc9e6e03102880bb7edee","Green","Category"
"category/geospatial/aac4d73666bd232777011416bf43695c","Geospatial","Category"
"category/identity management/24c5db8402a2604049cf4314b287674f","Identity Management","Category"
"category/banking/68250c3a6cf586fb281e9072ae2d4fe8","Banking","Category"
"category/energy it/71e74d33c157b20d60a5c4abae0aaca3","Energy IT","Category"
"category/outsourcing/59ca1fa9cc207f843c52a6cee0ffe4a8","Outsourcing","Category"
"category/pharmaceuticals/c930edc22954eb5614c9ddabc212bce7","Pharmaceuticals","Category"
"category/3-d technology/76c672c1ef3372f08027d747c8c6e4ba","3D Technology","Category"
"category/governments/7be46ecd5a0a3b7fda32995251352405","Governments","Category"
"category/education/025caab73e5498f0061c73e7af159cd1","Education","Category"
"category/monetization/5bd181ddb8119573611422ec1d9a9bb5","Monetization","Category"
"category/internet of things/ed3a589dc9a73cbb9feb245f011e1d54","Internet of Things","Category"
"category/biotechnology/588427287ab95bd1bb67e8e55f6520a0","Biotechnology","Category"
"category/i-pad/c757026ee5818e384d66184fb060aefd","iPad","Category"
"category/predictive analytics/ca8390d722c65bb5f87022f52f364b1b","Predictive Analytics","Category"
"category/enterprise software/d38b3f26abc46f7bb29db952021a1b14","Enterprise Software","Category"
"category/big data analytics/8a60151f6739dde3c98235fcef7a2db8","Big Data Analytics","Category"
"category/facebook applications/c9a627a21352131f7f210f59fb2ec221","Facebook Applications","Category"
"category/psychology/342cedc16dffc0fa2e2ff376b7db1f69","Psychology","Category"
"category/cloud data services/d0c29b4e27db3c4734fe94881a585836","Cloud Data Services","Category"
"category/finance technology/78fe302a7555c5e7a946a9f8c44bff72","Finance Technology","Category"
"category/sensors/bcc25b6468dd2bfff6c19c21da624386","Sensors","Category"
"category/news/db01a2011e4757b3c3cca63eb94e3878","News","Category"
"category/b2-b/d818cc40e0a2aac284daaeaa3dfeacc0","B2B","Category"
"category/music/d922c0063ba0537aedb5379ca5767662","Music","Category"
"category/retail/b65acba5b299399063908be3e3833a07","Retail","Category"
"category/application performance monitoring/24d4e2b77774be7426e975a31ecc13ef","Application Performance Monitoring","Category"
"organization/crunchbase-venture-program","CrunchBase Venture Program","Organization"
"organization/belladati","BellaDati","Organization"
"organization/incubio","Incubio","Organization"
"organization/idatamatics","iDataMatics","Organization"
"organization/huckabuy-com","Huckabuy.com","Organization"
"organization/guavus","Guavus","Organization"
"organization/guavas","Guavas","Organization"
"organization/grepdata","GrepData","Organization"
"organization/twelvefoldmedia","Twelvefold","Organization"
"organization/savage-io","Savage IO","Organization"
"organization/rubikloud","Rubikloud","Organization"
"organization/dataperx-global","DataPerx Global","Organization"
"organization/continuum-analytics","Continuum Analytics","Organization"
"organization/contactive","Contactive","Organization"
"organization/flytxt","Flytxt","Organization"
"organization/exabeam","Exabeam","Organization"
"organization/revit-services-outsourcing","Revit Services Outsourcing","Organization"
"organization/evoapp","EvoApp","Organization"
"organization/dining-code","Dining Code","Organization"
"organization/datayes","DataYes","Organization"
"organization/mnubo-inc","mnubo","Organization"
"organization/pragsis-bidoop","PRAGSIS BIDOOP","Organization"
"organization/polygen-inc","POLYGEN Inc","Organization"
"organization/pipl","Pipl","Organization"
"organization/nexr","NexR","Organization"
"organization/big-data-companies","Big Data Companies","Organization"
"organization/dimensio-informatics","dimensio informatics","Organization"
"organization/next-points","Next Points","Organization"
"organization/ubik","ubik","Organization"
"organization/lumendata","LumenData","Organization"
"organization/crayon-data-pte-ltd","Crayon Data","Organization"
"organization/newsjelly","NewsJelly","Organization"
"organization/capson-technology","Capson Technology","Organization"
"organization/basen","BaseN","Organization"
"organization/bg-stores","BG Stores","Organization"
"organization/natero","Natero","Organization"
"organization/nubimetrics","Nubimetrics","Organization"
"organization/knewron","Knewron","Organization"
"organization/graphlab","GraphLab","Organization"
"organization/social-honey","Social Honey","Organization"
"organization/upsnap","UpSnap","Organization"
"organization/qatestingonlinetraining-com-2","qatestingonlinetraining.com","Organization"
"organization/alpine-data-labs","Alpine Data Labs","Organization"
"organization/pathsight","PathSIght","Organization"
"organization/treparel-com","Treparel.com","Organization"
"organization/pulsate","Pulsate","Organization"
"organization/verticalserve-inc","VerticalServe Inc","Organization"
"organization/escapeswithyou","ESCAPESwithYOU","Organization"
"organization/sybaris-analytics","Sybaris Analytics","Organization"
"organization/zettics","Zettics","Organization"
"organization/burt","Burt","Organization"
"organization/bityota","Bityota","Organization"
"organization/qurater","Qurater","Organization"
"organization/trufa","Trufa","Organization"
"organization/lumiata","Lumiata","Organization"
"organization/ampulet","Ampulet","Organization"
"organization/dattch","Dattch","Organization"
"organization/data-virtuality","Data Virtuality","Organization"
"organization/think-big-analytics","Think Big Analytics","Organization"
"organization/spaziodati","SpazioDati","Organization"
"organization/bigdata-startups-com","BigData-Startups.com","Organization"
"organization/aware-2","Aware","Organization"
"organization/logicnext-softwares-and-services","LogicNext","Organization"
"organization/solutionpath-limited","Solutionpath Limited","Organization"
"organization/international-institute-for-safety-in-medicines","International Institute for Safety in Medicines","Organization"
"organization/bina-technologies","Bina Technologies","Organization"
"organization/ebrandvalue","eBrandValue™","Organization"
"organization/aster-data-systems","Aster Data Systems","Organization"
"organization/bit-isle","Bit-isle, Inc.","Organization"
"organization/fortscale","Fortscale","Organization"
"organization/xentio","Xentio","Organization"
"organization/airenvy","airenvy","Organization"
"organization/trudera","Trudera","Organization"
"organization/enlightiks","Enlightiks","Organization"
"organization/opera-solutions","Opera Solutions","Organization"
"organization/iqser-ag","iQser AG","Organization"
"organization/platfora","Platfora","Organization"
"organization/datameer","Datameer","Organization"
"organization/moksa-ventures","Moksa Ventures","Organization"
"organization/speso-health","SpeSo Health","Organization"
"organization/nextcode-health","NextCode Health","Organization"
"organization/coldlight-solutions","ColdLight Solutions","Organization"
"location/sheffield/e5943da387d2e2146a0d20cdeaaa1710","Sheffield","City"
"location/pasadena/a5632994746a5f319f647959bc204c31","Pasadena","City"
"location/shreveport/8f50adf03ace0690c615d96d38a2b589","Shreveport","City"
"location/charlottesville/b7537fb33e97ec99596dd3c449fd6231","Charlottesville","City"
"location/ahmedabad/f0792849320e3222e6877f67d9fe789d","Ahmedabad","City"
"location/scottsdale/10df304e5914962dfe28ba3c8a0d20f1","Scottsdale","City"
"location/zagreb/ee9678c1226e1ae949918de4f11e90f1","Zagreb","City"
"location/halle-an-der-saale/12ac0ea2c07ebb8c23025666bd81561f","Halle An Der Saale","City"
"location/fargo/48968c6a7cfc0e38947c8a5f1bda5d0e","Fargo","City"
"location/medellín/42e45eda0368e5d4233c71494c0bfbd4","Medellín","City"
"location/frankfurt-am-main/cf3c1b99e5619a87594609f16298be0b","Frankfurt Am Main","City"
"location/washington/09d220d540bacd296f7a5035ff6e6bef","Washington","City"
"location/nashua/1cc86c8caa0c0447cc900acddc06d112","Nashua","City"
"location/banfield/f391ce7971a84f926fa5485bded323ce","Banfield","City"
"location/bracknell/6135295375607a59d789755379cbf6e3","Bracknell","City"
"location/Çan/1f90bac722b98a0e943c25826ccfc0fb","Çan","City"
"location/pittsburgh/550eee789a63546d5527761fea1ef37d","Pittsburgh","City"
"location/jerusalem/52800bd5ad9201dfd2a8dc8d8cc4785c","Jerusalem","City"
"location/saskatoon/9f06c114fb1f617b3c5391e477fbb1a2","Saskatoon","City"
"location/gent/5df4d07612ff8f73dbc49d1657dadab2","Gent","City"
"location/austin/05f9cee2453ec12f243859f21246783e","Austin","City"
"location/milan/9c5094c44cf66285f1b0acab7a7fc285","Milan","City"
"location/netanya/c2aaffeb2f92f6bf85ccd58d1961696c","Netanya","City"
"location/oulu/98a6e390cc4204b1c05a6b0dc0799dbb","Oulu","City"
"location/stockholm/52ed0e71d0c75c778fe384ce4349ebcf","Stockholm","City"
"location/leeds/785c9e0fa695b898d539f7cd91ce4d8f","Leeds","City"
"location/cologne/5df0ccbacb4a308f2716eb2a910637c9","Cologne","City"
"location/chennai/8a67b8cdbded191497ccc4ef8db93cf6","Chennai","City"
"location/reston/bcf95506a417e135bc1187fa955602ae","Reston","City"
"location/china/500afaba46450121d7b899327c7aaa07","China","Country"
"location/san-mateo/38414ea0e8b8a6c0946e23052c658c88","San Mateo","City"
"location/hattiesburg/6c65bdbe87da0844c34aef7dde77ee27","Hattiesburg","City"
"location/sweden/38bdadf8c28c66895a01924f0a63442e","Sweden","Country"
"location/austria/6d705437ce74b06198640079d15fb639","Austria","Country"
"location/india/44048bf7db640d7adb20fd3c1ebf47b0","India","Country"
"location/united-states/f110fca2105599f6996d011c198b3928","United States","Country"
"location/lithuania/a3de144c912b3441428b7c69c6d16da3","Lithuania","Country"
"location/russian-federation/c6489798402ca5b4fe7709247eee9900","Russian Federation","Country"
"location/cayman-islands/e5b7fdb1fd3bb5f45e713ba9f8b8129b","Cayman Islands","Country"
"location/new-zealand/dc3cf5b1fc70a597d5b71c9ecef153ce","New Zealand","Country"
"location/montana/6dd1488599b4ac335d73eba00c350776","Montana","Region"
"location/indiana/63b553628d29ae9a03ff2435095d287f","Indiana","Region"
"location/hertford/966e614f7f5b64cffc1310294800ca75","Hertford","Region"
"location/kuala-lumpur/805445caf2874a8b732a833f92d0d804","Kuala Lumpur","Region"
"location/wisconsin/48b8886e5c62b703e81bffcebec196f3","Wisconsin","Region"
"location/alagoas/55795393eb51ffde26c860dc8501d324","Alagoas","Region"
"location/istanbul/875467b892a85af41c428e9809f15659","Istanbul","Region"
"location/ohio/68ce1e7ecec0870b92a9134b2dc2a3e0","Ohio","Region"
"location/mississippi/b43d86a75993c558e30d3eb7ab163ef5","Mississippi","Region"
"location/oregon/c1fd8422b7e3a70d83af8d9403df589a","Oregon","Region"
"location/aragon/36f8777a1560286e911a9963aaf6edc1","Aragon","Region"
"location/quebec/c4cd6f0c10e6c97e3e20e5be9405c146","Quebec","Region"
"location/mazowieckie/6d673abb4f06d4a3565fdd9a4c1710de","Mazowieckie","Region"
"location/lombardia/5187794153a6524d701df43138753701","Lombardia","Region"
"location/sachsen/11296b18bf1baa3f87cf38b117977c36","Sachsen","Region"
"location/attiki/71fa0865bf2b26fcc3356f95564f26d0","Attiki","Region"
"location/new-jersey/625bdda20f438348c41c7654bfbecd02","New Jersey","Region"
"location/tel-aviv/4f5fab467bca9a1bba1a70368c5337b9","Tel Aviv","Region"
"location/hovedstaden/cfa7addd6b5f8fb39968c6f3ad20b487","Hovedstaden","Region"
"location/oost-vlaanderen/97d24f2d2aa4798a3d46013d7003b11f","Oost-Vlaanderen","Region"
"category/messaging/8c6239bf6854494b1a16e4f7a286dbd5","Messaging","Category"
"category/local businesses/1346d1036a7434b8d30b4373a63516b7","Local Businesses","Category"
"category/brand marketing/d29852ab4bbf95f56087563ff127de71","Brand Marketing","Category"
"category/risk management/99763baa917d488e86e234bbbde18450","Risk Management","Category"
"category/insurance/b8ca872c983df8dd36392660511203ef","Insurance","Category"
"category/optimization/032191170e5bf86ba20e14fee0c84ffe","Optimization","Category"
"category/i-phone/544ed5a54765c73789cc99093a2655d8","iPhone","Category"
"category/polling/d8c3f6825dd6f1ee02a7e85f665c3876","Polling","Category"
"category/shopping/655df1bf587c59e34665136fb2920827","Shopping","Category"
"category/auctions/4c05603ade94fa09adb67ecde1c12c14","Auctions","Category"
"category/mobility/785cb990552d4b2af03788dc6c72003b","Mobility","Category"
"category/digital media/2f47ba9333d361fede890fe8a4a8366b","Digital Media","Category"
"category/semantic web/ac34c4c6e430f66f44aeef8ca45b52bb","Semantic Web","Category"
"category/automotive/bb2ad65f1009db81c6f683dbcfd64870","Automotive","Category"
"category/mobile payments/33cfeb88f3231b4f8eccf3f876a5df05","Mobile Payments","Category"
"category/surveys/52871e77743983efe455906c9d250a0a","Surveys","Category"
"category/concerts/a90af7aecd988e2a1a6f589fe4037a86","Concerts","Category"
"category/retail technology/93872d37a1f6a0afb9e20b150c79f8eb","Retail Technology","Category"
"category/training/e55f09e8697b1653f86e0274d25d6db6","Training","Category"
"category/marketing automation/be21aa9f99cd0379b746899e0ec7e0fd","Marketing Automation","Category"
"category/property management/c8e6b95f80d9bf15ab7c37a0e8f052c7","Property Management","Category"
"category/intellectual asset management/f8b6ee1faf4314de0f914db3939eebb0","Intellectual Asset Management","Category"
"category/coupons/f3ab458a29132652018766d083c5c860","Coupons","Category"
"organization/bigdata4analytics","BigData4Analytics","Organization"
"organization/big-data-scoring","Big Data Scoring","Organization"
"organization/big-data-for-humans","Big Data for Humans","Organization"
"organization/autogrid","Autogrid","Organization"
"organization/atomic-axis","Atomic Axis","Organization"
"organization/altocloud","Altocloud","Organization"
"organization/acyclica","Acyclica","Organization"
"organization/kaybus","Kaybus","Organization"
"organization/karmic-lifesciences","Karmic Lifesciences","Organization"
"organization/insilico-medicine","InSilico Medicine","Organization"
"organization/inovance","Inovance Financial Technologies","Organization"
"organization/inflection","Inflection","Organization"
"organization/imagini","VisualDNA","Organization"
"organization/icrunchdata-news","Icrunchdata News","Organization"
"organization/yottamine","Yottamine","Organization"
"organization/wisdomforce-technologies","WisdomForce Technologies","Organization"
"organization/wecash","Wecash","Organization"
"organization/wavecatch","wavecatch","Organization"
"organization/unravel-data-systems","Unravel Data Systems","Organization"
"organization/transmetrics","Transmetrics","Organization"
"organization/strat-io","Stratio","Organization"
"organization/dataconomy-media-gmbh","Dataconomy Media GmbH","Organization"
"organization/cardiologs","CardioLogs","Organization"
"organization/geostellar","Geostellar","Organization"
"organization/excedis","Excedis","Organization"
"organization/emerginet","EmergiNet","Organization"
"organization/ehealthme","eHealthMe","Organization"
"organization/efinancial-communications","eFinancial Communications","Organization"
"organization/eeme","EEme","Organization"
"organization/ecommera","OrderDynamics","Organization"
"organization/moogilu","Moogilu","Organization"
"organization/mohound","Mohound","Organization"
"organization/mastodon-c","Mastodon C","Organization"
"organization/mapr-technologies","MapR Technologies","Organization"
"organization/leanciti","LeanCiti","Organization"
"organization/kxen","KXEN","Organization"
"organization/promptcloud","PromptCloud","Organization"
"organization/professional-development-institute","Professional Development Institute","Organization"
"organization/predixion-software","Predixion Software","Organization"
"organization/onefold","OneFold","Organization"
"organization/ngdata","NGDATA","Organization"
"organization/bitcalm","BitCalm","Organization"
"organization/mellmo","Roambi","Organization"
"organization/usalytics","Usalytics","Organization"
"organization/careconnectors--inc-","CareConnectors, Inc.","Organization"
"organization/sisense","SiSense","Organization"
"organization/everysignal","EverySignal","Organization"
"organization/ern","ERN","Organization"
"organization/relevvant","Relevvant","Organization"
"organization/jobs-the-word","Jobs The Word","Organization"
"organization/7puentes","7Puentes","Organization"
"organization/cirro","Cirro","Organization"
"organization/datatma","Datatma","Organization"
"organization/pingthings","PingThings","Organization"
"organization/walkmore","Walkmore","Organization"
"organization/grandata","GranData","Organization"
"organization/cleverlions","CleverLions","Organization"
"organization/ondore","Ondore","Organization"
"organization/innoquant","InnoQuant","Organization"
"organization/red-lambda","Red Lambda","Organization"
"organization/dragonfly-data-factory","Dragonfly Data Factory","Organization"
"organization/taptica","Taptica","Organization"
"organization/graphsql","GraphSQL","Organization"
"organization/nstein-technologies","Nstein Technologies","Organization"
"organization/wiseathena","WiseAthena","Organization"
"organization/lambdoop-solutions-sl","Lambdoop Solutions SL","Organization"
"organization/evo-venture-partners","EVO Venture Partners","Organization"
"organization/groupvisual-io","GroupVisual.io","Organization"
"organization/antuit","Antuit","Organization"
"organization/exacaster","Exacaster","Organization"
"organization/beekeeper-data","Beekeeper Data","Organization"
"organization/lokad","Lokad","Organization"
"organization/zementis","Zementis","Organization"
"organization/sense-platform","Sense Platform","Organization"
"organization/telefonica-digital","Telefónica Digital","Organization"
"organization/datamonk","Datamonk","Organization"
"organization/metrotech-corporation","METROTECH Corporation","Organization"
"organization/datascope-analytics","Datascope Analytics","Organization"
"organization/artra","ArtrA","Organization"
"organization/idaciti-inc","idaciti, Inc.","Organization"
