"src","dst","type","source"
"category/Health Care Information Technology","keyword/Technology","isRelatedToKeyword","categoryNameAnalysis"
"category/Health Care Information Technology","keyword/health","isRelatedToKeyword","categoryNameAnalysis"
"category/Banking","keyword/banking","isRelatedToKeyword","categoryNameAnalysis"
"category/Social Commerce","keyword/Social","isRelatedToKeyword","categoryNameAnalysis"
"category/Mobile Health","keyword/mobile","isRelatedToKeyword","categoryNameAnalysis"
"category/Mobile Health","keyword/health","isRelatedToKeyword","categoryNameAnalysis"
"category/Clean Energy","keyword/energy","isRelatedToKeyword","categoryNameAnalysis"
"category/Data Visualization","keyword/Data","isRelatedToKeyword","categoryNameAnalysis"
"category/Data Visualization","keyword/data Visualization","isRelatedToKeyword","categoryNameAnalysis"
"category/Data Visualization","keyword/Visualization","isRelatedToKeyword","categoryNameAnalysis"
"category/Finance","keyword/finance","isRelatedToKeyword","categoryNameAnalysis"
"category/Outsourcing","keyword/Outsourcing","isRelatedToKeyword","categoryNameAnalysis"
"category/Data Mining","keyword/Data mining","isRelatedToKeyword","categoryNameAnalysis"
"category/Data Mining","keyword/Data","isRelatedToKeyword","categoryNameAnalysis"
"category/Smart Grid","keyword/Smart grid","isRelatedToKeyword","categoryNameAnalysis"
"category/Smart Grid","keyword/Smart","isRelatedToKeyword","categoryNameAnalysis"
"category/Android","keyword/Android","isRelatedToKeyword","categoryNameAnalysis"
"category/Retail Technology","keyword/Technology","isRelatedToKeyword","categoryNameAnalysis"
"category/Retail Technology","keyword/Retail","isRelatedToKeyword","categoryNameAnalysis"
"category/Energy IT","keyword/energy","isRelatedToKeyword","categoryNameAnalysis"
"category/Energy IT","keyword/IT","isRelatedToKeyword","categoryNameAnalysis"
"category/Business Information Systems","keyword/business","isRelatedToKeyword","categoryNameAnalysis"
"category/Governments","keyword/Governments","isRelatedToKeyword","categoryNameAnalysis"
"category/Security","keyword/Security","isRelatedToKeyword","categoryNameAnalysis"
"category/Credit","keyword/Credit","isRelatedToKeyword","categoryNameAnalysis"
"category/Oil & Gas","keyword/Oil & Gas","isRelatedToKeyword","categoryNameAnalysis"
"category/Visualization","keyword/Visualization","isRelatedToKeyword","categoryNameAnalysis"
"category/Business Intelligence","keyword/intelligence","isRelatedToKeyword","categoryNameAnalysis"
"category/Business Intelligence","keyword/business","isRelatedToKeyword","categoryNameAnalysis"
"category/Business Intelligence","keyword/business intelligence","isRelatedToKeyword","categoryNameAnalysis"
"category/Social Network Media","keyword/Social","isRelatedToKeyword","categoryNameAnalysis"
"category/Social Network Media","keyword/social network","isRelatedToKeyword","categoryNameAnalysis"
"category/Social Network Media","keyword/media","isRelatedToKeyword","categoryNameAnalysis"
"category/Internet Marketing","keyword/marketing","isRelatedToKeyword","categoryNameAnalysis"
"category/Internet Marketing","keyword/internet","isRelatedToKeyword","categoryNameAnalysis"
"category/Consumer Internet","keyword/internet","isRelatedToKeyword","categoryNameAnalysis"
"category/Venture Capital","keyword/capital","isRelatedToKeyword","categoryNameAnalysis"
"category/Venture Capital","keyword/Venture Capital","isRelatedToKeyword","categoryNameAnalysis"
"category/Business Services","keyword/services","isRelatedToKeyword","categoryNameAnalysis"
"category/Business Services","keyword/business","isRelatedToKeyword","categoryNameAnalysis"
"category/Crowdfunding","keyword/Crowdfunding","isRelatedToKeyword","categoryNameAnalysis"
"category/Mobile Advertising","keyword/mobile","isRelatedToKeyword","categoryNameAnalysis"
"category/Mobile Advertising","keyword/Advertising","isRelatedToKeyword","categoryNameAnalysis"
"category/Health Care","keyword/health","isRelatedToKeyword","categoryNameAnalysis"
"category/CRM","keyword/crm","isRelatedToKeyword","categoryNameAnalysis"
"category/3D Technology","keyword/Technology","isRelatedToKeyword","categoryNameAnalysis"
"category/High Tech","keyword/tech","isRelatedToKeyword","categoryNameAnalysis"
"category/High Tech","keyword/High Tech","isRelatedToKeyword","categoryNameAnalysis"
"category/Enterprise Software","keyword/enterprise","isRelatedToKeyword","categoryNameAnalysis"
"category/Enterprise Software","keyword/Enterprise Software","isRelatedToKeyword","categoryNameAnalysis"
"category/Enterprise Software","keyword/Software","isRelatedToKeyword","categoryNameAnalysis"
"category/Software","keyword/Software","isRelatedToKeyword","categoryNameAnalysis"
"category/iPad","keyword/iPad","isRelatedToKeyword","categoryNameAnalysis"
"category/Brand Marketing","keyword/marketing","isRelatedToKeyword","categoryNameAnalysis"
"category/Linux","keyword/linux","isRelatedToKeyword","categoryNameAnalysis"
"category/SMS","keyword/SMS","isRelatedToKeyword","categoryNameAnalysis"
"category/Algorithms","keyword/Algorithms","isRelatedToKeyword","categoryNameAnalysis"
"category/New Technologies","keyword/technologies","isRelatedToKeyword","categoryNameAnalysis"
"category/Hardware + Software","keyword/Hardware","isRelatedToKeyword","categoryNameAnalysis"
"category/Hardware + Software","keyword/Software","isRelatedToKeyword","categoryNameAnalysis"
"category/Development Platforms","keyword/development","isRelatedToKeyword","categoryNameAnalysis"
"category/Gamification","keyword/Gamification","isRelatedToKeyword","categoryNameAnalysis"
"category/Facebook Applications","keyword/facebook","isRelatedToKeyword","categoryNameAnalysis"
"category/Sales Automation","keyword/Automation","isRelatedToKeyword","categoryNameAnalysis"
"category/Sales Automation","keyword/Sales","isRelatedToKeyword","categoryNameAnalysis"
"category/Energy Efficiency","keyword/energy","isRelatedToKeyword","categoryNameAnalysis"
"category/Energy Efficiency","keyword/Efficiency","isRelatedToKeyword","categoryNameAnalysis"
"category/Direct Marketing","keyword/marketing","isRelatedToKeyword","categoryNameAnalysis"
"category/Google Apps","keyword/Google","isRelatedToKeyword","categoryNameAnalysis"
"category/Google Apps","keyword/apps","isRelatedToKeyword","categoryNameAnalysis"
"category/Social Television","keyword/Social","isRelatedToKeyword","categoryNameAnalysis"
"category/Design","keyword/design","isRelatedToKeyword","categoryNameAnalysis"
"category/Marketing Automation","keyword/Marketing Automation","isRelatedToKeyword","categoryNameAnalysis"
"category/Marketing Automation","keyword/marketing","isRelatedToKeyword","categoryNameAnalysis"
"category/Marketing Automation","keyword/Automation","isRelatedToKeyword","categoryNameAnalysis"
"category/Education","keyword/education","isRelatedToKeyword","categoryNameAnalysis"
"category/Open Source","keyword/Open Source","isRelatedToKeyword","categoryNameAnalysis"
"category/Open Source","keyword/open","isRelatedToKeyword","categoryNameAnalysis"
"category/Risk Management","keyword/Risk Management","isRelatedToKeyword","categoryNameAnalysis"
"category/Retail","keyword/Retail","isRelatedToKeyword","categoryNameAnalysis"
"category/Clean Technology","keyword/Technology","isRelatedToKeyword","categoryNameAnalysis"
"category/Music","keyword/music","isRelatedToKeyword","categoryNameAnalysis"
"category/Information Technology","keyword/Technology","isRelatedToKeyword","categoryNameAnalysis"
"category/Text Analytics","keyword/analytics","isRelatedToKeyword","categoryNameAnalysis"
"category/Text Analytics","keyword/Text analytics","isRelatedToKeyword","categoryNameAnalysis"
"category/Advertising","keyword/Advertising","isRelatedToKeyword","categoryNameAnalysis"
"category/mHealth","keyword/mhealth","isRelatedToKeyword","categoryNameAnalysis"
"category/Online Dating","keyword/online","isRelatedToKeyword","categoryNameAnalysis"
"category/Online Dating","keyword/dating","isRelatedToKeyword","categoryNameAnalysis"
"category/Industrial Automation","keyword/Automation","isRelatedToKeyword","categoryNameAnalysis"
"category/News","keyword/news","isRelatedToKeyword","categoryNameAnalysis"
"category/E-Commerce Platforms","keyword/e-Commerce","isRelatedToKeyword","categoryNameAnalysis"
"category/iPhone","keyword/iPhone","isRelatedToKeyword","categoryNameAnalysis"
"category/Information Services","keyword/services","isRelatedToKeyword","categoryNameAnalysis"
"category/Mobile","keyword/mobile","isRelatedToKeyword","categoryNameAnalysis"
"category/Databases","keyword/databases","isRelatedToKeyword","categoryNameAnalysis"
"category/Insurance","keyword/insurance","isRelatedToKeyword","categoryNameAnalysis"
"category/Financial Services","keyword/Financial","isRelatedToKeyword","categoryNameAnalysis"
"category/Financial Services","keyword/services","isRelatedToKeyword","categoryNameAnalysis"
"category/Financial Services","keyword/Financial Services","isRelatedToKeyword","categoryNameAnalysis"
"category/Cloud Data Services","keyword/services","isRelatedToKeyword","categoryNameAnalysis"
"category/Cloud Data Services","keyword/Data","isRelatedToKeyword","categoryNameAnalysis"
"category/Cloud Data Services","keyword/cloud","isRelatedToKeyword","categoryNameAnalysis"
"category/Recruiting","keyword/recruiting","isRelatedToKeyword","categoryNameAnalysis"
"category/Energy","keyword/energy","isRelatedToKeyword","categoryNameAnalysis"
"category/Media","keyword/media","isRelatedToKeyword","categoryNameAnalysis"
"category/Startups","keyword/Startups","isRelatedToKeyword","categoryNameAnalysis"
"category/Smart Building","keyword/Smart","isRelatedToKeyword","categoryNameAnalysis"
"category/Maps","keyword/maps","isRelatedToKeyword","categoryNameAnalysis"
"category/Web Hosting","keyword/Web","isRelatedToKeyword","categoryNameAnalysis"
"category/Apps","keyword/apps","isRelatedToKeyword","categoryNameAnalysis"
"category/Consulting","keyword/consulting","isRelatedToKeyword","categoryNameAnalysis"
"category/Utilities","keyword/utilities","isRelatedToKeyword","categoryNameAnalysis"
"category/E-Commerce","keyword/e-Commerce","isRelatedToKeyword","categoryNameAnalysis"
"category/Web Design","keyword/design","isRelatedToKeyword","categoryNameAnalysis"
"category/Web Design","keyword/Web","isRelatedToKeyword","categoryNameAnalysis"
"category/Identity Management","keyword/identity management","isRelatedToKeyword","categoryNameAnalysis"
"category/Kids","keyword/Kids","isRelatedToKeyword","categoryNameAnalysis"
"category/Travel","keyword/Travel","isRelatedToKeyword","categoryNameAnalysis"
"category/Sales and Marketing","keyword/marketing","isRelatedToKeyword","categoryNameAnalysis"
"category/Sales and Marketing","keyword/sales and marketing","isRelatedToKeyword","categoryNameAnalysis"
"category/Sales and Marketing","keyword/and","isRelatedToKeyword","categoryNameAnalysis"
"category/Sales and Marketing","keyword/Sales","isRelatedToKeyword","categoryNameAnalysis"
"category/SaaS","keyword/Saas","isRelatedToKeyword","categoryNameAnalysis"
"category/Application Performance Monitoring","keyword/Performance","isRelatedToKeyword","categoryNameAnalysis"
"category/Application Performance Monitoring","keyword/performance monitoring","isRelatedToKeyword","categoryNameAnalysis"
"category/Application Performance Monitoring","keyword/application","isRelatedToKeyword","categoryNameAnalysis"
"category/Application Performance Monitoring","keyword/monitoring","isRelatedToKeyword","categoryNameAnalysis"
"category/Cyber Security","keyword/Cyber Security","isRelatedToKeyword","categoryNameAnalysis"
"category/Cyber Security","keyword/cyber","isRelatedToKeyword","categoryNameAnalysis"
"category/Cyber Security","keyword/Security","isRelatedToKeyword","categoryNameAnalysis"
"category/Machine Learning","keyword/machine learning","isRelatedToKeyword","categoryNameAnalysis"
"category/Machine Learning","keyword/machine","isRelatedToKeyword","categoryNameAnalysis"
"category/Machine Learning","keyword/learning","isRelatedToKeyword","categoryNameAnalysis"
"category/Enterprise Search","keyword/Search","isRelatedToKeyword","categoryNameAnalysis"
"category/Enterprise Search","keyword/enterprise","isRelatedToKeyword","categoryNameAnalysis"
"category/Enterprise Search","keyword/Enterprise search","isRelatedToKeyword","categoryNameAnalysis"
"category/Data Centers","keyword/Data","isRelatedToKeyword","categoryNameAnalysis"
"category/Energy Management","keyword/energy","isRelatedToKeyword","categoryNameAnalysis"
"category/Entrepreneur","keyword/entrepreneur","isRelatedToKeyword","categoryNameAnalysis"
"category/Developer APIs","keyword/developer","isRelatedToKeyword","categoryNameAnalysis"
"category/Search","keyword/Search","isRelatedToKeyword","categoryNameAnalysis"
"category/Neuroscience","keyword/neuroscience","isRelatedToKeyword","categoryNameAnalysis"
"category/Reviews and Recommendations","keyword/and","isRelatedToKeyword","categoryNameAnalysis"
"category/Data Integration","keyword/integration","isRelatedToKeyword","categoryNameAnalysis"
"category/Data Integration","keyword/Data Integration","isRelatedToKeyword","categoryNameAnalysis"
"category/Data Integration","keyword/Data","isRelatedToKeyword","categoryNameAnalysis"
"category/Semantic Search","keyword/Search","isRelatedToKeyword","categoryNameAnalysis"
"category/Natural Language Processing","keyword/Natural Language Processing","isRelatedToKeyword","categoryNameAnalysis"
"category/Concerts","keyword/concerts","isRelatedToKeyword","categoryNameAnalysis"
"category/Mobile Commerce","keyword/mobile","isRelatedToKeyword","categoryNameAnalysis"
"category/Mobile Commerce","keyword/Mobile Commerce","isRelatedToKeyword","categoryNameAnalysis"
"category/Big Data Analytics","keyword/analytics","isRelatedToKeyword","categoryNameAnalysis"
"category/Big Data Analytics","keyword/Data","isRelatedToKeyword","categoryNameAnalysis"
"category/Big Data Analytics","keyword/Big Data Analytics","isRelatedToKeyword","categoryNameAnalysis"
"category/Big Data Analytics","keyword/Big Data","isRelatedToKeyword","categoryNameAnalysis"
"category/Big Data Analytics","keyword/data analytics","isRelatedToKeyword","categoryNameAnalysis"
"category/Big Data Analytics","keyword/Big Data","isRelatedToKeyword","categoryNameAnalysis"
"category/Big Data Analytics","keyword/big","isRelatedToKeyword","categoryNameAnalysis"
"category/Social Media","keyword/Social","isRelatedToKeyword","categoryNameAnalysis"
"category/Social Media","keyword/Social Media","isRelatedToKeyword","categoryNameAnalysis"
"category/Social Media","keyword/media","isRelatedToKeyword","categoryNameAnalysis"
"category/Social Media","keyword/Social Media","isRelatedToKeyword","categoryNameAnalysis"
"category/Knowledge Management","keyword/knowledge","isRelatedToKeyword","categoryNameAnalysis"
"category/Knowledge Management","keyword/Knowledge Management","isRelatedToKeyword","categoryNameAnalysis"
"category/M2M","keyword/M2M","isRelatedToKeyword","categoryNameAnalysis"
"category/Social Media Marketing","keyword/Social","isRelatedToKeyword","categoryNameAnalysis"
"category/Social Media Marketing","keyword/marketing","isRelatedToKeyword","categoryNameAnalysis"
"category/Social Media Marketing","keyword/Social Media","isRelatedToKeyword","categoryNameAnalysis"
"category/Social Media Marketing","keyword/media","isRelatedToKeyword","categoryNameAnalysis"
"category/Social Media Marketing","keyword/Social Media","isRelatedToKeyword","categoryNameAnalysis"
"category/Social Media Marketing","keyword/Social Media Marketing","isRelatedToKeyword","categoryNameAnalysis"
"category/Internet","keyword/internet","isRelatedToKeyword","categoryNameAnalysis"
"category/Curated Web","keyword/Web","isRelatedToKeyword","categoryNameAnalysis"
"category/Big Data","keyword/Data","isRelatedToKeyword","categoryNameAnalysis"
"category/Big Data","keyword/Big Data","isRelatedToKeyword","categoryNameAnalysis"
"category/Big Data","keyword/Big Data","isRelatedToKeyword","categoryNameAnalysis"
"category/Big Data","keyword/big","isRelatedToKeyword","categoryNameAnalysis"
"category/Services","keyword/services","isRelatedToKeyword","categoryNameAnalysis"
"category/Solar","keyword/solar","isRelatedToKeyword","categoryNameAnalysis"
"category/Events","keyword/Events","isRelatedToKeyword","categoryNameAnalysis"
"category/PaaS","keyword/paas","isRelatedToKeyword","categoryNameAnalysis"
"category/Lead Generation","keyword/Lead Generation","isRelatedToKeyword","categoryNameAnalysis"
"category/Cloud Computing","keyword/cloud computing","isRelatedToKeyword","categoryNameAnalysis"
"category/Cloud Computing","keyword/cloud","isRelatedToKeyword","categoryNameAnalysis"
"category/Customer Support Tools","keyword/customer","isRelatedToKeyword","categoryNameAnalysis"
"category/Data Security","keyword/Data","isRelatedToKeyword","categoryNameAnalysis"
"category/Data Security","keyword/Security","isRelatedToKeyword","categoryNameAnalysis"
"category/Document Management","keyword/document","isRelatedToKeyword","categoryNameAnalysis"
"category/Virtualization","keyword/virtualization","isRelatedToKeyword","categoryNameAnalysis"
"category/Games","keyword/Games","isRelatedToKeyword","categoryNameAnalysis"
"category/Restaurants","keyword/restaurants","isRelatedToKeyword","categoryNameAnalysis"
"category/Legal","keyword/legal","isRelatedToKeyword","categoryNameAnalysis"
"category/Investment Management","keyword/investment management","isRelatedToKeyword","categoryNameAnalysis"
"category/Transportation","keyword/Transportation","isRelatedToKeyword","categoryNameAnalysis"
"category/Communications Infrastructure","keyword/infrastructure","isRelatedToKeyword","categoryNameAnalysis"
"category/Health and Wellness","keyword/wellness","isRelatedToKeyword","categoryNameAnalysis"
"category/Health and Wellness","keyword/health","isRelatedToKeyword","categoryNameAnalysis"
"category/Health and Wellness","keyword/and","isRelatedToKeyword","categoryNameAnalysis"
"category/Social Media Monitoring","keyword/Social","isRelatedToKeyword","categoryNameAnalysis"
"category/Social Media Monitoring","keyword/Social Media","isRelatedToKeyword","categoryNameAnalysis"
"category/Social Media Monitoring","keyword/media","isRelatedToKeyword","categoryNameAnalysis"
"category/Social Media Monitoring","keyword/monitoring","isRelatedToKeyword","categoryNameAnalysis"
"category/Social Media Monitoring","keyword/Social Media","isRelatedToKeyword","categoryNameAnalysis"
"category/Social Media Monitoring","keyword/social media monitoring","isRelatedToKeyword","categoryNameAnalysis"
"category/Training","keyword/Training","isRelatedToKeyword","categoryNameAnalysis"
"category/Mobile Payments","keyword/mobile","isRelatedToKeyword","categoryNameAnalysis"
"category/Infrastructure","keyword/infrastructure","isRelatedToKeyword","categoryNameAnalysis"
"category/B2B","keyword/B2B","isRelatedToKeyword","categoryNameAnalysis"
"category/Analytics","keyword/analytics","isRelatedToKeyword","categoryNameAnalysis"
"category/Real Time","keyword/Real time","isRelatedToKeyword","categoryNameAnalysis"
"category/Home Automation","keyword/Home","isRelatedToKeyword","categoryNameAnalysis"
"category/Home Automation","keyword/Automation","isRelatedToKeyword","categoryNameAnalysis"
"category/Business Analytics","keyword/analytics","isRelatedToKeyword","categoryNameAnalysis"
"category/Business Analytics","keyword/business analytics","isRelatedToKeyword","categoryNameAnalysis"
"category/Business Analytics","keyword/business","isRelatedToKeyword","categoryNameAnalysis"
"category/Artificial Intelligence","keyword/intelligence","isRelatedToKeyword","categoryNameAnalysis"
"category/Artificial Intelligence","keyword/artificial","isRelatedToKeyword","categoryNameAnalysis"
"category/Artificial Intelligence","keyword/artificial intelligence","isRelatedToKeyword","categoryNameAnalysis"
"category/Predictive Analytics","keyword/analytics","isRelatedToKeyword","categoryNameAnalysis"
"category/Predictive Analytics","keyword/Predictive analytics","isRelatedToKeyword","categoryNameAnalysis"
"category/Predictive Analytics","keyword/predictive","isRelatedToKeyword","categoryNameAnalysis"
"category/Market Research","keyword/Market Research","isRelatedToKeyword","categoryNameAnalysis"
"category/Mobile Devices","keyword/mobile","isRelatedToKeyword","categoryNameAnalysis"
"category/Optimization","keyword/optimization","isRelatedToKeyword","categoryNameAnalysis"
"category/Mobile Analytics","keyword/analytics","isRelatedToKeyword","categoryNameAnalysis"
"category/Mobile Analytics","keyword/mobile","isRelatedToKeyword","categoryNameAnalysis"
"category/Mobile Analytics","keyword/Mobile Analytics","isRelatedToKeyword","categoryNameAnalysis"
"category/Search Marketing","keyword/marketing","isRelatedToKeyword","categoryNameAnalysis"
"category/Search Marketing","keyword/Search","isRelatedToKeyword","categoryNameAnalysis"
"category/Messaging","keyword/Messaging","isRelatedToKeyword","categoryNameAnalysis"
"category/Automotive","keyword/Automotive","isRelatedToKeyword","categoryNameAnalysis"
"category/Hedge Funds","keyword/hedge","isRelatedToKeyword","categoryNameAnalysis"
"category/Technology","keyword/Technology","isRelatedToKeyword","categoryNameAnalysis"
"category/Geospatial","keyword/geospatial","isRelatedToKeyword","categoryNameAnalysis"
"category/Logistics","keyword/logistics","isRelatedToKeyword","categoryNameAnalysis"
"category/Real Estate","keyword/real estate","isRelatedToKeyword","categoryNameAnalysis"
"category/Digital Media","keyword/media","isRelatedToKeyword","categoryNameAnalysis"
"category/Digital Media","keyword/Digital Media","isRelatedToKeyword","categoryNameAnalysis"
"category/Recipes","keyword/Recipes","isRelatedToKeyword","categoryNameAnalysis"
"category/Location Based Services","keyword/Based","isRelatedToKeyword","categoryNameAnalysis"
"category/Location Based Services","keyword/services","isRelatedToKeyword","categoryNameAnalysis"
"category/Web Development","keyword/Web","isRelatedToKeyword","categoryNameAnalysis"
"category/Web Development","keyword/Web Development","isRelatedToKeyword","categoryNameAnalysis"
"category/Web Development","keyword/development","isRelatedToKeyword","categoryNameAnalysis"
"category/Application Platforms","keyword/application","isRelatedToKeyword","categoryNameAnalysis"
"category/Electronic Health Records","keyword/health","isRelatedToKeyword","categoryNameAnalysis"
"category/Customer Service","keyword/service","isRelatedToKeyword","categoryNameAnalysis"
"category/Customer Service","keyword/customer","isRelatedToKeyword","categoryNameAnalysis"
"category/Customer Service","keyword/customer service","isRelatedToKeyword","categoryNameAnalysis"
"category/Ad Targeting","keyword/targeting","isRelatedToKeyword","categoryNameAnalysis"
"category/Network Security","keyword/Network security","isRelatedToKeyword","categoryNameAnalysis"
"category/Network Security","keyword/Security","isRelatedToKeyword","categoryNameAnalysis"
"category/iOS","keyword/iOS","isRelatedToKeyword","categoryNameAnalysis"
"category/Developer Tools","keyword/developer","isRelatedToKeyword","categoryNameAnalysis"
"category/Twitter Applications","keyword/twitter","isRelatedToKeyword","categoryNameAnalysis"
"category/Finance Technology","keyword/finance","isRelatedToKeyword","categoryNameAnalysis"
"category/Finance Technology","keyword/Technology","isRelatedToKeyword","categoryNameAnalysis"
"category/Internet of Things","keyword/Internet of Things","isRelatedToKeyword","categoryNameAnalysis"
"category/Internet of Things","keyword/internet","isRelatedToKeyword","categoryNameAnalysis"
"category/Semantic Web","keyword/Web","isRelatedToKeyword","categoryNameAnalysis"
"category/Semantic Web","keyword/semantic web","isRelatedToKeyword","categoryNameAnalysis"
