"path","name","type"
"location/fremont/48f72e7d371d76a7b331b5051d6fec87","Fremont","City"
"location/new-york/d64b7615985cfbf44affaa89d70c4050","New York","City"
"location/sunnyvale/7a65a1f399dedb83a98171b9e0062ba1","Sunnyvale","City"
"location/san-juan-capistrano/6a376457f19db2c52dd869ceed25513e","San Juan Capistrano","City"
"location/mountain-view/37bfe551197e02269a805d7bec8a50dd","Mountain View","City"
"location/mountain-view/37bfe551197e02269a805d7bec8a50dd","Mountain View","City"
"location/tel-aviv/722877af1334395e4f27e270959395a0","Tel Aviv","City"
"location/leeds/785c9e0fa695b898d539f7cd91ce4d8f","Leeds","City"
"location/silkeborg/874001ff81eabf6bc589e9544cc71205","Silkeborg","City"
"location/istanbul/6618468699ba3fd26be7c4a96c04812a","Istanbul","City"
"location/los-angeles/4ce61f42f6c4e7ec798d44813b58856b","Los Angeles","City"
"location/mountain-view/37bfe551197e02269a805d7bec8a50dd","Mountain View","City"
"location/calgary/4a387a534057d6c3b1cc7fb8ead31629","Calgary","City"
"location/san-francisco/528f5e3c90d111115d1c2e4ff979d58e","San Francisco","City"
"location/leeds/785c9e0fa695b898d539f7cd91ce4d8f","Leeds","City"
"location/san-francisco/528f5e3c90d111115d1c2e4ff979d58e","San Francisco","City"
"location/london/aad17950576b8c448fd4f44dbeb59220","London","City"
"location/beaverton/bed45f0ce6cdc23ed230e402ec097919","Beaverton","City"
"location/san-juan-capistrano/6a376457f19db2c52dd869ceed25513e","San Juan Capistrano","City"
"location/menlo-park/1f8abfef5379b26b702005a09908492f","Menlo Park","City"
"location/cambridge/46d953abbf0c0fd1c375f151b78542a0","Cambridge","City"
"location/redwood-city/54bae2ecd71e68262f4e65930b3ee757","Redwood City","City"
"location/london/aad17950576b8c448fd4f44dbeb59220","London","City"
"location/saskatoon/9f06c114fb1f617b3c5391e477fbb1a2","Saskatoon","City"
"location/austin/05f9cee2453ec12f243859f21246783e","Austin","City"
"location/netanya/c2aaffeb2f92f6bf85ccd58d1961696c","Netanya","City"
"location/gent/5df4d07612ff8f73dbc49d1657dadab2","Gent","City"
"location/san-francisco/528f5e3c90d111115d1c2e4ff979d58e","San Francisco","City"
"location/irving/d248f640a8aa63e7f70ceb5828a27d7f","Irving","City"
"location/santiago/5786c1ef0da8f1f8e1bd21ed9b12e171","Santiago","City"
"location/cambridge/46d953abbf0c0fd1c375f151b78542a0","Cambridge","City"
"location/heidelberg/548bd517fc1a669c7c65a5ebf2a12cc4","Heidelberg","City"
"location/norwich/6cae9cb2712243f20c84fddda40a50c5","Norwich","City"
"location/sunnyvale/7a65a1f399dedb83a98171b9e0062ba1","Sunnyvale","City"
"location/banfield/f391ce7971a84f926fa5485bded323ce","Banfield","City"
"location/san-francisco/528f5e3c90d111115d1c2e4ff979d58e","San Francisco","City"
"location/istanbul/6618468699ba3fd26be7c4a96c04812a","Istanbul","City"
"location/cambridge/46d953abbf0c0fd1c375f151b78542a0","Cambridge","City"
"location/ramat-gan/0ffb2937abcc64063159aca02877f457","Ramat Gan","City"
"location/jerusalem/52800bd5ad9201dfd2a8dc8d8cc4785c","Jerusalem","City"
"location/fremont/48f72e7d371d76a7b331b5051d6fec87","Fremont","City"
"location/pittsburgh/550eee789a63546d5527761fea1ef37d","Pittsburgh","City"
"location/seoul/8b33ebb2fa74d65d2bbfdb8b2f9637c3","Seoul","City"
"location/dublin/97c70aa17568ca5375122f181f0484a7","Dublin","City"
"location/london/aad17950576b8c448fd4f44dbeb59220","London","City"
"location/mountain-view/37bfe551197e02269a805d7bec8a50dd","Mountain View","City"
"location/mountain-view/37bfe551197e02269a805d7bec8a50dd","Mountain View","City"
"location/langbroek/79fbc671400dd83ce507d4d745005352","Langbroek","City"
"location/new-york/d64b7615985cfbf44affaa89d70c4050","New York","City"
"location/new-york/d64b7615985cfbf44affaa89d70c4050","New York","City"
"location/palo-alto/0d81d68c9c59f14f01163ad9ce7145ca","Palo Alto","City"
"location/noida/448a0a904e45fac0b23a70225bfdde6a","Noida","City"
"location/santa-clara/3fce50c4f3f9793d2f503fc145585090","Santa Clara","City"
"location/são-paulo/f8a963b5dd72cf5241d7819da740ac5e","São Paulo","City"
"location/berlin/e61662e5c5c2c4d92a31d0e6d6453375","Berlin","City"
"location/sofia/02ace54f847a84db5de337baff0ab0b9","Sofia","City"
"location/san-francisco/528f5e3c90d111115d1c2e4ff979d58e","San Francisco","City"
"location/saskatoon/9f06c114fb1f617b3c5391e477fbb1a2","Saskatoon","City"
"location/mumbai/08cc18c484551e1a38710c5e64cfacc7","Mumbai","City"
"location/boulogne-billancourt/c15fff2cf97015d2ddf3f3caf5b0c07d","Boulogne-billancourt","City"
"location/fort-atkinson/d6f6c57c52a1fa5aedffbaa91a36308c","Fort Atkinson","City"
"location/zaragoza/73b40e9984b9a976289c635d74cf11a1","Zaragoza","City"
"location/south-korea/2744d40afc3325359a3eded185736fd1","South Korea","City"
"location/mountain-view/37bfe551197e02269a805d7bec8a50dd","Mountain View","City"
"location/chennai/8a67b8cdbded191497ccc4ef8db93cf6","Chennai","City"
"location/seoul/8b33ebb2fa74d65d2bbfdb8b2f9637c3","Seoul","City"
"location/mumbai/08cc18c484551e1a38710c5e64cfacc7","Mumbai","City"
"location/bellevue/16de61784c1e71790417afcd95455952","Bellevue","City"
"location/san-juan-capistrano/6a376457f19db2c52dd869ceed25513e","San Juan Capistrano","City"
"location/tallinn/43fb1c8817b18aa6b9ac42c0fea70f41","Tallinn","City"
"location/gloucester/03353d7409c24e46d3269e6e7b106b2d","Gloucester","City"
"location/helsinki/f1d17e2b751624dab4dc9eb292782102","Helsinki","City"
"location/san-francisco/528f5e3c90d111115d1c2e4ff979d58e","San Francisco","City"
"location/paris/5805284c00a4f0aab8115843398ff2bb","Paris","City"
"location/campbell/7d69548ea03d5d877fa5baeefc0c26ca","Campbell","City"
"location/new-york/d64b7615985cfbf44affaa89d70c4050","New York","City"
"location/orlando/830584317242ba424b53fac73af6e922","Orlando","City"
"location/grand-cayman/9ca2b8f62cb1b0ae2fc6d34a6a4949b3","Grand Cayman","City"
"location/gothenburg/498118ab308b18c2a6b9167b95151bf1","Gothenburg","City"
"location/san-diego/5e6c021255e24524d10eb2c35a241086","San Diego","City"
"location/new-york/d64b7615985cfbf44affaa89d70c4050","New York","City"
"location/trento/e145bc7550c4f3f199e11f96189c2cc8","Trento","City"
"location/london/aad17950576b8c448fd4f44dbeb59220","London","City"
"location/campinas/b0641306d7492d9c9e38bf2b333fa566","Campinas","City"
"location/new-york/d64b7615985cfbf44affaa89d70c4050","New York","City"
"location/noida/448a0a904e45fac0b23a70225bfdde6a","Noida","City"
"location/montréal/9496c0dd5d97eaf1fde0ee6ad6b41f48","Montréal","City"
"location/toronto/064d4c93264e92b0f3cba9ad94cacd77","Toronto","City"
"location/toronto/064d4c93264e92b0f3cba9ad94cacd77","Toronto","City"
"location/menlo-park/1f8abfef5379b26b702005a09908492f","Menlo Park","City"
"location/seoul/8b33ebb2fa74d65d2bbfdb8b2f9637c3","Seoul","City"
"location/berlin/e61662e5c5c2c4d92a31d0e6d6453375","Berlin","City"
"location/boston/9898e533996b05148cc5302f60454c02","Boston","City"
"location/istanbul/6618468699ba3fd26be7c4a96c04812a","Istanbul","City"
"location/san-francisco/528f5e3c90d111115d1c2e4ff979d58e","San Francisco","City"
"location/bangalore/37f3a3feb659895e4d840b649e005c3a","Bangalore","City"
"location/bethesda/9953b4f77c406ba5b34ebcce51e58685","Bethesda","City"
"location/southlake/1f1c74ac2df76440c595d7f559d51981","Southlake","City"
"location/boston/9898e533996b05148cc5302f60454c02","Boston","City"
"location/den-haag/bc682c5bda13687794d89da026fde03b","Den Haag","City"
"location/new-york/d64b7615985cfbf44affaa89d70c4050","New York","City"
"location/fort-lauderdale/08f391fc15f2e5f73f66f9490df2c7a4","Fort Lauderdale","City"
"location/seoul/8b33ebb2fa74d65d2bbfdb8b2f9637c3","Seoul","City"
"location/melbourne/de341e15e8667e8a7709a364964e99eb","Melbourne","City"
"location/mountain-view/37bfe551197e02269a805d7bec8a50dd","Mountain View","City"
"location/torino/e540585cba29b54ba04e7f648ff0d08a","Torino","City"
"location/boston/9898e533996b05148cc5302f60454c02","Boston","City"
"location/são-paulo/f8a963b5dd72cf5241d7819da740ac5e","São Paulo","City"
"location/singapore/9751cba11f7dc51b7a29d5a2e2985599","Singapore","City"
"location/madison/cad256c55d6b284a3d0f70a2daf9ba46","Madison","City"
"location/san-francisco/528f5e3c90d111115d1c2e4ff979d58e","San Francisco","City"
"location/redmond/080346babe33f84d4ae501037d0f2794","Redmond","City"
"location/new-york/d64b7615985cfbf44affaa89d70c4050","New York","City"
"location/san-diego/5e6c021255e24524d10eb2c35a241086","San Diego","City"
"location/zürich/bd22efa44815cf8ee8c5668079240b6c","Zürich","City"
"location/reston/bcf95506a417e135bc1187fa955602ae","Reston","City"
"location/san-ramon/c09b96f423df7d1f9dffb261d0f951a9","San Ramon","City"
"location/london/aad17950576b8c448fd4f44dbeb59220","London","City"
"location/merced/bdcdfd35a365b4bb5038f2cdc8f94239","Merced","City"
"location/shanghai/101bb0896778e216d81e39e51397d864","Shanghai","City"
"location/berlin/e61662e5c5c2c4d92a31d0e6d6453375","Berlin","City"
"location/san-jose/1a36817cb0a6fbd1a2be3fb7e4900331","San Jose","City"
"location/london/aad17950576b8c448fd4f44dbeb59220","London","City"
"location/mountain-view/37bfe551197e02269a805d7bec8a50dd","Mountain View","City"
"location/tokyo/127ba62dd40a3d1242c0e606f9fa9440","Tokyo","City"
"location/hyderabad/b9f0b92235f2335da1e5f4b9a7f5b0fc","Hyderabad","City"
"location/london/aad17950576b8c448fd4f44dbeb59220","London","City"
"location/hyderabad/b9f0b92235f2335da1e5f4b9a7f5b0fc","Hyderabad","City"
"location/sunnyvale/7a65a1f399dedb83a98171b9e0062ba1","Sunnyvale","City"
"location/cambridge/46d953abbf0c0fd1c375f151b78542a0","Cambridge","City"
"location/san-francisco/528f5e3c90d111115d1c2e4ff979d58e","San Francisco","City"
"location/san-jose/1a36817cb0a6fbd1a2be3fb7e4900331","San Jose","City"
"location/cambridge/46d953abbf0c0fd1c375f151b78542a0","Cambridge","City"
"location/bracknell/6135295375607a59d789755379cbf6e3","Bracknell","City"
"location/helsinki/f1d17e2b751624dab4dc9eb292782102","Helsinki","City"
"location/bangalore/37f3a3feb659895e4d840b649e005c3a","Bangalore","City"
"location/toronto/064d4c93264e92b0f3cba9ad94cacd77","Toronto","City"
"location/northbrook/76c70a6573f951bf296e50ea6cdfd24a","Northbrook","City"
"location/hong-kong/ad27df91c866cb08f3b624121637bf69","Hong Kong","City"
"location/redwood-city/54bae2ecd71e68262f4e65930b3ee757","Redwood City","City"
"location/san-mateo/38414ea0e8b8a6c0946e23052c658c88","San Mateo","City"
"location/monterrey/7268daaa389dc194116579bac2ff0617","Monterrey","City"
"location/singapore/9751cba11f7dc51b7a29d5a2e2985599","Singapore","City"
"location/atlanta/d8030351c1d20ace2b33794a95c99b7c","Atlanta","City"
"location/london/aad17950576b8c448fd4f44dbeb59220","London","City"
"location/cambridge/46d953abbf0c0fd1c375f151b78542a0","Cambridge","City"
"location/herndon/178250d1f67539c6ebed8466bb8799e9","Herndon","City"
"location/chemnitz/7db267f66d63b1c5ac93a99ca9f4468c","Chemnitz","City"
"location/frankfurt-am-main/cf3c1b99e5619a87594609f16298be0b","Frankfurt Am Main","City"
"location/new-york/d64b7615985cfbf44affaa89d70c4050","New York","City"
"location/portland/4670e668ee9346b21654699378136d1d","Portland","City"
"location/northbrook/76c70a6573f951bf296e50ea6cdfd24a","Northbrook","City"
"location/paris/5805284c00a4f0aab8115843398ff2bb","Paris","City"
"location/cambridge/46d953abbf0c0fd1c375f151b78542a0","Cambridge","City"
"location/chicago/efdad00df2c68036f66eefdcaecaafa7","Chicago","City"
"location/newton/4e0bfc9b9b1b9149e82d7d54b231e1fa","Newton","City"
"location/tokyo/127ba62dd40a3d1242c0e606f9fa9440","Tokyo","City"
"location/london/aad17950576b8c448fd4f44dbeb59220","London","City"
"location/austin/05f9cee2453ec12f243859f21246783e","Austin","City"
"location/burlington/c9b689b454a941e2a1fee37bd231f297","Burlington","City"
"location/san-francisco/528f5e3c90d111115d1c2e4ff979d58e","San Francisco","City"
"location/bangalore/37f3a3feb659895e4d840b649e005c3a","Bangalore","City"
"location/herndon/178250d1f67539c6ebed8466bb8799e9","Herndon","City"
"location/new-york/d64b7615985cfbf44affaa89d70c4050","New York","City"
"location/san-francisco/528f5e3c90d111115d1c2e4ff979d58e","San Francisco","City"
"location/moscow/2e267c0c58ace44e018dd3f60f725bcb","Moscow","City"
"location/oslo/755ee4e5dea64a4d23458583a75e4e81","Oslo","City"
"location/jujuy/84ca3c4dbed7e9f2c0c907267b04895c","Jujuy","City"
"location/new-york/d64b7615985cfbf44affaa89d70c4050","New York","City"
"location/warsaw/b29e2fa90ce08f156102ec95533cc2f2","Warsaw","City"
"location/san-francisco/528f5e3c90d111115d1c2e4ff979d58e","San Francisco","City"
"location/seattle/d3d408384bbbb09438656c4cf9970090","Seattle","City"
"location/london/aad17950576b8c448fd4f44dbeb59220","London","City"
"location/kraków/e6f7e23752e16e77e61d6a0bcca9e853","Kraków","City"
"location/cupertino/d66d4982f32de52fa88aaa07a88fe13e","Cupertino","City"
"location/london/aad17950576b8c448fd4f44dbeb59220","London","City"
"location/missoula/f8dfaa113e313ba593ce62ca76fdff40","Missoula","City"
"location/fort-atkinson/d6f6c57c52a1fa5aedffbaa91a36308c","Fort Atkinson","City"
"location/mumbai/08cc18c484551e1a38710c5e64cfacc7","Mumbai","City"
"location/tel-aviv/722877af1334395e4f27e270959395a0","Tel Aviv","City"
"location/charlotte/7e6e1c52039c04cd9e98ea05bed9f66b","Charlotte","City"
"location/bundangdong/6a5fb32acd6d7044228d7620955d5fdb","Bundangdong","City"
"location/houston/a285cc34a72e40c59da3a85aef78a67e","Houston","City"
"location/tokyo/127ba62dd40a3d1242c0e606f9fa9440","Tokyo","City"
"location/hattiesburg/6c65bdbe87da0844c34aef7dde77ee27","Hattiesburg","City"
"location/redwood-city/54bae2ecd71e68262f4e65930b3ee757","Redwood City","City"
"location/pune/2c69941daa1ea666db3cb74f2029ae62","Pune","City"
"location/vilnius/36184837b1ed7026bd35b23ed43dbca1","Vilnius","City"
"location/palo-alto/0d81d68c9c59f14f01163ad9ce7145ca","Palo Alto","City"
"location/sunnyvale/7a65a1f399dedb83a98171b9e0062ba1","Sunnyvale","City"
"location/seattle/d3d408384bbbb09438656c4cf9970090","Seattle","City"
"location/bratislava/06c0026588e072c1c1c9c4857b706760","Bratislava","City"
"location/redwood-city/54bae2ecd71e68262f4e65930b3ee757","Redwood City","City"
"location/langbroek/79fbc671400dd83ce507d4d745005352","Langbroek","City"
"location/south-korea/2744d40afc3325359a3eded185736fd1","South Korea","City"
"location/san-jose/1a36817cb0a6fbd1a2be3fb7e4900331","San Jose","City"
"location/singapore/9751cba11f7dc51b7a29d5a2e2985599","Singapore","City"
"location/san-francisco/528f5e3c90d111115d1c2e4ff979d58e","San Francisco","City"
"location/singapore/9751cba11f7dc51b7a29d5a2e2985599","Singapore","City"
"location/chicago/efdad00df2c68036f66eefdcaecaafa7","Chicago","City"
"location/waltham/02f71c8f3589b9dad8b3b1ad1bc9b93a","Waltham","City"
"location/san-mateo/38414ea0e8b8a6c0946e23052c658c88","San Mateo","City"
"location/daresbury/b1c50413b6bc59fb0d560039ffa7ff83","Daresbury","City"
"location/san-ramon/c09b96f423df7d1f9dffb261d0f951a9","San Ramon","City"
"location/san-francisco/528f5e3c90d111115d1c2e4ff979d58e","San Francisco","City"
"location/longwood/3085e9e3ee420809d6ed32a1b2f0ed0f","Longwood","City"
"location/toronto/064d4c93264e92b0f3cba9ad94cacd77","Toronto","City"
"location/san-mateo/38414ea0e8b8a6c0946e23052c658c88","San Mateo","City"
"location/melbourne/de341e15e8667e8a7709a364964e99eb","Melbourne","City"
"location/sofia/02ace54f847a84db5de337baff0ab0b9","Sofia","City"
"location/new-york/d64b7615985cfbf44affaa89d70c4050","New York","City"
"location/tallinn/43fb1c8817b18aa6b9ac42c0fea70f41","Tallinn","City"
"location/san-jose/1a36817cb0a6fbd1a2be3fb7e4900331","San Jose","City"
"location/norwich/6cae9cb2712243f20c84fddda40a50c5","Norwich","City"
"location/paris/5805284c00a4f0aab8115843398ff2bb","Paris","City"
"location/san-mateo/38414ea0e8b8a6c0946e23052c658c88","San Mateo","City"
"location/helsinki/f1d17e2b751624dab4dc9eb292782102","Helsinki","City"
"location/redwood-city/54bae2ecd71e68262f4e65930b3ee757","Redwood City","City"
"location/kochi/7bc703ac01d5253b96eac0026bfd2f79","Kochi","City"
"location/san-francisco/528f5e3c90d111115d1c2e4ff979d58e","San Francisco","City"
"location/san-francisco/528f5e3c90d111115d1c2e4ff979d58e","San Francisco","City"
"location/san-francisco/528f5e3c90d111115d1c2e4ff979d58e","San Francisco","City"
"location/medellín/42e45eda0368e5d4233c71494c0bfbd4","Medellín","City"
"location/san-diego/5e6c021255e24524d10eb2c35a241086","San Diego","City"
"location/oslo/755ee4e5dea64a4d23458583a75e4e81","Oslo","City"
"location/new-york/d64b7615985cfbf44affaa89d70c4050","New York","City"
"location/paris/5805284c00a4f0aab8115843398ff2bb","Paris","City"
"location/boston/9898e533996b05148cc5302f60454c02","Boston","City"
"location/netanya/c2aaffeb2f92f6bf85ccd58d1961696c","Netanya","City"
"location/bellevue/16de61784c1e71790417afcd95455952","Bellevue","City"
"location/atlanta/d8030351c1d20ace2b33794a95c99b7c","Atlanta","City"
"location/los-gatos/77558ef65dcc0a306ec5a53de432e770","Los Gatos","City"
"location/san-francisco/528f5e3c90d111115d1c2e4ff979d58e","San Francisco","City"
"location/issy-les-moulineaux/304756a14520de1ca92bf091299318f1","Issy-les-moulineaux","City"
"location/herndon/178250d1f67539c6ebed8466bb8799e9","Herndon","City"
"location/tel-aviv/722877af1334395e4f27e270959395a0","Tel Aviv","City"
"location/copenhagen/c0723e0a84b4231e3cf7f3be235af6d4","Copenhagen","City"
"location/london/aad17950576b8c448fd4f44dbeb59220","London","City"
"location/redwood-city/54bae2ecd71e68262f4e65930b3ee757","Redwood City","City"
"location/tel-aviv/722877af1334395e4f27e270959395a0","Tel Aviv","City"
"location/moscow/2e267c0c58ace44e018dd3f60f725bcb","Moscow","City"
"location/santa-clara/3fce50c4f3f9793d2f503fc145585090","Santa Clara","City"
"location/minneapolis/90f4f57a1ecc426035372d402fcbe1bc","Minneapolis","City"
"location/new-york/d64b7615985cfbf44affaa89d70c4050","New York","City"
"location/redwood-city/54bae2ecd71e68262f4e65930b3ee757","Redwood City","City"
"location/oslo/755ee4e5dea64a4d23458583a75e4e81","Oslo","City"
"location/london/aad17950576b8c448fd4f44dbeb59220","London","City"
"location/tel-aviv/722877af1334395e4f27e270959395a0","Tel Aviv","City"
"location/new-york/d64b7615985cfbf44affaa89d70c4050","New York","City"
"location/san-francisco/528f5e3c90d111115d1c2e4ff979d58e","San Francisco","City"
"location/san-mateo/38414ea0e8b8a6c0946e23052c658c88","San Mateo","City"
"location/washington/09d220d540bacd296f7a5035ff6e6bef","Washington","City"
"location/palo-alto/0d81d68c9c59f14f01163ad9ce7145ca","Palo Alto","City"
"location/montréal/9496c0dd5d97eaf1fde0ee6ad6b41f48","Montréal","City"
"location/bangalore/37f3a3feb659895e4d840b649e005c3a","Bangalore","City"
"location/san-diego/5e6c021255e24524d10eb2c35a241086","San Diego","City"
"location/toronto/064d4c93264e92b0f3cba9ad94cacd77","Toronto","City"
"location/san-jose/1a36817cb0a6fbd1a2be3fb7e4900331","San Jose","City"
"location/medellín/42e45eda0368e5d4233c71494c0bfbd4","Medellín","City"
"location/san-jose/1a36817cb0a6fbd1a2be3fb7e4900331","San Jose","City"
"location/zürich/bd22efa44815cf8ee8c5668079240b6c","Zürich","City"
"location/pittsburgh/550eee789a63546d5527761fea1ef37d","Pittsburgh","City"
"location/brooklyn/8de855d7a2b8d2d97336072abcf1abe1","Brooklyn","City"
"location/new-york/d64b7615985cfbf44affaa89d70c4050","New York","City"
"location/nijmegen/3bb05a66e63525f4eb62cc9a0227f536","Nijmegen","City"
"location/london/aad17950576b8c448fd4f44dbeb59220","London","City"
"location/palo-alto/0d81d68c9c59f14f01163ad9ce7145ca","Palo Alto","City"
"location/barcelona/eead2c0cb178ad334e6d6c813c955e99","Barcelona","City"
"location/bangalore/37f3a3feb659895e4d840b649e005c3a","Bangalore","City"
"location/zagreb/ee9678c1226e1ae949918de4f11e90f1","Zagreb","City"
"location/tel-aviv/722877af1334395e4f27e270959395a0","Tel Aviv","City"
"location/barcelona/eead2c0cb178ad334e6d6c813c955e99","Barcelona","City"
"location/mumbai/08cc18c484551e1a38710c5e64cfacc7","Mumbai","City"
"location/salt-lake-city/b70a7ae026469643dce0d0a466fae009","Salt Lake City","City"
"location/san-francisco/528f5e3c90d111115d1c2e4ff979d58e","San Francisco","City"
"location/palo-alto/0d81d68c9c59f14f01163ad9ce7145ca","Palo Alto","City"
"location/campbell/7d69548ea03d5d877fa5baeefc0c26ca","Campbell","City"
"location/seoul/8b33ebb2fa74d65d2bbfdb8b2f9637c3","Seoul","City"
"location/wayne/284294fd14de41184b0a7e87cf712ebc","Wayne","City"
"location/berlin/e61662e5c5c2c4d92a31d0e6d6453375","Berlin","City"
"location/mumbai/08cc18c484551e1a38710c5e64cfacc7","Mumbai","City"
"location/taipei/adb03b198da9c103ab6cd4db67b95caf","Taipei","City"
"location/new-york/d64b7615985cfbf44affaa89d70c4050","New York","City"
"location/oulu/98a6e390cc4204b1c05a6b0dc0799dbb","Oulu","City"
"location/fort-lauderdale/08f391fc15f2e5f73f66f9490df2c7a4","Fort Lauderdale","City"
"location/austin/05f9cee2453ec12f243859f21246783e","Austin","City"
"location/boulogne-billancourt/c15fff2cf97015d2ddf3f3caf5b0c07d","Boulogne-billancourt","City"
"location/san-francisco/528f5e3c90d111115d1c2e4ff979d58e","San Francisco","City"
"location/london/aad17950576b8c448fd4f44dbeb59220","London","City"
"location/kansas-city/8587d2f71ba80306e69df3643e2c5286","Kansas City","City"
"location/bethesda/9953b4f77c406ba5b34ebcce51e58685","Bethesda","City"
"location/dublin/97c70aa17568ca5375122f181f0484a7","Dublin","City"
"location/cambridge/46d953abbf0c0fd1c375f151b78542a0","Cambridge","City"
"location/berlin/e61662e5c5c2c4d92a31d0e6d6453375","Berlin","City"
"location/sunnyvale/7a65a1f399dedb83a98171b9e0062ba1","Sunnyvale","City"
"location/budapest/e0f94cce38aa3bd0949504fc0cabd5a9","Budapest","City"
"location/tel-aviv/722877af1334395e4f27e270959395a0","Tel Aviv","City"
"location/amsterdam/2d7466f6ddb19f204f028b4b5d283d9f","Amsterdam","City"
"location/san-francisco/528f5e3c90d111115d1c2e4ff979d58e","San Francisco","City"
"location/paris/5805284c00a4f0aab8115843398ff2bb","Paris","City"
"location/boston/9898e533996b05148cc5302f60454c02","Boston","City"
"location/austin/05f9cee2453ec12f243859f21246783e","Austin","City"
"location/ljubljana/daf758bcf17403d5c0b1dca000c93237","Ljubljana","City"
"location/chicago/efdad00df2c68036f66eefdcaecaafa7","Chicago","City"
"location/san-francisco/528f5e3c90d111115d1c2e4ff979d58e","San Francisco","City"
"location/pune/2c69941daa1ea666db3cb74f2029ae62","Pune","City"
"location/concord/fbc3f9ca0558bcc8ac72225708f54f75","Concord","City"
"location/palm-beach-shores/9f1f3453fd66a3af54c5f93e9cb25d03","Palm Beach Shores","City"
"location/boston/9898e533996b05148cc5302f60454c02","Boston","City"
"location/menlo-park/1f8abfef5379b26b702005a09908492f","Menlo Park","City"
"location/oslo/755ee4e5dea64a4d23458583a75e4e81","Oslo","City"
"location/san-jose/1a36817cb0a6fbd1a2be3fb7e4900331","San Jose","City"
"location/santa-clara/3fce50c4f3f9793d2f503fc145585090","Santa Clara","City"
"location/mumbai/08cc18c484551e1a38710c5e64cfacc7","Mumbai","City"
"location/australia/973b2306d32e3a70263ef1de1e0068f6","Australia","City"
"location/san-diego/5e6c021255e24524d10eb2c35a241086","San Diego","City"
"location/burlingame/9af4965068c805b6d3ca3e4a0387d0ba","Burlingame","City"
"location/shanghai/101bb0896778e216d81e39e51397d864","Shanghai","City"
"location/san-francisco/528f5e3c90d111115d1c2e4ff979d58e","San Francisco","City"
"location/seoul/8b33ebb2fa74d65d2bbfdb8b2f9637c3","Seoul","City"
"location/san-francisco/528f5e3c90d111115d1c2e4ff979d58e","San Francisco","City"
"location/london/aad17950576b8c448fd4f44dbeb59220","London","City"
"location/chemnitz/7db267f66d63b1c5ac93a99ca9f4468c","Chemnitz","City"
"location/menlo-park/1f8abfef5379b26b702005a09908492f","Menlo Park","City"
"location/london/aad17950576b8c448fd4f44dbeb59220","London","City"
"location/bangalore/37f3a3feb659895e4d840b649e005c3a","Bangalore","City"
"location/irving/d248f640a8aa63e7f70ceb5828a27d7f","Irving","City"
"location/china/500afaba46450121d7b899327c7aaa07","China","City"
"location/veszprém/04706cdb7ff861c3601c0237aaf97d75","Veszprém","City"
"location/singapore/9751cba11f7dc51b7a29d5a2e2985599","Singapore","City"
"location/palo-alto/0d81d68c9c59f14f01163ad9ce7145ca","Palo Alto","City"
"location/langbroek/79fbc671400dd83ce507d4d745005352","Langbroek","City"
"location/new-york/d64b7615985cfbf44affaa89d70c4050","New York","City"
"location/menlo-park/1f8abfef5379b26b702005a09908492f","Menlo Park","City"
"location/reston/bcf95506a417e135bc1187fa955602ae","Reston","City"
"location/manchester/b391bc369fa3b62a2f0f9040911549b7","Manchester","City"
"location/bellevue/16de61784c1e71790417afcd95455952","Bellevue","City"
"location/milan/9c5094c44cf66285f1b0acab7a7fc285","Milan","City"
"location/hyderabad/b9f0b92235f2335da1e5f4b9a7f5b0fc","Hyderabad","City"
"location/mountain-view/37bfe551197e02269a805d7bec8a50dd","Mountain View","City"
"location/san-mateo/38414ea0e8b8a6c0946e23052c658c88","San Mateo","City"
"location/san-francisco/528f5e3c90d111115d1c2e4ff979d58e","San Francisco","City"
"location/austin/05f9cee2453ec12f243859f21246783e","Austin","City"
"location/foster-city/ab4b0e4c35a44fa78c1f24119c0c3b71","Foster City","City"
"location/boston/9898e533996b05148cc5302f60454c02","Boston","City"
"location/san-francisco/528f5e3c90d111115d1c2e4ff979d58e","San Francisco","City"
"location/philadelphia/698b65084dd1dd96129532e7006adcff","Philadelphia","City"
"location/mountain-view/37bfe551197e02269a805d7bec8a50dd","Mountain View","City"
"location/paris/5805284c00a4f0aab8115843398ff2bb","Paris","City"
"location/new-york/d64b7615985cfbf44affaa89d70c4050","New York","City"
"location/san-francisco/528f5e3c90d111115d1c2e4ff979d58e","San Francisco","City"
"location/bangalore/37f3a3feb659895e4d840b649e005c3a","Bangalore","City"
"location/menlo-park/1f8abfef5379b26b702005a09908492f","Menlo Park","City"
"location/london/aad17950576b8c448fd4f44dbeb59220","London","City"
"location/vicente-lópez/7d9eef38defd59a3a40718ce5f516bb9","Vicente López","City"
"location/palo-alto/0d81d68c9c59f14f01163ad9ce7145ca","Palo Alto","City"
"location/lebanon/13a6d1f51e40525d1e34c65a44723c88","Lebanon","City"
"location/hattiesburg/6c65bdbe87da0844c34aef7dde77ee27","Hattiesburg","City"
"location/singapore/9751cba11f7dc51b7a29d5a2e2985599","Singapore","City"
"location/mumbai/08cc18c484551e1a38710c5e64cfacc7","Mumbai","City"
"location/leipzig/d7fd324c391bb40ac80885db9ee80431","Leipzig","City"
"location/san-francisco/528f5e3c90d111115d1c2e4ff979d58e","San Francisco","City"
"location/san-francisco/528f5e3c90d111115d1c2e4ff979d58e","San Francisco","City"
"location/los-gatos/77558ef65dcc0a306ec5a53de432e770","Los Gatos","City"
"location/vienna/8cff640e720bb65adcb59e58b4199f09","Vienna","City"
"location/bangalore/37f3a3feb659895e4d840b649e005c3a","Bangalore","City"
"location/batavia/ad7082d2dd1c6799af434c1f8d4a73a5","Batavia","City"
"location/vancouver/66c3654d14571b2e5d24a7d40c6da46e","Vancouver","City"
"location/new-york/d64b7615985cfbf44affaa89d70c4050","New York","City"
"location/jersey-city/5ef3a9223fccc603858b5fa5f7772044","Jersey City","City"
"location/san-carlos/39b9b02a90f8939b51205ca52ce75721","San Carlos","City"
"location/santa-clara/3fce50c4f3f9793d2f503fc145585090","Santa Clara","City"
"location/boulder/e208d0e61b9bcf1116e75feddc832cb5","Boulder","City"
"location/san-francisco/528f5e3c90d111115d1c2e4ff979d58e","San Francisco","City"
"location/san-francisco/528f5e3c90d111115d1c2e4ff979d58e","San Francisco","City"
"location/munich/6469af1b6dbf1e9e17d9e4f39a86aa95","Munich","City"
"location/san-francisco/528f5e3c90d111115d1c2e4ff979d58e","San Francisco","City"
"location/athens/7413a57ec3b98ec4f37b7816075385ed","Athens","City"
"location/birmingham/d55cd37a2858b90a074067b5ce51a622","Birmingham","City"
"location/sydney/cb843159b286d32003a7ce36d6764f21","Sydney","City"
"location/san-francisco/528f5e3c90d111115d1c2e4ff979d58e","San Francisco","City"
"location/jersey-city/5ef3a9223fccc603858b5fa5f7772044","Jersey City","City"
"location/boston/9898e533996b05148cc5302f60454c02","Boston","City"
"location/madrid/a52d6b48d27864175b55a48d24ad580c","Madrid","City"
"location/bethesda/9953b4f77c406ba5b34ebcce51e58685","Bethesda","City"
"location/fremont/48f72e7d371d76a7b331b5051d6fec87","Fremont","City"
"location/new-orleans/aa205b3bc09ee2190438b569dcd37bd2","New Orleans","City"
"location/trento/e145bc7550c4f3f199e11f96189c2cc8","Trento","City"
"location/mumbai/08cc18c484551e1a38710c5e64cfacc7","Mumbai","City"
"location/sunnyvale/7a65a1f399dedb83a98171b9e0062ba1","Sunnyvale","City"
"location/jujuy/84ca3c4dbed7e9f2c0c907267b04895c","Jujuy","City"
"location/new-orleans/aa205b3bc09ee2190438b569dcd37bd2","New Orleans","City"
"location/san-francisco/528f5e3c90d111115d1c2e4ff979d58e","San Francisco","City"
"location/berlin/e61662e5c5c2c4d92a31d0e6d6453375","Berlin","City"
"location/boston/9898e533996b05148cc5302f60454c02","Boston","City"
"location/istanbul/6618468699ba3fd26be7c4a96c04812a","Istanbul","City"
"location/seoul/8b33ebb2fa74d65d2bbfdb8b2f9637c3","Seoul","City"
"location/palo-alto/0d81d68c9c59f14f01163ad9ce7145ca","Palo Alto","City"
"location/fairfield/db5df59948b0b62e12a1364f7c57bbe1","Fairfield","City"
"location/berlin/e61662e5c5c2c4d92a31d0e6d6453375","Berlin","City"
"location/sunnyvale/7a65a1f399dedb83a98171b9e0062ba1","Sunnyvale","City"
"location/new-york/d64b7615985cfbf44affaa89d70c4050","New York","City"
"location/hamburg/e350a7bb7917a0240a8abe67449de5b7","Hamburg","City"
"location/noida/448a0a904e45fac0b23a70225bfdde6a","Noida","City"
"location/santa-clara/3fce50c4f3f9793d2f503fc145585090","Santa Clara","City"
"location/montréal/9496c0dd5d97eaf1fde0ee6ad6b41f48","Montréal","City"
"location/mountain-view/37bfe551197e02269a805d7bec8a50dd","Mountain View","City"
"location/san-mateo/38414ea0e8b8a6c0946e23052c658c88","San Mateo","City"
"location/torino/e540585cba29b54ba04e7f648ff0d08a","Torino","City"
"location/mountain-view/37bfe551197e02269a805d7bec8a50dd","Mountain View","City"
"location/athens/7413a57ec3b98ec4f37b7816075385ed","Athens","City"
"location/quarry-bay/db6a296dbd3b6e5494ee58715e9d6d7e","Quarry Bay","City"
"location/san-francisco/528f5e3c90d111115d1c2e4ff979d58e","San Francisco","City"
"location/park-city/fae159f384936f1c72f9c84457b12d88","Park City","City"
"location/london/aad17950576b8c448fd4f44dbeb59220","London","City"
"location/menlo-park/1f8abfef5379b26b702005a09908492f","Menlo Park","City"
"location/san-francisco/528f5e3c90d111115d1c2e4ff979d58e","San Francisco","City"
"location/palo-alto/0d81d68c9c59f14f01163ad9ce7145ca","Palo Alto","City"
"location/london/aad17950576b8c448fd4f44dbeb59220","London","City"
"location/merced/bdcdfd35a365b4bb5038f2cdc8f94239","Merced","City"
"location/dhaka/83371dff4a57334249f764ee4befeb0b","Dhaka","City"
"location/delft/f46a54c4709dfb0da2d6a354c7b72ef9","Delft","City"
"location/izmir/25a331ea0fd2323463c57e1e6be5e9b1","Izmir","City"
"location/san-jose/1a36817cb0a6fbd1a2be3fb7e4900331","San Jose","City"
"location/tel-aviv/722877af1334395e4f27e270959395a0","Tel Aviv","City"
"location/toronto/064d4c93264e92b0f3cba9ad94cacd77","Toronto","City"
"location/mountain-view/37bfe551197e02269a805d7bec8a50dd","Mountain View","City"
"location/seattle/d3d408384bbbb09438656c4cf9970090","Seattle","City"
"location/singapore/9751cba11f7dc51b7a29d5a2e2985599","Singapore","City"
"location/washington/09d220d540bacd296f7a5035ff6e6bef","Washington","City"
"location/portsmouth/ff1f526fb91c7252837caa40c336dc8e","Portsmouth","City"
"location/london/aad17950576b8c448fd4f44dbeb59220","London","City"
"location/perth-amboy/94478c841d938935ec4b5c8da53cd91d","Perth Amboy","City"
"location/kuala-lumpur/3beb6e172146dd0d8c4d5779e19a9f8e","Kuala Lumpur","City"
"location/pune/2c69941daa1ea666db3cb74f2029ae62","Pune","City"
"location/san-francisco/528f5e3c90d111115d1c2e4ff979d58e","San Francisco","City"
"location/bangalore/37f3a3feb659895e4d840b649e005c3a","Bangalore","City"
"location/san-francisco/528f5e3c90d111115d1c2e4ff979d58e","San Francisco","City"
"location/beijing/eba5ce9038f133a7a84380a2bca2a4a1","Beijing","City"
"location/cambridge/46d953abbf0c0fd1c375f151b78542a0","Cambridge","City"
"location/south-korea/2744d40afc3325359a3eded185736fd1","South Korea","City"
"location/mountain-view/37bfe551197e02269a805d7bec8a50dd","Mountain View","City"
"location/san-francisco/528f5e3c90d111115d1c2e4ff979d58e","San Francisco","City"
"location/barcelona/eead2c0cb178ad334e6d6c813c955e99","Barcelona","City"
"location/shreveport/8f50adf03ace0690c615d96d38a2b589","Shreveport","City"
"location/paris/5805284c00a4f0aab8115843398ff2bb","Paris","City"
"location/san-francisco/528f5e3c90d111115d1c2e4ff979d58e","San Francisco","City"
"location/san-francisco/528f5e3c90d111115d1c2e4ff979d58e","San Francisco","City"
"location/london/aad17950576b8c448fd4f44dbeb59220","London","City"
"location/london/aad17950576b8c448fd4f44dbeb59220","London","City"
"location/san-francisco/528f5e3c90d111115d1c2e4ff979d58e","San Francisco","City"
"location/ramat-gan/0ffb2937abcc64063159aca02877f457","Ramat Gan","City"
"location/san-francisco/528f5e3c90d111115d1c2e4ff979d58e","San Francisco","City"
"location/solana-beach/733b6b865a75afa91f65cd9a47bd697d","Solana Beach","City"
"location/paris/5805284c00a4f0aab8115843398ff2bb","Paris","City"
"location/san-jose/1a36817cb0a6fbd1a2be3fb7e4900331","San Jose","City"
"location/london/aad17950576b8c448fd4f44dbeb59220","London","City"
"location/oslo/755ee4e5dea64a4d23458583a75e4e81","Oslo","City"
"location/helsinki/f1d17e2b751624dab4dc9eb292782102","Helsinki","City"
"location/budapest/e0f94cce38aa3bd0949504fc0cabd5a9","Budapest","City"
"location/delft/f46a54c4709dfb0da2d6a354c7b72ef9","Delft","City"
"location/new-york/d64b7615985cfbf44affaa89d70c4050","New York","City"
"location/brooklyn/8de855d7a2b8d2d97336072abcf1abe1","Brooklyn","City"
"location/atlanta/d8030351c1d20ace2b33794a95c99b7c","Atlanta","City"
"location/barcelona/eead2c0cb178ad334e6d6c813c955e99","Barcelona","City"
"location/cambridge/46d953abbf0c0fd1c375f151b78542a0","Cambridge","City"
"location/nashua/1cc86c8caa0c0447cc900acddc06d112","Nashua","City"
"location/buenos-aires/0db4708f6b65e5e7b7745b7afb010a52","Buenos Aires","City"
"location/reston/bcf95506a417e135bc1187fa955602ae","Reston","City"
"location/san-jose/1a36817cb0a6fbd1a2be3fb7e4900331","San Jose","City"
"location/san-ramon/c09b96f423df7d1f9dffb261d0f951a9","San Ramon","City"
"location/munich/6469af1b6dbf1e9e17d9e4f39a86aa95","Munich","City"
"location/santa-monica/f38eecd93079f0404849ef0d7d2023a6","Santa Monica","City"
"location/san-mateo/38414ea0e8b8a6c0946e23052c658c88","San Mateo","City"
"location/charlotte/7e6e1c52039c04cd9e98ea05bed9f66b","Charlotte","City"
"location/tel-aviv/722877af1334395e4f27e270959395a0","Tel Aviv","City"
"location/amsterdam/2d7466f6ddb19f204f028b4b5d283d9f","Amsterdam","City"
"location/ahmedabad/f0792849320e3222e6877f67d9fe789d","Ahmedabad","City"
"location/chiari/2a39cf4306a8d6490485004f2e4e8491","Chiari","City"
"location/istanbul/6618468699ba3fd26be7c4a96c04812a","Istanbul","City"
"location/southlake/1f1c74ac2df76440c595d7f559d51981","Southlake","City"
"location/new-york/d64b7615985cfbf44affaa89d70c4050","New York","City"
"location/amsterdam/2d7466f6ddb19f204f028b4b5d283d9f","Amsterdam","City"
"location/orlando/830584317242ba424b53fac73af6e922","Orlando","City"
"location/portland/4670e668ee9346b21654699378136d1d","Portland","City"
"location/athens/7413a57ec3b98ec4f37b7816075385ed","Athens","City"
"location/sunnyvale/7a65a1f399dedb83a98171b9e0062ba1","Sunnyvale","City"
"location/mountain-view/37bfe551197e02269a805d7bec8a50dd","Mountain View","City"
"location/tel-aviv/722877af1334395e4f27e270959395a0","Tel Aviv","City"
"location/seattle/d3d408384bbbb09438656c4cf9970090","Seattle","City"
"location/paris/5805284c00a4f0aab8115843398ff2bb","Paris","City"
"location/beijing/eba5ce9038f133a7a84380a2bca2a4a1","Beijing","City"
"location/saint-cloud/109d1fa0bd768dbc39b11e1cf9c31d58","Saint Cloud","City"
"location/san-francisco/528f5e3c90d111115d1c2e4ff979d58e","San Francisco","City"
"location/stavanger/448d887d1bee0a6b51bf9afadc05a838","Stavanger","City"
"location/mountain-view/37bfe551197e02269a805d7bec8a50dd","Mountain View","City"
"location/montréal/9496c0dd5d97eaf1fde0ee6ad6b41f48","Montréal","City"
"location/london/aad17950576b8c448fd4f44dbeb59220","London","City"
"location/san-francisco/528f5e3c90d111115d1c2e4ff979d58e","San Francisco","City"
"location/bratislava/06c0026588e072c1c1c9c4857b706760","Bratislava","City"
"location/london/aad17950576b8c448fd4f44dbeb59220","London","City"
"location/cambridge/46d953abbf0c0fd1c375f151b78542a0","Cambridge","City"
"location/palo-alto/0d81d68c9c59f14f01163ad9ce7145ca","Palo Alto","City"
"location/amherst/a513afd0f580770b3b630acc57195107","Amherst","City"
"location/menlo-park/1f8abfef5379b26b702005a09908492f","Menlo Park","City"
"location/chicago/efdad00df2c68036f66eefdcaecaafa7","Chicago","City"
"location/greenwich/25b3513d72340b71ca8e8e61e99c6516","Greenwich","City"
"location/san-francisco/528f5e3c90d111115d1c2e4ff979d58e","San Francisco","City"
"location/bangalore/37f3a3feb659895e4d840b649e005c3a","Bangalore","City"
"location/san-jose/1a36817cb0a6fbd1a2be3fb7e4900331","San Jose","City"
"location/seoul/8b33ebb2fa74d65d2bbfdb8b2f9637c3","Seoul","City"
"location/vilnius/36184837b1ed7026bd35b23ed43dbca1","Vilnius","City"
"location/san-francisco/528f5e3c90d111115d1c2e4ff979d58e","San Francisco","City"
"location/manchester/b391bc369fa3b62a2f0f9040911549b7","Manchester","City"
"location/charlottesville/b7537fb33e97ec99596dd3c449fd6231","Charlottesville","City"
"location/san-francisco/528f5e3c90d111115d1c2e4ff979d58e","San Francisco","City"
"location/san-francisco/528f5e3c90d111115d1c2e4ff979d58e","San Francisco","City"
"location/washington/09d220d540bacd296f7a5035ff6e6bef","Washington","City"
"location/pasadena/a5632994746a5f319f647959bc204c31","Pasadena","City"
"location/seattle/d3d408384bbbb09438656c4cf9970090","Seattle","City"
"location/san-mateo/38414ea0e8b8a6c0946e23052c658c88","San Mateo","City"
"location/berlin/e61662e5c5c2c4d92a31d0e6d6453375","Berlin","City"
"location/san-francisco/528f5e3c90d111115d1c2e4ff979d58e","San Francisco","City"
"location/mumbai/08cc18c484551e1a38710c5e64cfacc7","Mumbai","City"
"location/new-york/d64b7615985cfbf44affaa89d70c4050","New York","City"
"location/prague/e0b951dcf7108754ddde5ef04dddd9f8","Prague","City"
"location/mountain-view/37bfe551197e02269a805d7bec8a50dd","Mountain View","City"
"location/san-francisco/528f5e3c90d111115d1c2e4ff979d58e","San Francisco","City"
"location/bangalore/37f3a3feb659895e4d840b649e005c3a","Bangalore","City"
"location/newton/4e0bfc9b9b1b9149e82d7d54b231e1fa","Newton","City"
"location/redwood-city/54bae2ecd71e68262f4e65930b3ee757","Redwood City","City"
"location/menlo-park/1f8abfef5379b26b702005a09908492f","Menlo Park","City"
"location/menlo-park/1f8abfef5379b26b702005a09908492f","Menlo Park","City"
"location/berlin/e61662e5c5c2c4d92a31d0e6d6453375","Berlin","City"
"location/san-francisco/528f5e3c90d111115d1c2e4ff979d58e","San Francisco","City"
"location/waltham/02f71c8f3589b9dad8b3b1ad1bc9b93a","Waltham","City"
"location/new-york/d64b7615985cfbf44affaa89d70c4050","New York","City"
"location/san-diego/5e6c021255e24524d10eb2c35a241086","San Diego","City"
"location/naperville/24741860f904395b7eda88e5cb9f321c","Naperville","City"
"location/cupertino/d66d4982f32de52fa88aaa07a88fe13e","Cupertino","City"
"location/montpellier/2ab3ec9630366b16d3b06c42aa05f3fa","Montpellier","City"
"location/stockholm/52ed0e71d0c75c778fe384ce4349ebcf","Stockholm","City"
"location/chicago/efdad00df2c68036f66eefdcaecaafa7","Chicago","City"
"location/barcelona/eead2c0cb178ad334e6d6c813c955e99","Barcelona","City"
"location/foster-city/ab4b0e4c35a44fa78c1f24119c0c3b71","Foster City","City"
"location/dublin/97c70aa17568ca5375122f181f0484a7","Dublin","City"
"location/london/aad17950576b8c448fd4f44dbeb59220","London","City"
"location/toronto/064d4c93264e92b0f3cba9ad94cacd77","Toronto","City"
"location/sheffield/e5943da387d2e2146a0d20cdeaaa1710","Sheffield","City"
"location/walnut-creek/8f5f2cfa39fcb11584d386dea8c9d4dd","Walnut Creek","City"
"location/redwood-city/54bae2ecd71e68262f4e65930b3ee757","Redwood City","City"
"location/london/aad17950576b8c448fd4f44dbeb59220","London","City"
"location/montréal/9496c0dd5d97eaf1fde0ee6ad6b41f48","Montréal","City"
"location/chicago/efdad00df2c68036f66eefdcaecaafa7","Chicago","City"
"location/london/aad17950576b8c448fd4f44dbeb59220","London","City"
"location/ra-anana/270ad2300c7de2d2a8b674cf064d2842","Ra'anana","City"
"location/prague/e0b951dcf7108754ddde5ef04dddd9f8","Prague","City"
"location/toronto/064d4c93264e92b0f3cba9ad94cacd77","Toronto","City"
"location/san-francisco/528f5e3c90d111115d1c2e4ff979d58e","San Francisco","City"
"location/istanbul/6618468699ba3fd26be7c4a96c04812a","Istanbul","City"
"location/charlotte/7e6e1c52039c04cd9e98ea05bed9f66b","Charlotte","City"
"location/sydney/cb843159b286d32003a7ce36d6764f21","Sydney","City"
"location/vancouver/66c3654d14571b2e5d24a7d40c6da46e","Vancouver","City"
"location/san-jose/1a36817cb0a6fbd1a2be3fb7e4900331","San Jose","City"
"location/gent/5df4d07612ff8f73dbc49d1657dadab2","Gent","City"
"location/austin/05f9cee2453ec12f243859f21246783e","Austin","City"
"location/singapore/9751cba11f7dc51b7a29d5a2e2985599","Singapore","City"
"location/berlin/e61662e5c5c2c4d92a31d0e6d6453375","Berlin","City"
"location/shreveport/8f50adf03ace0690c615d96d38a2b589","Shreveport","City"
"location/leeds/785c9e0fa695b898d539f7cd91ce4d8f","Leeds","City"
"location/conshohocken/9665f15b5ac469b013e0406453b95983","Conshohocken","City"
"location/sunnyvale/7a65a1f399dedb83a98171b9e0062ba1","Sunnyvale","City"
"location/denver/b0630aa148bf61a36cd018b348571ea6","Denver","City"
"location/gothenburg/498118ab308b18c2a6b9167b95151bf1","Gothenburg","City"
"location/alexandria/b2fabbb885e6cff5c4844a9ce66fb49f","Alexandria","City"
"location/mountain-view/37bfe551197e02269a805d7bec8a50dd","Mountain View","City"
"location/kuala-lumpur/3beb6e172146dd0d8c4d5779e19a9f8e","Kuala Lumpur","City"
"location/redwood-city/54bae2ecd71e68262f4e65930b3ee757","Redwood City","City"
"location/jacksonville/a221bacf6a91281825505721a2310099","Jacksonville","City"
"location/san-francisco/528f5e3c90d111115d1c2e4ff979d58e","San Francisco","City"
"location/chennai/8a67b8cdbded191497ccc4ef8db93cf6","Chennai","City"
"location/fort-lauderdale/08f391fc15f2e5f73f66f9490df2c7a4","Fort Lauderdale","City"
"location/berlin/e61662e5c5c2c4d92a31d0e6d6453375","Berlin","City"
"location/new-york/d64b7615985cfbf44affaa89d70c4050","New York","City"
"location/bangalore/37f3a3feb659895e4d840b649e005c3a","Bangalore","City"
"location/santa-clara/3fce50c4f3f9793d2f503fc145585090","Santa Clara","City"
"location/vienna/8cff640e720bb65adcb59e58b4199f09","Vienna","City"
"location/campbell/7d69548ea03d5d877fa5baeefc0c26ca","Campbell","City"
"location/nijmegen/3bb05a66e63525f4eb62cc9a0227f536","Nijmegen","City"
"location/brooklyn/8de855d7a2b8d2d97336072abcf1abe1","Brooklyn","City"
"location/santa-clara/3fce50c4f3f9793d2f503fc145585090","Santa Clara","City"
"location/sunnyvale/7a65a1f399dedb83a98171b9e0062ba1","Sunnyvale","City"
"location/london/aad17950576b8c448fd4f44dbeb59220","London","City"
"location/bangalore/37f3a3feb659895e4d840b649e005c3a","Bangalore","City"
"location/austin/05f9cee2453ec12f243859f21246783e","Austin","City"
"location/san-jose/1a36817cb0a6fbd1a2be3fb7e4900331","San Jose","City"
"location/austin/05f9cee2453ec12f243859f21246783e","Austin","City"
"location/san-francisco/528f5e3c90d111115d1c2e4ff979d58e","San Francisco","City"
"location/chicago/efdad00df2c68036f66eefdcaecaafa7","Chicago","City"
"location/south-korea/2744d40afc3325359a3eded185736fd1","South Korea","City"
"location/são-paulo/f8a963b5dd72cf5241d7819da740ac5e","São Paulo","City"
"location/san-francisco/528f5e3c90d111115d1c2e4ff979d58e","San Francisco","City"
"location/washington/09d220d540bacd296f7a5035ff6e6bef","Washington","City"
"location/brooklyn/8de855d7a2b8d2d97336072abcf1abe1","Brooklyn","City"
"location/vadodara/a5fa7791f56704616bf2f07990850c56","Vadodara","City"
"location/san-francisco/528f5e3c90d111115d1c2e4ff979d58e","San Francisco","City"
"location/san-francisco/528f5e3c90d111115d1c2e4ff979d58e","San Francisco","City"
"location/san-diego/5e6c021255e24524d10eb2c35a241086","San Diego","City"
"location/san-francisco/528f5e3c90d111115d1c2e4ff979d58e","San Francisco","City"
"location/santiago/5786c1ef0da8f1f8e1bd21ed9b12e171","Santiago","City"
"location/london/aad17950576b8c448fd4f44dbeb59220","London","City"
"location/trento/e145bc7550c4f3f199e11f96189c2cc8","Trento","City"
"location/seattle/d3d408384bbbb09438656c4cf9970090","Seattle","City"
"location/san-francisco/528f5e3c90d111115d1c2e4ff979d58e","San Francisco","City"
"location/new-york/d64b7615985cfbf44affaa89d70c4050","New York","City"
"location/saint-petersburg/62aa7921d33595a914ca3606fdcd56f5","Saint Petersburg","City"
"location/san-francisco/528f5e3c90d111115d1c2e4ff979d58e","San Francisco","City"
"location/seoul/8b33ebb2fa74d65d2bbfdb8b2f9637c3","Seoul","City"
"location/london/aad17950576b8c448fd4f44dbeb59220","London","City"
"location/new-york/d64b7615985cfbf44affaa89d70c4050","New York","City"
"location/san-francisco/528f5e3c90d111115d1c2e4ff979d58e","San Francisco","City"
"location/jerusalem/52800bd5ad9201dfd2a8dc8d8cc4785c","Jerusalem","City"
"location/mountain-view/37bfe551197e02269a805d7bec8a50dd","Mountain View","City"
"location/santa-clara/3fce50c4f3f9793d2f503fc145585090","Santa Clara","City"
"location/singapore/9751cba11f7dc51b7a29d5a2e2985599","Singapore","City"
"location/san-jose/1a36817cb0a6fbd1a2be3fb7e4900331","San Jose","City"
"location/hong-kong/ad27df91c866cb08f3b624121637bf69","Hong Kong","City"
"location/issy-les-moulineaux/304756a14520de1ca92bf091299318f1","Issy-les-moulineaux","City"
"location/san-francisco/528f5e3c90d111115d1c2e4ff979d58e","San Francisco","City"
"location/vilnius/36184837b1ed7026bd35b23ed43dbca1","Vilnius","City"
"location/san-juan-capistrano/6a376457f19db2c52dd869ceed25513e","San Juan Capistrano","City"
"location/fairfield/db5df59948b0b62e12a1364f7c57bbe1","Fairfield","City"
"location/são-paulo/f8a963b5dd72cf5241d7819da740ac5e","São Paulo","City"
"location/athens/7413a57ec3b98ec4f37b7816075385ed","Athens","City"
"location/yoqne`am-`illit/35017bdc1a96b3b50f19f26bd7f2785b","Yoqne`am `illit","City"
"location/tel-aviv/722877af1334395e4f27e270959395a0","Tel Aviv","City"
"location/new-york/d64b7615985cfbf44affaa89d70c4050","New York","City"
"location/irving/d248f640a8aa63e7f70ceb5828a27d7f","Irving","City"
"location/san-mateo/38414ea0e8b8a6c0946e23052c658c88","San Mateo","City"
"location/san-francisco/528f5e3c90d111115d1c2e4ff979d58e","San Francisco","City"
"location/waltham/02f71c8f3589b9dad8b3b1ad1bc9b93a","Waltham","City"
"location/san-francisco/528f5e3c90d111115d1c2e4ff979d58e","San Francisco","City"
"location/sunnyvale/7a65a1f399dedb83a98171b9e0062ba1","Sunnyvale","City"
"location/dublin/97c70aa17568ca5375122f181f0484a7","Dublin","City"
"location/wayne/284294fd14de41184b0a7e87cf712ebc","Wayne","City"
"location/Çan/1f90bac722b98a0e943c25826ccfc0fb","Çan","City"
"location/san-francisco/528f5e3c90d111115d1c2e4ff979d58e","San Francisco","City"
"location/boston/9898e533996b05148cc5302f60454c02","Boston","City"
"location/san-francisco/528f5e3c90d111115d1c2e4ff979d58e","San Francisco","City"
"location/bellevue/16de61784c1e71790417afcd95455952","Bellevue","City"
"location/sofia/02ace54f847a84db5de337baff0ab0b9","Sofia","City"
"location/new-york/d64b7615985cfbf44affaa89d70c4050","New York","City"
"location/campbell/7d69548ea03d5d877fa5baeefc0c26ca","Campbell","City"
"location/london/aad17950576b8c448fd4f44dbeb59220","London","City"
"location/london/aad17950576b8c448fd4f44dbeb59220","London","City"
"location/conshohocken/9665f15b5ac469b013e0406453b95983","Conshohocken","City"
"location/san-francisco/528f5e3c90d111115d1c2e4ff979d58e","San Francisco","City"
"location/reston/bcf95506a417e135bc1187fa955602ae","Reston","City"
"location/bangalore/37f3a3feb659895e4d840b649e005c3a","Bangalore","City"
"location/new-york/d64b7615985cfbf44affaa89d70c4050","New York","City"
"location/jersey-city/5ef3a9223fccc603858b5fa5f7772044","Jersey City","City"
"location/charlottesville/b7537fb33e97ec99596dd3c449fd6231","Charlottesville","City"
"location/rio-de-janeiro/3bca7e51c0f185ca9c609fa05d1eb578","Rio De Janeiro","City"
"location/san-jose/1a36817cb0a6fbd1a2be3fb7e4900331","San Jose","City"
"location/austin/05f9cee2453ec12f243859f21246783e","Austin","City"
"location/san-juan-capistrano/6a376457f19db2c52dd869ceed25513e","San Juan Capistrano","City"
"location/bethesda/9953b4f77c406ba5b34ebcce51e58685","Bethesda","City"
"location/park-city/fae159f384936f1c72f9c84457b12d88","Park City","City"
"location/singapore/9751cba11f7dc51b7a29d5a2e2985599","Singapore","City"
"location/hingham/a2b9d5d97a2c066f23e4be3b4724a5c4","Hingham","City"
"location/athens/f43966370ed1e7f97f85fc5f0946df8b","Athens","City"
"location/amherst/a513afd0f580770b3b630acc57195107","Amherst","City"
"location/austin/05f9cee2453ec12f243859f21246783e","Austin","City"
"location/wellington/f4f2916efca76ad36e9b162df1bc5ef1","Wellington","City"
"location/san-francisco/528f5e3c90d111115d1c2e4ff979d58e","San Francisco","City"
"location/toronto/064d4c93264e92b0f3cba9ad94cacd77","Toronto","City"
"location/merced/bdcdfd35a365b4bb5038f2cdc8f94239","Merced","City"
"location/san-francisco/528f5e3c90d111115d1c2e4ff979d58e","San Francisco","City"
"location/sydney/cb843159b286d32003a7ce36d6764f21","Sydney","City"
"location/vienna/8cff640e720bb65adcb59e58b4199f09","Vienna","City"
"location/san-francisco/528f5e3c90d111115d1c2e4ff979d58e","San Francisco","City"
"location/batavia/ad7082d2dd1c6799af434c1f8d4a73a5","Batavia","City"
"location/boston/9898e533996b05148cc5302f60454c02","Boston","City"
"location/heidelberg/548bd517fc1a669c7c65a5ebf2a12cc4","Heidelberg","City"
"location/san-francisco/528f5e3c90d111115d1c2e4ff979d58e","San Francisco","City"
"location/dublin/97c70aa17568ca5375122f181f0484a7","Dublin","City"
"location/new-york/d64b7615985cfbf44affaa89d70c4050","New York","City"
"location/china/500afaba46450121d7b899327c7aaa07","China","City"
"location/oulu/98a6e390cc4204b1c05a6b0dc0799dbb","Oulu","City"
"location/cupertino/d66d4982f32de52fa88aaa07a88fe13e","Cupertino","City"
"location/san-francisco/528f5e3c90d111115d1c2e4ff979d58e","San Francisco","City"
"location/cochin/e2f946f30cfec31822772e2bb3f03b93","Cochin","City"
"location/new-york/d64b7615985cfbf44affaa89d70c4050","New York","City"
"location/san-mateo/38414ea0e8b8a6c0946e23052c658c88","San Mateo","City"
"location/seattle/d3d408384bbbb09438656c4cf9970090","Seattle","City"
"location/new-york/d64b7615985cfbf44affaa89d70c4050","New York","City"
"location/chicago/efdad00df2c68036f66eefdcaecaafa7","Chicago","City"
"location/madrid/a52d6b48d27864175b55a48d24ad580c","Madrid","City"
"location/ljubljana/daf758bcf17403d5c0b1dca000c93237","Ljubljana","City"
"location/bangalore/37f3a3feb659895e4d840b649e005c3a","Bangalore","City"
"location/banfield/f391ce7971a84f926fa5485bded323ce","Banfield","City"
"location/oslo/755ee4e5dea64a4d23458583a75e4e81","Oslo","City"
"location/new-york/d64b7615985cfbf44affaa89d70c4050","New York","City"
"location/philadelphia/95b491b04d31678eb347b749f26d631b","Philadelphia","City"
"location/são-paulo/f8a963b5dd72cf5241d7819da740ac5e","São Paulo","City"
"location/istanbul/6618468699ba3fd26be7c4a96c04812a","Istanbul","City"
"location/athens/7413a57ec3b98ec4f37b7816075385ed","Athens","City"
"location/philadelphia/95b491b04d31678eb347b749f26d631b","Philadelphia","City"
"location/salt-lake-city/b70a7ae026469643dce0d0a466fae009","Salt Lake City","City"
"location/boston/9898e533996b05148cc5302f60454c02","Boston","City"
"location/weston/e4bdae9c75dbcbf0e1a957cb25e6a767","Weston","City"
"location/southlake/1f1c74ac2df76440c595d7f559d51981","Southlake","City"
"location/redwood-city/54bae2ecd71e68262f4e65930b3ee757","Redwood City","City"
"location/san-juan-capistrano/6a376457f19db2c52dd869ceed25513e","San Juan Capistrano","City"
"location/new-york/d64b7615985cfbf44affaa89d70c4050","New York","City"
"location/veszprém/04706cdb7ff861c3601c0237aaf97d75","Veszprém","City"
"location/trento/e145bc7550c4f3f199e11f96189c2cc8","Trento","City"
"location/palo-alto/0d81d68c9c59f14f01163ad9ce7145ca","Palo Alto","City"
"location/london/aad17950576b8c448fd4f44dbeb59220","London","City"
"location/mountain-view/37bfe551197e02269a805d7bec8a50dd","Mountain View","City"
"location/newton/4e0bfc9b9b1b9149e82d7d54b231e1fa","Newton","City"
"location/sydney/cb843159b286d32003a7ce36d6764f21","Sydney","City"
"location/fremont/48f72e7d371d76a7b331b5051d6fec87","Fremont","City"
"location/los-angeles/4ce61f42f6c4e7ec798d44813b58856b","Los Angeles","City"
"location/zürich/bd22efa44815cf8ee8c5668079240b6c","Zürich","City"
"location/new-york/d64b7615985cfbf44affaa89d70c4050","New York","City"
"location/daresbury/b1c50413b6bc59fb0d560039ffa7ff83","Daresbury","City"
"location/san-carlos/39b9b02a90f8939b51205ca52ce75721","San Carlos","City"
"location/sofia/02ace54f847a84db5de337baff0ab0b9","Sofia","City"
"location/washington/09d220d540bacd296f7a5035ff6e6bef","Washington","City"
"location/san-francisco/528f5e3c90d111115d1c2e4ff979d58e","San Francisco","City"
"location/menlo-park/1f8abfef5379b26b702005a09908492f","Menlo Park","City"
"location/mountain-view/37bfe551197e02269a805d7bec8a50dd","Mountain View","City"
"location/san-diego/5e6c021255e24524d10eb2c35a241086","San Diego","City"
"location/hattiesburg/6c65bdbe87da0844c34aef7dde77ee27","Hattiesburg","City"
"location/cambridge/46d953abbf0c0fd1c375f151b78542a0","Cambridge","City"
"location/ra-anana/270ad2300c7de2d2a8b674cf064d2842","Ra'anana","City"
"location/atlanta/d8030351c1d20ace2b33794a95c99b7c","Atlanta","City"
"location/santa-clara/3fce50c4f3f9793d2f503fc145585090","Santa Clara","City"
"location/pavia/aae10d7e3cd9dd34fcdce1df5a32486e","Pavia","City"
"location/taipei/adb03b198da9c103ab6cd4db67b95caf","Taipei","City"
"location/san-juan-capistrano/6a376457f19db2c52dd869ceed25513e","San Juan Capistrano","City"
"location/the-netherlands/4ae9a82d35d9be0cea9d366afba8f8f0","The Netherlands","City"
"location/santa-clara/3fce50c4f3f9793d2f503fc145585090","Santa Clara","City"
"location/san-francisco/528f5e3c90d111115d1c2e4ff979d58e","San Francisco","City"
"location/beaverton/bed45f0ce6cdc23ed230e402ec097919","Beaverton","City"
"location/new-york/d64b7615985cfbf44affaa89d70c4050","New York","City"
"location/madison/cad256c55d6b284a3d0f70a2daf9ba46","Madison","City"
"location/pisa/43f1aef6181ae2e8334bf812b60cd532","Pisa","City"
"location/chicago/efdad00df2c68036f66eefdcaecaafa7","Chicago","City"
"location/san-francisco/528f5e3c90d111115d1c2e4ff979d58e","San Francisco","City"
"location/oslo/755ee4e5dea64a4d23458583a75e4e81","Oslo","City"
"location/chagrin-falls/8f28fc61dab1e06cde3be7e649027a40","Chagrin Falls","City"
"location/mountain-view/37bfe551197e02269a805d7bec8a50dd","Mountain View","City"
"location/reston/bcf95506a417e135bc1187fa955602ae","Reston","City"
"location/prague/e0b951dcf7108754ddde5ef04dddd9f8","Prague","City"
"location/prague/e0b951dcf7108754ddde5ef04dddd9f8","Prague","City"
"location/singapore/9751cba11f7dc51b7a29d5a2e2985599","Singapore","City"
"location/saint-cloud/109d1fa0bd768dbc39b11e1cf9c31d58","Saint Cloud","City"
"location/pozuelo-de-alarcón/10cf3123ac43407b2e02d6383f1320ef","Pozuelo De Alarcón","City"
"location/london/aad17950576b8c448fd4f44dbeb59220","London","City"
"location/bangalore/37f3a3feb659895e4d840b649e005c3a","Bangalore","City"
"location/montréal/9496c0dd5d97eaf1fde0ee6ad6b41f48","Montréal","City"
"location/sunnyvale/7a65a1f399dedb83a98171b9e0062ba1","Sunnyvale","City"
"location/london/aad17950576b8c448fd4f44dbeb59220","London","City"
"location/san-francisco/528f5e3c90d111115d1c2e4ff979d58e","San Francisco","City"
"location/st-petersburg/7e69576af0508c5df883447a7d57f77a","St. Petersburg","City"
"location/leipzig/d7fd324c391bb40ac80885db9ee80431","Leipzig","City"
"location/santa-clara/3fce50c4f3f9793d2f503fc145585090","Santa Clara","City"
"location/redwood-shores/aef248dfee25ca0c4da3cb32b2827697","Redwood Shores","City"
"location/san-jose/1a36817cb0a6fbd1a2be3fb7e4900331","San Jose","City"
"location/solana-beach/733b6b865a75afa91f65cd9a47bd697d","Solana Beach","City"
"location/zürich/bd22efa44815cf8ee8c5668079240b6c","Zürich","City"
"location/san-francisco/528f5e3c90d111115d1c2e4ff979d58e","San Francisco","City"
"location/redmond/080346babe33f84d4ae501037d0f2794","Redmond","City"
"location/são-paulo/f8a963b5dd72cf5241d7819da740ac5e","São Paulo","City"
"location/cambridge/46d953abbf0c0fd1c375f151b78542a0","Cambridge","City"
"location/melbourne/de341e15e8667e8a7709a364964e99eb","Melbourne","City"
"location/delft/f46a54c4709dfb0da2d6a354c7b72ef9","Delft","City"
"location/campinas/b0641306d7492d9c9e38bf2b333fa566","Campinas","City"
"location/sunnyvale/7a65a1f399dedb83a98171b9e0062ba1","Sunnyvale","City"
"location/solana-beach/733b6b865a75afa91f65cd9a47bd697d","Solana Beach","City"
"location/palo-alto/0d81d68c9c59f14f01163ad9ce7145ca","Palo Alto","City"
"location/st-petersburg/7e69576af0508c5df883447a7d57f77a","St. Petersburg","City"
"location/bellevue/16de61784c1e71790417afcd95455952","Bellevue","City"
"location/sofia/02ace54f847a84db5de337baff0ab0b9","Sofia","City"
"location/berlin/e61662e5c5c2c4d92a31d0e6d6453375","Berlin","City"
"location/london/aad17950576b8c448fd4f44dbeb59220","London","City"
"location/mountain-view/37bfe551197e02269a805d7bec8a50dd","Mountain View","City"
"location/milan/9c5094c44cf66285f1b0acab7a7fc285","Milan","City"
"location/sunnyvale/7a65a1f399dedb83a98171b9e0062ba1","Sunnyvale","City"
"location/san-juan-capistrano/6a376457f19db2c52dd869ceed25513e","San Juan Capistrano","City"
"location/paris/5805284c00a4f0aab8115843398ff2bb","Paris","City"
"location/herndon/178250d1f67539c6ebed8466bb8799e9","Herndon","City"
"location/kansas-city/8587d2f71ba80306e69df3643e2c5286","Kansas City","City"
"location/zürich/bd22efa44815cf8ee8c5668079240b6c","Zürich","City"
"location/palo-alto/0d81d68c9c59f14f01163ad9ce7145ca","Palo Alto","City"
"location/tel-aviv/722877af1334395e4f27e270959395a0","Tel Aviv","City"
"location/london/aad17950576b8c448fd4f44dbeb59220","London","City"
"location/shanghai/101bb0896778e216d81e39e51397d864","Shanghai","City"
"location/banfield/f391ce7971a84f926fa5485bded323ce","Banfield","City"
"location/wayne/284294fd14de41184b0a7e87cf712ebc","Wayne","City"
"location/martinsburg/986d8fe194a534b3b657d7fdc46d64f7","Martinsburg","City"
"location/bangalore/37f3a3feb659895e4d840b649e005c3a","Bangalore","City"
"location/zaragoza/73b40e9984b9a976289c635d74cf11a1","Zaragoza","City"
"location/austin/05f9cee2453ec12f243859f21246783e","Austin","City"
"location/sofia/02ace54f847a84db5de337baff0ab0b9","Sofia","City"
"location/palo-alto/0d81d68c9c59f14f01163ad9ce7145ca","Palo Alto","City"
"location/tel-aviv/722877af1334395e4f27e270959395a0","Tel Aviv","City"
"location/san-francisco/528f5e3c90d111115d1c2e4ff979d58e","San Francisco","City"
"location/atlanta/d8030351c1d20ace2b33794a95c99b7c","Atlanta","City"
"location/henderson/0a5dee0af34202df99a3fac695efa34c","Henderson","City"
"location/whitefield/ca19b53e16956e84d548cd6263a04292","Whitefield","City"
"location/palo-alto/0d81d68c9c59f14f01163ad9ce7145ca","Palo Alto","City"
"location/alexandria/b2fabbb885e6cff5c4844a9ce66fb49f","Alexandria","City"
"location/san-juan-capistrano/6a376457f19db2c52dd869ceed25513e","San Juan Capistrano","City"
"location/dhaka/83371dff4a57334249f764ee4befeb0b","Dhaka","City"
"location/san-francisco/528f5e3c90d111115d1c2e4ff979d58e","San Francisco","City"
"location/mumbai/08cc18c484551e1a38710c5e64cfacc7","Mumbai","City"
"location/seattle/d3d408384bbbb09438656c4cf9970090","Seattle","City"
"location/san-jose/1a36817cb0a6fbd1a2be3fb7e4900331","San Jose","City"
"location/miami/3f15b36801239fe142228cf9a77afa6c","Miami","City"
"location/new-york/d64b7615985cfbf44affaa89d70c4050","New York","City"
"location/menlo-park/1f8abfef5379b26b702005a09908492f","Menlo Park","City"
"location/shanghai/101bb0896778e216d81e39e51397d864","Shanghai","City"
"location/barcelona/eead2c0cb178ad334e6d6c813c955e99","Barcelona","City"
"location/sofia/02ace54f847a84db5de337baff0ab0b9","Sofia","City"
"location/berlin/e61662e5c5c2c4d92a31d0e6d6453375","Berlin","City"
"location/omaha/2d17430008dd6f6951c7da55da7f6e17","Omaha","City"
"location/mountain-view/37bfe551197e02269a805d7bec8a50dd","Mountain View","City"
"location/mountain-view/37bfe551197e02269a805d7bec8a50dd","Mountain View","City"
"location/dublin/97c70aa17568ca5375122f181f0484a7","Dublin","City"
"location/san-jose/1a36817cb0a6fbd1a2be3fb7e4900331","San Jose","City"
"location/edmonton/98b651d546a40cf42aba8d7a3acd72ef","Edmonton","City"
"location/helsinki/f1d17e2b751624dab4dc9eb292782102","Helsinki","City"
"location/scottsdale/10df304e5914962dfe28ba3c8a0d20f1","Scottsdale","City"
"location/warsaw/b29e2fa90ce08f156102ec95533cc2f2","Warsaw","City"
"location/san-francisco/528f5e3c90d111115d1c2e4ff979d58e","San Francisco","City"
"location/birmingham/d55cd37a2858b90a074067b5ce51a622","Birmingham","City"
"location/helsinki/f1d17e2b751624dab4dc9eb292782102","Helsinki","City"
"location/mountain-view/37bfe551197e02269a805d7bec8a50dd","Mountain View","City"
"location/new-york/d64b7615985cfbf44affaa89d70c4050","New York","City"
"location/palm-beach-shores/9f1f3453fd66a3af54c5f93e9cb25d03","Palm Beach Shores","City"
"location/cupertino/d66d4982f32de52fa88aaa07a88fe13e","Cupertino","City"
"location/cambridge/46d953abbf0c0fd1c375f151b78542a0","Cambridge","City"
"location/sydney/cb843159b286d32003a7ce36d6764f21","Sydney","City"
"location/madrid/a52d6b48d27864175b55a48d24ad580c","Madrid","City"
"location/seattle/d3d408384bbbb09438656c4cf9970090","Seattle","City"
"location/san-juan-capistrano/6a376457f19db2c52dd869ceed25513e","San Juan Capistrano","City"
"location/san-francisco/528f5e3c90d111115d1c2e4ff979d58e","San Francisco","City"
"location/ra-anana/270ad2300c7de2d2a8b674cf064d2842","Ra'anana","City"
"location/mountain-view/37bfe551197e02269a805d7bec8a50dd","Mountain View","City"
"location/cambridge/46d953abbf0c0fd1c375f151b78542a0","Cambridge","City"
"location/wayland/95f2833781359173bc270ad34af3f826","Wayland","City"
"location/singapore/9751cba11f7dc51b7a29d5a2e2985599","Singapore","City"
"location/cochin/e2f946f30cfec31822772e2bb3f03b93","Cochin","City"
"location/santiago/5786c1ef0da8f1f8e1bd21ed9b12e171","Santiago","City"
"location/mountain-view/37bfe551197e02269a805d7bec8a50dd","Mountain View","City"
"location/zagreb/ee9678c1226e1ae949918de4f11e90f1","Zagreb","City"
"location/denver/b0630aa148bf61a36cd018b348571ea6","Denver","City"
"location/singapore/9751cba11f7dc51b7a29d5a2e2985599","Singapore","City"
"location/ramat-gan/0ffb2937abcc64063159aca02877f457","Ramat Gan","City"
"location/pune/2c69941daa1ea666db3cb74f2029ae62","Pune","City"
"location/perth-amboy/94478c841d938935ec4b5c8da53cd91d","Perth Amboy","City"
"location/new-york/d64b7615985cfbf44affaa89d70c4050","New York","City"
"location/chagrin-falls/8f28fc61dab1e06cde3be7e649027a40","Chagrin Falls","City"
"location/palo-alto/0d81d68c9c59f14f01163ad9ce7145ca","Palo Alto","City"
"location/cambridge/46d953abbf0c0fd1c375f151b78542a0","Cambridge","City"
"location/johannesburg/0aee240d6f054b1c082eb883d14424f7","Johannesburg","City"
"location/waltham/02f71c8f3589b9dad8b3b1ad1bc9b93a","Waltham","City"
"location/san-diego/5e6c021255e24524d10eb2c35a241086","San Diego","City"
"location/new-york/d64b7615985cfbf44affaa89d70c4050","New York","City"
"location/bangalore/37f3a3feb659895e4d840b649e005c3a","Bangalore","City"
"location/rio-de-janeiro/3bca7e51c0f185ca9c609fa05d1eb578","Rio De Janeiro","City"
"location/cupertino/d66d4982f32de52fa88aaa07a88fe13e","Cupertino","City"
"location/chicago/efdad00df2c68036f66eefdcaecaafa7","Chicago","City"
"location/ahmedabad/f0792849320e3222e6877f67d9fe789d","Ahmedabad","City"
"location/waltham/02f71c8f3589b9dad8b3b1ad1bc9b93a","Waltham","City"
"location/pavia/aae10d7e3cd9dd34fcdce1df5a32486e","Pavia","City"
"location/london/aad17950576b8c448fd4f44dbeb59220","London","City"
"location/los-angeles/4ce61f42f6c4e7ec798d44813b58856b","Los Angeles","City"
"location/tallinn/43fb1c8817b18aa6b9ac42c0fea70f41","Tallinn","City"
"location/san-juan-capistrano/6a376457f19db2c52dd869ceed25513e","San Juan Capistrano","City"
"location/london/aad17950576b8c448fd4f44dbeb59220","London","City"
"location/san-francisco/528f5e3c90d111115d1c2e4ff979d58e","San Francisco","City"
"location/trento/e145bc7550c4f3f199e11f96189c2cc8","Trento","City"
"location/sunnyvale/7a65a1f399dedb83a98171b9e0062ba1","Sunnyvale","City"
"location/san-juan-capistrano/6a376457f19db2c52dd869ceed25513e","San Juan Capistrano","City"
"location/perth-amboy/94478c841d938935ec4b5c8da53cd91d","Perth Amboy","City"
"location/mountain-view/37bfe551197e02269a805d7bec8a50dd","Mountain View","City"
"location/sydney/cb843159b286d32003a7ce36d6764f21","Sydney","City"
"location/gurgaon/43ab9136c365420cbe50e5e9576751cf","Gurgaon","City"
"location/charlotte/7e6e1c52039c04cd9e98ea05bed9f66b","Charlotte","City"
"location/superior/0dd182c1bf98fa303f0b156cc90679d8","Superior","City"
"location/chennai/8a67b8cdbded191497ccc4ef8db93cf6","Chennai","City"
"location/halle-an-der-saale/12ac0ea2c07ebb8c23025666bd81561f","Halle An Der Saale","City"
"location/são-paulo/f8a963b5dd72cf5241d7819da740ac5e","São Paulo","City"
"location/scottsdale/10df304e5914962dfe28ba3c8a0d20f1","Scottsdale","City"
"location/dublin/97c70aa17568ca5375122f181f0484a7","Dublin","City"
"location/san-mateo/38414ea0e8b8a6c0946e23052c658c88","San Mateo","City"
"location/reston/bcf95506a417e135bc1187fa955602ae","Reston","City"
"location/pasadena/a5632994746a5f319f647959bc204c31","Pasadena","City"
"location/helsinki/f1d17e2b751624dab4dc9eb292782102","Helsinki","City"
"location/houston/a285cc34a72e40c59da3a85aef78a67e","Houston","City"
"location/ra-anana/270ad2300c7de2d2a8b674cf064d2842","Ra'anana","City"
"location/greenwich/25b3513d72340b71ca8e8e61e99c6516","Greenwich","City"
"location/san-francisco/528f5e3c90d111115d1c2e4ff979d58e","San Francisco","City"
"location/dhaka/83371dff4a57334249f764ee4befeb0b","Dhaka","City"
"location/buenos-aires/0db4708f6b65e5e7b7745b7afb010a52","Buenos Aires","City"
"location/waltham/02f71c8f3589b9dad8b3b1ad1bc9b93a","Waltham","City"
"location/southlake/1f1c74ac2df76440c595d7f559d51981","Southlake","City"
"location/indianapolis/ff711cdf1efb8c3240269010831851f0","Indianapolis","City"
"location/missoula/f8dfaa113e313ba593ce62ca76fdff40","Missoula","City"
"location/paris/5805284c00a4f0aab8115843398ff2bb","Paris","City"
"location/san-mateo/38414ea0e8b8a6c0946e23052c658c88","San Mateo","City"
"location/wayland/95f2833781359173bc270ad34af3f826","Wayland","City"
"location/singapore/9751cba11f7dc51b7a29d5a2e2985599","Singapore","City"
"location/paris/5805284c00a4f0aab8115843398ff2bb","Paris","City"
"location/miami/3f15b36801239fe142228cf9a77afa6c","Miami","City"
"location/walnut-creek/8f5f2cfa39fcb11584d386dea8c9d4dd","Walnut Creek","City"
"location/new-york/d64b7615985cfbf44affaa89d70c4050","New York","City"
"location/cambridge/46d953abbf0c0fd1c375f151b78542a0","Cambridge","City"
"location/cambridge/46d953abbf0c0fd1c375f151b78542a0","Cambridge","City"
"location/san-mateo/38414ea0e8b8a6c0946e23052c658c88","San Mateo","City"
"location/redwood-city/54bae2ecd71e68262f4e65930b3ee757","Redwood City","City"
"location/rio-de-janeiro/3bca7e51c0f185ca9c609fa05d1eb578","Rio De Janeiro","City"
"location/san-francisco/528f5e3c90d111115d1c2e4ff979d58e","San Francisco","City"
"location/hyderabad/b9f0b92235f2335da1e5f4b9a7f5b0fc","Hyderabad","City"
"location/london/aad17950576b8c448fd4f44dbeb59220","London","City"
"location/paris/5805284c00a4f0aab8115843398ff2bb","Paris","City"
"location/menlo-park/1f8abfef5379b26b702005a09908492f","Menlo Park","City"
"location/menlo-park/1f8abfef5379b26b702005a09908492f","Menlo Park","City"
"location/sunnyvale/7a65a1f399dedb83a98171b9e0062ba1","Sunnyvale","City"
"location/new-york/d64b7615985cfbf44affaa89d70c4050","New York","City"
"location/oslo/755ee4e5dea64a4d23458583a75e4e81","Oslo","City"
"location/johannesburg/0aee240d6f054b1c082eb883d14424f7","Johannesburg","City"
"location/london/aad17950576b8c448fd4f44dbeb59220","London","City"
"location/linz/a563ae3d12394b87458283d765c54455","Linz","City"
"location/bangalore/37f3a3feb659895e4d840b649e005c3a","Bangalore","City"
"location/redwood-shores/aef248dfee25ca0c4da3cb32b2827697","Redwood Shores","City"
"location/cambridge/46d953abbf0c0fd1c375f151b78542a0","Cambridge","City"
"location/reston/bcf95506a417e135bc1187fa955602ae","Reston","City"
"location/den-haag/bc682c5bda13687794d89da026fde03b","Den Haag","City"
"location/san-francisco/528f5e3c90d111115d1c2e4ff979d58e","San Francisco","City"
"location/mountain-view/37bfe551197e02269a805d7bec8a50dd","Mountain View","City"
"location/chennai/8a67b8cdbded191497ccc4ef8db93cf6","Chennai","City"
"location/singapore/9751cba11f7dc51b7a29d5a2e2985599","Singapore","City"
"location/chicago/efdad00df2c68036f66eefdcaecaafa7","Chicago","City"
"location/mountain-view/37bfe551197e02269a805d7bec8a50dd","Mountain View","City"
"location/san-mateo/38414ea0e8b8a6c0946e23052c658c88","San Mateo","City"
"location/bangalore/37f3a3feb659895e4d840b649e005c3a","Bangalore","City"
"location/redmond/080346babe33f84d4ae501037d0f2794","Redmond","City"
"location/sofia/02ace54f847a84db5de337baff0ab0b9","Sofia","City"
"location/sydney/cb843159b286d32003a7ce36d6764f21","Sydney","City"
"location/boston/9898e533996b05148cc5302f60454c02","Boston","City"
"location/st-petersburg/7e69576af0508c5df883447a7d57f77a","St. Petersburg","City"
"location/cambridge/46d953abbf0c0fd1c375f151b78542a0","Cambridge","City"
"location/colombo/173802ba08b1c43e048fa309a7e57e7a","Colombo","City"
"location/san-ramon/c09b96f423df7d1f9dffb261d0f951a9","San Ramon","City"
"location/san-juan-capistrano/6a376457f19db2c52dd869ceed25513e","San Juan Capistrano","City"
"location/san-jose/1a36817cb0a6fbd1a2be3fb7e4900331","San Jose","City"
"location/buenos-aires/0db4708f6b65e5e7b7745b7afb010a52","Buenos Aires","City"
"location/indianapolis/ff711cdf1efb8c3240269010831851f0","Indianapolis","City"
"location/edmonton/98b651d546a40cf42aba8d7a3acd72ef","Edmonton","City"
"location/san-francisco/528f5e3c90d111115d1c2e4ff979d58e","San Francisco","City"
"location/santa-clara/3fce50c4f3f9793d2f503fc145585090","Santa Clara","City"
"location/palo-alto/0d81d68c9c59f14f01163ad9ce7145ca","Palo Alto","City"
"location/palo-alto/0d81d68c9c59f14f01163ad9ce7145ca","Palo Alto","City"
"location/waltham/02f71c8f3589b9dad8b3b1ad1bc9b93a","Waltham","City"
"location/minneapolis/90f4f57a1ecc426035372d402fcbe1bc","Minneapolis","City"
"location/new-york/d64b7615985cfbf44affaa89d70c4050","New York","City"
"location/philadelphia/698b65084dd1dd96129532e7006adcff","Philadelphia","City"
"location/san-francisco/528f5e3c90d111115d1c2e4ff979d58e","San Francisco","City"
"location/santa-clara/3fce50c4f3f9793d2f503fc145585090","Santa Clara","City"
"location/madrid/a52d6b48d27864175b55a48d24ad580c","Madrid","City"
"location/wellington/f4f2916efca76ad36e9b162df1bc5ef1","Wellington","City"
"location/cape-town/68e6d0142bd7ad5040a043b8ccb16092","Cape Town","City"
"location/bundangdong/6a5fb32acd6d7044228d7620955d5fdb","Bundangdong","City"
"location/new-york/d64b7615985cfbf44affaa89d70c4050","New York","City"
"location/new-york/d64b7615985cfbf44affaa89d70c4050","New York","City"
"location/cologne/5df0ccbacb4a308f2716eb2a910637c9","Cologne","City"
"location/saint-albans/a45fa971ff514c3b86736657f31507bc","Saint Albans","City"
"location/los-angeles/4ce61f42f6c4e7ec798d44813b58856b","Los Angeles","City"
"location/bangalore/37f3a3feb659895e4d840b649e005c3a","Bangalore","City"
"location/bracknell/6135295375607a59d789755379cbf6e3","Bracknell","City"
"location/new-york/d64b7615985cfbf44affaa89d70c4050","New York","City"
"location/cambridge/46d953abbf0c0fd1c375f151b78542a0","Cambridge","City"
"location/cupertino/d66d4982f32de52fa88aaa07a88fe13e","Cupertino","City"
"location/sunnyvale/7a65a1f399dedb83a98171b9e0062ba1","Sunnyvale","City"
"location/tel-aviv/722877af1334395e4f27e270959395a0","Tel Aviv","City"
"location/paris/5805284c00a4f0aab8115843398ff2bb","Paris","City"
"location/chicago/efdad00df2c68036f66eefdcaecaafa7","Chicago","City"
"location/bangalore/37f3a3feb659895e4d840b649e005c3a","Bangalore","City"
"location/chicago/efdad00df2c68036f66eefdcaecaafa7","Chicago","City"
"location/bangalore/37f3a3feb659895e4d840b649e005c3a","Bangalore","City"
"location/austin/05f9cee2453ec12f243859f21246783e","Austin","City"
"location/charlotte/7e6e1c52039c04cd9e98ea05bed9f66b","Charlotte","City"
"location/mumbai/08cc18c484551e1a38710c5e64cfacc7","Mumbai","City"
"location/mountain-view/37bfe551197e02269a805d7bec8a50dd","Mountain View","City"
"location/pune/2c69941daa1ea666db3cb74f2029ae62","Pune","City"
"location/cambridge/46d953abbf0c0fd1c375f151b78542a0","Cambridge","City"
"location/berlin/e61662e5c5c2c4d92a31d0e6d6453375","Berlin","City"
"location/shanghai/101bb0896778e216d81e39e51397d864","Shanghai","City"
"location/palo-alto/0d81d68c9c59f14f01163ad9ce7145ca","Palo Alto","City"
"location/san-francisco/528f5e3c90d111115d1c2e4ff979d58e","San Francisco","City"
"location/san-francisco/528f5e3c90d111115d1c2e4ff979d58e","San Francisco","City"
"location/san-francisco/528f5e3c90d111115d1c2e4ff979d58e","San Francisco","City"
"location/concord/fbc3f9ca0558bcc8ac72225708f54f75","Concord","City"
"location/southlake/1f1c74ac2df76440c595d7f559d51981","Southlake","City"
"location/yoqne`am-`illit/35017bdc1a96b3b50f19f26bd7f2785b","Yoqne`am `illit","City"
"location/beijing/eba5ce9038f133a7a84380a2bca2a4a1","Beijing","City"
"location/new-york/d64b7615985cfbf44affaa89d70c4050","New York","City"
"location/toronto/064d4c93264e92b0f3cba9ad94cacd77","Toronto","City"
"location/chicago/efdad00df2c68036f66eefdcaecaafa7","Chicago","City"
"location/gurgaon/43ab9136c365420cbe50e5e9576751cf","Gurgaon","City"
"location/san-francisco/528f5e3c90d111115d1c2e4ff979d58e","San Francisco","City"
"location/grand-cayman/9ca2b8f62cb1b0ae2fc6d34a6a4949b3","Grand Cayman","City"
"location/san-juan-capistrano/6a376457f19db2c52dd869ceed25513e","San Juan Capistrano","City"
"location/san-francisco/528f5e3c90d111115d1c2e4ff979d58e","San Francisco","City"
"location/frankfurt-am-main/cf3c1b99e5619a87594609f16298be0b","Frankfurt Am Main","City"
"location/seoul/8b33ebb2fa74d65d2bbfdb8b2f9637c3","Seoul","City"
"location/mountain-view/37bfe551197e02269a805d7bec8a50dd","Mountain View","City"
"location/foster-city/ab4b0e4c35a44fa78c1f24119c0c3b71","Foster City","City"
"location/tokyo/127ba62dd40a3d1242c0e606f9fa9440","Tokyo","City"
"location/san-mateo/38414ea0e8b8a6c0946e23052c658c88","San Mateo","City"
"location/australia/973b2306d32e3a70263ef1de1e0068f6","Australia","City"
"location/san-francisco/528f5e3c90d111115d1c2e4ff979d58e","San Francisco","City"
"location/san-francisco/528f5e3c90d111115d1c2e4ff979d58e","San Francisco","City"
"location/london/aad17950576b8c448fd4f44dbeb59220","London","City"
"location/bethesda/9953b4f77c406ba5b34ebcce51e58685","Bethesda","City"
"location/saint-cloud/109d1fa0bd768dbc39b11e1cf9c31d58","Saint Cloud","City"
"location/san-carlos/39b9b02a90f8939b51205ca52ce75721","San Carlos","City"
"location/charlotte/7e6e1c52039c04cd9e98ea05bed9f66b","Charlotte","City"
"location/cupertino/d66d4982f32de52fa88aaa07a88fe13e","Cupertino","City"
"location/trivandrum/dd072c5d890e88b470eb7c380a9bfe4c","Trivandrum","City"
"location/london/aad17950576b8c448fd4f44dbeb59220","London","City"
"location/mumbai/08cc18c484551e1a38710c5e64cfacc7","Mumbai","City"
"location/wayland/95f2833781359173bc270ad34af3f826","Wayland","City"
"location/fargo/48968c6a7cfc0e38947c8a5f1bda5d0e","Fargo","City"
"location/mountain-view/37bfe551197e02269a805d7bec8a50dd","Mountain View","City"
"location/hong-kong/ad27df91c866cb08f3b624121637bf69","Hong Kong","City"
"location/nashua/1cc86c8caa0c0447cc900acddc06d112","Nashua","City"
"location/boston/9898e533996b05148cc5302f60454c02","Boston","City"
"location/boulder/e208d0e61b9bcf1116e75feddc832cb5","Boulder","City"
"location/toronto/064d4c93264e92b0f3cba9ad94cacd77","Toronto","City"
"location/san-francisco/528f5e3c90d111115d1c2e4ff979d58e","San Francisco","City"
"location/montpellier/2ab3ec9630366b16d3b06c42aa05f3fa","Montpellier","City"
"location/boston/9898e533996b05148cc5302f60454c02","Boston","City"
"location/seattle/d3d408384bbbb09438656c4cf9970090","Seattle","City"
"location/new-york/d64b7615985cfbf44affaa89d70c4050","New York","City"
"location/san-francisco/528f5e3c90d111115d1c2e4ff979d58e","San Francisco","City"
"location/san-francisco/528f5e3c90d111115d1c2e4ff979d58e","San Francisco","City"
"location/pune/2c69941daa1ea666db3cb74f2029ae62","Pune","City"
"location/palo-alto/0d81d68c9c59f14f01163ad9ce7145ca","Palo Alto","City"
"location/tokyo/127ba62dd40a3d1242c0e606f9fa9440","Tokyo","City"
"location/berlin/e61662e5c5c2c4d92a31d0e6d6453375","Berlin","City"
"location/seoul/8b33ebb2fa74d65d2bbfdb8b2f9637c3","Seoul","City"
"location/beijing/eba5ce9038f133a7a84380a2bca2a4a1","Beijing","City"
"location/singapore/9751cba11f7dc51b7a29d5a2e2985599","Singapore","City"
"location/london/aad17950576b8c448fd4f44dbeb59220","London","City"
"location/cambridge/46d953abbf0c0fd1c375f151b78542a0","Cambridge","City"
"location/mexico-city/01394be19ab607ca91466b8db8add1b5","Mexico City","City"
"location/san-mateo/38414ea0e8b8a6c0946e23052c658c88","San Mateo","City"
"location/munich/6469af1b6dbf1e9e17d9e4f39a86aa95","Munich","City"
"location/chicago/efdad00df2c68036f66eefdcaecaafa7","Chicago","City"
"location/palo-alto/0d81d68c9c59f14f01163ad9ce7145ca","Palo Alto","City"
"location/tel-aviv/722877af1334395e4f27e270959395a0","Tel Aviv","City"
"location/Çan/1f90bac722b98a0e943c25826ccfc0fb","Çan","City"
"location/berlin/e61662e5c5c2c4d92a31d0e6d6453375","Berlin","City"
"location/washington/09d220d540bacd296f7a5035ff6e6bef","Washington","City"
"location/bangalore/37f3a3feb659895e4d840b649e005c3a","Bangalore","City"
"location/london/aad17950576b8c448fd4f44dbeb59220","London","City"
"location/edmonton/98b651d546a40cf42aba8d7a3acd72ef","Edmonton","City"
"location/south-jordan/0b686e6a4ed25ac4163dfa17a3805ac5","South Jordan","City"
"location/vancouver/66c3654d14571b2e5d24a7d40c6da46e","Vancouver","City"
"location/mumbai/08cc18c484551e1a38710c5e64cfacc7","Mumbai","City"
"location/milan/9c5094c44cf66285f1b0acab7a7fc285","Milan","City"
"location/san-mateo/38414ea0e8b8a6c0946e23052c658c88","San Mateo","City"
"location/chicago/efdad00df2c68036f66eefdcaecaafa7","Chicago","City"
"location/barcelona/eead2c0cb178ad334e6d6c813c955e99","Barcelona","City"
"location/boulogne-billancourt/c15fff2cf97015d2ddf3f3caf5b0c07d","Boulogne-billancourt","City"
"location/chicago/efdad00df2c68036f66eefdcaecaafa7","Chicago","City"
"location/san-carlos/39b9b02a90f8939b51205ca52ce75721","San Carlos","City"
"location/london/aad17950576b8c448fd4f44dbeb59220","London","City"
"location/dublin/97c70aa17568ca5375122f181f0484a7","Dublin","City"
"location/london/aad17950576b8c448fd4f44dbeb59220","London","City"
"location/san-francisco/528f5e3c90d111115d1c2e4ff979d58e","San Francisco","City"
"location/new-york/d64b7615985cfbf44affaa89d70c4050","New York","City"
"location/san-francisco/528f5e3c90d111115d1c2e4ff979d58e","San Francisco","City"
"location/new-york/d64b7615985cfbf44affaa89d70c4050","New York","City"
"location/zürich/bd22efa44815cf8ee8c5668079240b6c","Zürich","City"
"location/durham/d40c22e55e7877072d64179990cb6e5e","Durham","City"
"location/singapore/9751cba11f7dc51b7a29d5a2e2985599","Singapore","City"
"location/denver/b0630aa148bf61a36cd018b348571ea6","Denver","City"
"location/warsaw/b29e2fa90ce08f156102ec95533cc2f2","Warsaw","City"
"location/new-york/d64b7615985cfbf44affaa89d70c4050","New York","City"
"location/fargo/48968c6a7cfc0e38947c8a5f1bda5d0e","Fargo","City"
"location/scottsdale/10df304e5914962dfe28ba3c8a0d20f1","Scottsdale","City"
"location/palo-alto/0d81d68c9c59f14f01163ad9ce7145ca","Palo Alto","City"
"location/cambridge/46d953abbf0c0fd1c375f151b78542a0","Cambridge","City"
"location/durham/d40c22e55e7877072d64179990cb6e5e","Durham","City"
"location/tel-aviv/722877af1334395e4f27e270959395a0","Tel Aviv","City"
"location/paris/5805284c00a4f0aab8115843398ff2bb","Paris","City"
"location/melbourne/de341e15e8667e8a7709a364964e99eb","Melbourne","City"
"location/boise/6bc15798d9878205cb71bbe33a2276a5","Boise","City"
"location/san-francisco/528f5e3c90d111115d1c2e4ff979d58e","San Francisco","City"
"location/durham/d40c22e55e7877072d64179990cb6e5e","Durham","City"
"location/new-york/d64b7615985cfbf44affaa89d70c4050","New York","City"
"location/henderson/0a5dee0af34202df99a3fac695efa34c","Henderson","City"
"location/san-francisco/528f5e3c90d111115d1c2e4ff979d58e","San Francisco","City"
"location/birmingham/d55cd37a2858b90a074067b5ce51a622","Birmingham","City"
"location/paris/5805284c00a4f0aab8115843398ff2bb","Paris","City"
"location/chicago/efdad00df2c68036f66eefdcaecaafa7","Chicago","City"
"location/moscow/2e267c0c58ace44e018dd3f60f725bcb","Moscow","City"
"location/chiari/2a39cf4306a8d6490485004f2e4e8491","Chiari","City"
"location/san-francisco/528f5e3c90d111115d1c2e4ff979d58e","San Francisco","City"
"location/san-francisco/528f5e3c90d111115d1c2e4ff979d58e","San Francisco","City"
"location/singapore/9751cba11f7dc51b7a29d5a2e2985599","Singapore","City"
"location/galway/71e2a6f4d626ae965e24c3df5e83fda1","Galway","City"
"location/campinas/b0641306d7492d9c9e38bf2b333fa566","Campinas","City"
"location/helsinki/f1d17e2b751624dab4dc9eb292782102","Helsinki","City"
"location/palo-alto/0d81d68c9c59f14f01163ad9ce7145ca","Palo Alto","City"
"location/brooklyn/8de855d7a2b8d2d97336072abcf1abe1","Brooklyn","City"
"location/san-jose/1a36817cb0a6fbd1a2be3fb7e4900331","San Jose","City"
"location/palm-beach-shores/9f1f3453fd66a3af54c5f93e9cb25d03","Palm Beach Shores","City"
"location/san-francisco/528f5e3c90d111115d1c2e4ff979d58e","San Francisco","City"
"location/chiari/2a39cf4306a8d6490485004f2e4e8491","Chiari","City"
"location/istanbul/6618468699ba3fd26be7c4a96c04812a","Istanbul","City"
"location/sydney/cb843159b286d32003a7ce36d6764f21","Sydney","City"
"location/san-jose/1a36817cb0a6fbd1a2be3fb7e4900331","San Jose","City"
"location/menlo-park/1f8abfef5379b26b702005a09908492f","Menlo Park","City"
"location/irving/d248f640a8aa63e7f70ceb5828a27d7f","Irving","City"
"location/boston/9898e533996b05148cc5302f60454c02","Boston","City"
"location/bangalore/37f3a3feb659895e4d840b649e005c3a","Bangalore","City"
"location/london/aad17950576b8c448fd4f44dbeb59220","London","City"
"location/washington/09d220d540bacd296f7a5035ff6e6bef","Washington","City"
"location/singapore/9751cba11f7dc51b7a29d5a2e2985599","Singapore","City"
"location/boston/9898e533996b05148cc5302f60454c02","Boston","City"
"location/oslo/755ee4e5dea64a4d23458583a75e4e81","Oslo","City"
"location/san-francisco/528f5e3c90d111115d1c2e4ff979d58e","San Francisco","City"
"location/london/aad17950576b8c448fd4f44dbeb59220","London","City"
"location/warsaw/b29e2fa90ce08f156102ec95533cc2f2","Warsaw","City"
"location/boston/9898e533996b05148cc5302f60454c02","Boston","City"
"location/paris/5805284c00a4f0aab8115843398ff2bb","Paris","City"
"location/saint-albans/a45fa971ff514c3b86736657f31507bc","Saint Albans","City"
"location/hingham/a2b9d5d97a2c066f23e4be3b4724a5c4","Hingham","City"
"location/san-carlos/39b9b02a90f8939b51205ca52ce75721","San Carlos","City"
"location/trento/e145bc7550c4f3f199e11f96189c2cc8","Trento","City"
"location/bellevue/16de61784c1e71790417afcd95455952","Bellevue","City"
"location/campbell/7d69548ea03d5d877fa5baeefc0c26ca","Campbell","City"
"location/atlanta/d8030351c1d20ace2b33794a95c99b7c","Atlanta","City"
"location/singapore/9751cba11f7dc51b7a29d5a2e2985599","Singapore","City"
"location/los-gatos/77558ef65dcc0a306ec5a53de432e770","Los Gatos","City"
"location/palo-alto/0d81d68c9c59f14f01163ad9ce7145ca","Palo Alto","City"
"location/santiago/5786c1ef0da8f1f8e1bd21ed9b12e171","Santiago","City"
"location/den-haag/bc682c5bda13687794d89da026fde03b","Den Haag","City"
"location/san-francisco/528f5e3c90d111115d1c2e4ff979d58e","San Francisco","City"
"location/erode/8c1f0ebd1457a60afff049d58b86b94e","Erode","City"
"location/erode/8c1f0ebd1457a60afff049d58b86b94e","Erode","City"
"location/seoul/8b33ebb2fa74d65d2bbfdb8b2f9637c3","Seoul","City"
"location/charlotte/7e6e1c52039c04cd9e98ea05bed9f66b","Charlotte","City"
"location/helsinki/f1d17e2b751624dab4dc9eb292782102","Helsinki","City"
"location/san-francisco/528f5e3c90d111115d1c2e4ff979d58e","San Francisco","City"
"location/atlanta/d8030351c1d20ace2b33794a95c99b7c","Atlanta","City"
"location/washington/09d220d540bacd296f7a5035ff6e6bef","Washington","City"
"location/bangalore/37f3a3feb659895e4d840b649e005c3a","Bangalore","City"
"location/tokyo/127ba62dd40a3d1242c0e606f9fa9440","Tokyo","City"
"location/paris/5805284c00a4f0aab8115843398ff2bb","Paris","City"
"location/san-francisco/528f5e3c90d111115d1c2e4ff979d58e","San Francisco","City"
"location/zagreb/ee9678c1226e1ae949918de4f11e90f1","Zagreb","City"
"location/seoul/8b33ebb2fa74d65d2bbfdb8b2f9637c3","Seoul","City"
"location/singapore/9751cba11f7dc51b7a29d5a2e2985599","Singapore","City"
"location/hingham/a2b9d5d97a2c066f23e4be3b4724a5c4","Hingham","City"
"location/singapore/9751cba11f7dc51b7a29d5a2e2985599","Singapore","City"
"location/longwood/3085e9e3ee420809d6ed32a1b2f0ed0f","Longwood","City"
"location/nashua/1cc86c8caa0c0447cc900acddc06d112","Nashua","City"
"location/cambridge/46d953abbf0c0fd1c375f151b78542a0","Cambridge","City"
"location/boston/9898e533996b05148cc5302f60454c02","Boston","City"
"location/san-francisco/528f5e3c90d111115d1c2e4ff979d58e","San Francisco","City"
"location/seoul/8b33ebb2fa74d65d2bbfdb8b2f9637c3","Seoul","City"
"location/new-york/d64b7615985cfbf44affaa89d70c4050","New York","City"
"location/waltham/02f71c8f3589b9dad8b3b1ad1bc9b93a","Waltham","City"
"location/erode/8c1f0ebd1457a60afff049d58b86b94e","Erode","City"
"location/pozuelo-de-alarcón/10cf3123ac43407b2e02d6383f1320ef","Pozuelo De Alarcón","City"