"path","name","type"
"location/switzerland/078d9679a86202a257c88337e9a1eec8","Switzerland","Country"
"location/united-states/f110fca2105599f6996d011c198b3928","United States","Country"
"location/india/44048bf7db640d7adb20fd3c1ebf47b0","India","Country"
"location/united-states/f110fca2105599f6996d011c198b3928","United States","Country"
"location/united-states/f110fca2105599f6996d011c198b3928","United States","Country"
"location/united-states/f110fca2105599f6996d011c198b3928","United States","Country"
"location/united-states/f110fca2105599f6996d011c198b3928","United States","Country"
"location/india/44048bf7db640d7adb20fd3c1ebf47b0","India","Country"
"location/united-states/f110fca2105599f6996d011c198b3928","United States","Country"
"location/united-states/f110fca2105599f6996d011c198b3928","United States","Country"
"location/united-kingdom/a30e342c17426b1c66e9461de680e54b","United Kingdom","Country"
"location/united-states/f110fca2105599f6996d011c198b3928","United States","Country"
"location/singapore/91f489f8c9f704bf93a33cce438dd3c5","Singapore","Country"
"location/estonia/c0771ac645dc7060e8e54fad1098f695","Estonia","Country"
"location/united-kingdom/a30e342c17426b1c66e9461de680e54b","United Kingdom","Country"
"location/united-states/f110fca2105599f6996d011c198b3928","United States","Country"
"location/united-kingdom/a30e342c17426b1c66e9461de680e54b","United Kingdom","Country"
"location/india/44048bf7db640d7adb20fd3c1ebf47b0","India","Country"
"location/israel/ab89e1a9013f82613b5f60487350334d","Israel","Country"
"location/spain/3f66b02a78e2aca02da4e7e1eed94671","Spain","Country"
"location/united-states/f110fca2105599f6996d011c198b3928","United States","Country"
"location/slovakia-(slovak-republic)/20b300f33b6e88d4088891d7c90c3dde","Slovakia (Slovak Republic)","Country"
"location/united-states/f110fca2105599f6996d011c198b3928","United States","Country"
"location/united-states/f110fca2105599f6996d011c198b3928","United States","Country"
"location/south-korea/2744d40afc3325359a3eded185736fd1","South Korea","Country"
"location/united-states/f110fca2105599f6996d011c198b3928","United States","Country"
"location/united-states/f110fca2105599f6996d011c198b3928","United States","Country"
"location/united-states/f110fca2105599f6996d011c198b3928","United States","Country"
"location/india/44048bf7db640d7adb20fd3c1ebf47b0","India","Country"
"location/united-kingdom/a30e342c17426b1c66e9461de680e54b","United Kingdom","Country"
"location/united-states/f110fca2105599f6996d011c198b3928","United States","Country"
"location/united-states/f110fca2105599f6996d011c198b3928","United States","Country"
"location/russian-federation/c6489798402ca5b4fe7709247eee9900","Russian Federation","Country"
"location/india/44048bf7db640d7adb20fd3c1ebf47b0","India","Country"
"location/united-states/f110fca2105599f6996d011c198b3928","United States","Country"
"location/united-states/f110fca2105599f6996d011c198b3928","United States","Country"
"location/united-states/f110fca2105599f6996d011c198b3928","United States","Country"
"location/united-states/f110fca2105599f6996d011c198b3928","United States","Country"
"location/united-states/f110fca2105599f6996d011c198b3928","United States","Country"
"location/united-states/f110fca2105599f6996d011c198b3928","United States","Country"
"location/the-netherlands/4ae9a82d35d9be0cea9d366afba8f8f0","The Netherlands","Country"
"location/united-states/f110fca2105599f6996d011c198b3928","United States","Country"
"location/united-states/f110fca2105599f6996d011c198b3928","United States","Country"
"location/united-states/f110fca2105599f6996d011c198b3928","United States","Country"
"location/united-states/f110fca2105599f6996d011c198b3928","United States","Country"
"location/united-kingdom/a30e342c17426b1c66e9461de680e54b","United Kingdom","Country"
"location/russian-federation/c6489798402ca5b4fe7709247eee9900","Russian Federation","Country"
"location/india/44048bf7db640d7adb20fd3c1ebf47b0","India","Country"
"location/india/44048bf7db640d7adb20fd3c1ebf47b0","India","Country"
"location/united-states/f110fca2105599f6996d011c198b3928","United States","Country"
"location/united-states/f110fca2105599f6996d011c198b3928","United States","Country"
"location/united-states/f110fca2105599f6996d011c198b3928","United States","Country"
"location/united-states/f110fca2105599f6996d011c198b3928","United States","Country"
"location/united-states/f110fca2105599f6996d011c198b3928","United States","Country"
"location/united-states/f110fca2105599f6996d011c198b3928","United States","Country"
"location/united-states/f110fca2105599f6996d011c198b3928","United States","Country"
"location/poland/387919cc9d26c5e0bb974e13095c0bac","Poland","Country"
"location/united-states/f110fca2105599f6996d011c198b3928","United States","Country"
"location/united-states/f110fca2105599f6996d011c198b3928","United States","Country"
"location/united-states/f110fca2105599f6996d011c198b3928","United States","Country"
"location/austria/6d705437ce74b06198640079d15fb639","Austria","Country"
"location/united-states/f110fca2105599f6996d011c198b3928","United States","Country"
"location/united-states/f110fca2105599f6996d011c198b3928","United States","Country"
"location/united-states/f110fca2105599f6996d011c198b3928","United States","Country"
"location/united-states/f110fca2105599f6996d011c198b3928","United States","Country"
"location/united-states/f110fca2105599f6996d011c198b3928","United States","Country"
"location/united-states/f110fca2105599f6996d011c198b3928","United States","Country"
"location/united-states/f110fca2105599f6996d011c198b3928","United States","Country"
"location/france/f134827e36a1fd31a82f950489e103ef","France","Country"
"location/belgium/0bb46ca538e739775d0934dd1143a806","Belgium","Country"
"location/india/44048bf7db640d7adb20fd3c1ebf47b0","India","Country"
"location/brazil/8eb58540ecb9b5bbfae53ff82665c717","Brazil","Country"
"location/united-states/f110fca2105599f6996d011c198b3928","United States","Country"
"location/germany/6085b4bfb18a1763a04efdde3f6aba94","Germany","Country"
"location/united-states/f110fca2105599f6996d011c198b3928","United States","Country"
"location/united-states/f110fca2105599f6996d011c198b3928","United States","Country"
"location/israel/ab89e1a9013f82613b5f60487350334d","Israel","Country"
"location/united-states/f110fca2105599f6996d011c198b3928","United States","Country"
"location/united-states/f110fca2105599f6996d011c198b3928","United States","Country"
"location/india/44048bf7db640d7adb20fd3c1ebf47b0","India","Country"
"location/france/f134827e36a1fd31a82f950489e103ef","France","Country"
"location/france/f134827e36a1fd31a82f950489e103ef","France","Country"
"location/united-states/f110fca2105599f6996d011c198b3928","United States","Country"
"location/united-states/f110fca2105599f6996d011c198b3928","United States","Country"
"location/colombia/53aa515c558d89b0dbc08b3e2e906e69","Colombia","Country"
"location/united-states/f110fca2105599f6996d011c198b3928","United States","Country"
"location/united-states/f110fca2105599f6996d011c198b3928","United States","Country"
"location/united-states/f110fca2105599f6996d011c198b3928","United States","Country"
"location/india/44048bf7db640d7adb20fd3c1ebf47b0","India","Country"
"location/austria/6d705437ce74b06198640079d15fb639","Austria","Country"
"location/united-states/f110fca2105599f6996d011c198b3928","United States","Country"
"location/singapore/91f489f8c9f704bf93a33cce438dd3c5","Singapore","Country"
"location/italy/9dd7a8c57b7f778590f4fed17fa5a6ff","Italy","Country"
"location/lithuania/a3de144c912b3441428b7c69c6d16da3","Lithuania","Country"
"location/united-states/f110fca2105599f6996d011c198b3928","United States","Country"
"location/sweden/38bdadf8c28c66895a01924f0a63442e","Sweden","Country"
"location/united-states/f110fca2105599f6996d011c198b3928","United States","Country"
"location/turkey/1fbde7a3631380bfb2e3235b44a89699","Turkey","Country"
"location/united-states/f110fca2105599f6996d011c198b3928","United States","Country"
"location/south-africa/accdbce5cd94ee45008be621218a3e6a","South Africa","Country"
"location/the-netherlands/4ae9a82d35d9be0cea9d366afba8f8f0","The Netherlands","Country"
"location/india/44048bf7db640d7adb20fd3c1ebf47b0","India","Country"
"location/india/44048bf7db640d7adb20fd3c1ebf47b0","India","Country"
"location/south-korea/2744d40afc3325359a3eded185736fd1","South Korea","Country"
"location/canada/1b3d6217ec761b13c47aaca49b466a2c","Canada","Country"
"location/czech-republic/47657b8e1cd486b2fdfea4c56f96bfd7","Czech Republic","Country"
"location/united-states/f110fca2105599f6996d011c198b3928","United States","Country"
"location/united-states/f110fca2105599f6996d011c198b3928","United States","Country"
"location/united-states/f110fca2105599f6996d011c198b3928","United States","Country"
"location/united-states/f110fca2105599f6996d011c198b3928","United States","Country"
"location/united-states/f110fca2105599f6996d011c198b3928","United States","Country"
"location/south-korea/2744d40afc3325359a3eded185736fd1","South Korea","Country"
"location/united-states/f110fca2105599f6996d011c198b3928","United States","Country"
"location/bulgaria/dc0f5a36f65b2a3e43317ef52916d4a6","Bulgaria","Country"
"location/united-states/f110fca2105599f6996d011c198b3928","United States","Country"
"location/united-states/f110fca2105599f6996d011c198b3928","United States","Country"
"location/united-states/f110fca2105599f6996d011c198b3928","United States","Country"
"location/united-states/f110fca2105599f6996d011c198b3928","United States","Country"
"location/india/44048bf7db640d7adb20fd3c1ebf47b0","India","Country"
"location/united-states/f110fca2105599f6996d011c198b3928","United States","Country"
"location/singapore/91f489f8c9f704bf93a33cce438dd3c5","Singapore","Country"
"location/united-states/f110fca2105599f6996d011c198b3928","United States","Country"
"location/argentina/cb42416cf6b32f47f5bd46fed057cd0a","Argentina","Country"
"location/united-states/f110fca2105599f6996d011c198b3928","United States","Country"
"location/argentina/cb42416cf6b32f47f5bd46fed057cd0a","Argentina","Country"
"location/germany/6085b4bfb18a1763a04efdde3f6aba94","Germany","Country"
"location/finland/46a87674f0402806b4bbe9b83efe1070","Finland","Country"
"location/switzerland/078d9679a86202a257c88337e9a1eec8","Switzerland","Country"
"location/united-states/f110fca2105599f6996d011c198b3928","United States","Country"
"location/france/f134827e36a1fd31a82f950489e103ef","France","Country"
"location/india/44048bf7db640d7adb20fd3c1ebf47b0","India","Country"
"location/united-states/f110fca2105599f6996d011c198b3928","United States","Country"
"location/india/44048bf7db640d7adb20fd3c1ebf47b0","India","Country"
"location/united-states/f110fca2105599f6996d011c198b3928","United States","Country"
"location/united-states/f110fca2105599f6996d011c198b3928","United States","Country"
"location/united-states/f110fca2105599f6996d011c198b3928","United States","Country"
"location/united-states/f110fca2105599f6996d011c198b3928","United States","Country"
"location/israel/ab89e1a9013f82613b5f60487350334d","Israel","Country"
"location/united-states/f110fca2105599f6996d011c198b3928","United States","Country"
"location/united-states/f110fca2105599f6996d011c198b3928","United States","Country"
"location/united-states/f110fca2105599f6996d011c198b3928","United States","Country"
"location/united-states/f110fca2105599f6996d011c198b3928","United States","Country"
"location/united-states/f110fca2105599f6996d011c198b3928","United States","Country"
"location/united-kingdom/a30e342c17426b1c66e9461de680e54b","United Kingdom","Country"
"location/united-states/f110fca2105599f6996d011c198b3928","United States","Country"
"location/united-states/f110fca2105599f6996d011c198b3928","United States","Country"
"location/united-kingdom/a30e342c17426b1c66e9461de680e54b","United Kingdom","Country"
"location/germany/6085b4bfb18a1763a04efdde3f6aba94","Germany","Country"
"location/united-states/f110fca2105599f6996d011c198b3928","United States","Country"
"location/united-states/f110fca2105599f6996d011c198b3928","United States","Country"
"location/united-states/f110fca2105599f6996d011c198b3928","United States","Country"
"location/australia/973b2306d32e3a70263ef1de1e0068f6","Australia","Country"
"location/united-states/f110fca2105599f6996d011c198b3928","United States","Country"
"location/ireland/1944e9da82b4819038c0014fef22e2ef","Ireland","Country"
"location/united-states/f110fca2105599f6996d011c198b3928","United States","Country"
"location/united-states/f110fca2105599f6996d011c198b3928","United States","Country"
"location/mexico/308f292714b4d2d6be551d9ccab8426e","Mexico","Country"
"location/united-states/f110fca2105599f6996d011c198b3928","United States","Country"
"location/italy/9dd7a8c57b7f778590f4fed17fa5a6ff","Italy","Country"
"location/united-states/f110fca2105599f6996d011c198b3928","United States","Country"
"location/argentina/cb42416cf6b32f47f5bd46fed057cd0a","Argentina","Country"
"location/the-netherlands/4ae9a82d35d9be0cea9d366afba8f8f0","The Netherlands","Country"
"location/india/44048bf7db640d7adb20fd3c1ebf47b0","India","Country"
"location/united-states/f110fca2105599f6996d011c198b3928","United States","Country"
"location/singapore/91f489f8c9f704bf93a33cce438dd3c5","Singapore","Country"
"location/sweden/38bdadf8c28c66895a01924f0a63442e","Sweden","Country"
"location/china/500afaba46450121d7b899327c7aaa07","China","Country"
"location/israel/ab89e1a9013f82613b5f60487350334d","Israel","Country"
"location/india/44048bf7db640d7adb20fd3c1ebf47b0","India","Country"
"location/spain/3f66b02a78e2aca02da4e7e1eed94671","Spain","Country"
"location/united-states/f110fca2105599f6996d011c198b3928","United States","Country"
"location/argentina/cb42416cf6b32f47f5bd46fed057cd0a","Argentina","Country"
"location/italy/9dd7a8c57b7f778590f4fed17fa5a6ff","Italy","Country"
"location/united-states/f110fca2105599f6996d011c198b3928","United States","Country"
"location/bulgaria/dc0f5a36f65b2a3e43317ef52916d4a6","Bulgaria","Country"
"location/united-states/f110fca2105599f6996d011c198b3928","United States","Country"
"location/united-states/f110fca2105599f6996d011c198b3928","United States","Country"
"location/united-kingdom/a30e342c17426b1c66e9461de680e54b","United Kingdom","Country"
"location/united-states/f110fca2105599f6996d011c198b3928","United States","Country"
"location/united-kingdom/a30e342c17426b1c66e9461de680e54b","United Kingdom","Country"
"location/united-states/f110fca2105599f6996d011c198b3928","United States","Country"
"location/united-states/f110fca2105599f6996d011c198b3928","United States","Country"
"location/argentina/cb42416cf6b32f47f5bd46fed057cd0a","Argentina","Country"
"location/united-states/f110fca2105599f6996d011c198b3928","United States","Country"
"location/united-states/f110fca2105599f6996d011c198b3928","United States","Country"
"location/united-states/f110fca2105599f6996d011c198b3928","United States","Country"
"location/united-states/f110fca2105599f6996d011c198b3928","United States","Country"
"location/united-states/f110fca2105599f6996d011c198b3928","United States","Country"
"location/united-states/f110fca2105599f6996d011c198b3928","United States","Country"
"location/india/44048bf7db640d7adb20fd3c1ebf47b0","India","Country"
"location/united-states/f110fca2105599f6996d011c198b3928","United States","Country"
"location/united-states/f110fca2105599f6996d011c198b3928","United States","Country"
"location/finland/46a87674f0402806b4bbe9b83efe1070","Finland","Country"
"location/united-states/f110fca2105599f6996d011c198b3928","United States","Country"
"location/italy/9dd7a8c57b7f778590f4fed17fa5a6ff","Italy","Country"
"location/united-states/f110fca2105599f6996d011c198b3928","United States","Country"
"location/united-states/f110fca2105599f6996d011c198b3928","United States","Country"
"location/united-states/f110fca2105599f6996d011c198b3928","United States","Country"
"location/malaysia/7511eff7fd0a1443c8ad6144eadcb1d8","Malaysia","Country"
"location/india/44048bf7db640d7adb20fd3c1ebf47b0","India","Country"
"location/united-kingdom/a30e342c17426b1c66e9461de680e54b","United Kingdom","Country"
"location/china/500afaba46450121d7b899327c7aaa07","China","Country"
"location/united-states/f110fca2105599f6996d011c198b3928","United States","Country"
"location/united-states/f110fca2105599f6996d011c198b3928","United States","Country"
"location/india/44048bf7db640d7adb20fd3c1ebf47b0","India","Country"
"location/united-states/f110fca2105599f6996d011c198b3928","United States","Country"
"location/united-states/f110fca2105599f6996d011c198b3928","United States","Country"
"location/united-states/f110fca2105599f6996d011c198b3928","United States","Country"
"location/united-kingdom/a30e342c17426b1c66e9461de680e54b","United Kingdom","Country"
"location/united-states/f110fca2105599f6996d011c198b3928","United States","Country"
"location/united-states/f110fca2105599f6996d011c198b3928","United States","Country"
"location/united-states/f110fca2105599f6996d011c198b3928","United States","Country"
"location/united-states/f110fca2105599f6996d011c198b3928","United States","Country"
"location/united-states/f110fca2105599f6996d011c198b3928","United States","Country"
"location/united-kingdom/a30e342c17426b1c66e9461de680e54b","United Kingdom","Country"
"location/united-states/f110fca2105599f6996d011c198b3928","United States","Country"
"location/united-states/f110fca2105599f6996d011c198b3928","United States","Country"
"location/united-states/f110fca2105599f6996d011c198b3928","United States","Country"
"location/united-states/f110fca2105599f6996d011c198b3928","United States","Country"
"location/united-states/f110fca2105599f6996d011c198b3928","United States","Country"
"location/united-states/f110fca2105599f6996d011c198b3928","United States","Country"
"location/india/44048bf7db640d7adb20fd3c1ebf47b0","India","Country"
"location/united-states/f110fca2105599f6996d011c198b3928","United States","Country"
"location/united-states/f110fca2105599f6996d011c198b3928","United States","Country"
"location/united-states/f110fca2105599f6996d011c198b3928","United States","Country"
"location/singapore/91f489f8c9f704bf93a33cce438dd3c5","Singapore","Country"
"location/united-states/f110fca2105599f6996d011c198b3928","United States","Country"
"location/chile/ce9108b2ca05179d9bb7f865b9349e5f","Chile","Country"
"location/united-states/f110fca2105599f6996d011c198b3928","United States","Country"
"location/united-states/f110fca2105599f6996d011c198b3928","United States","Country"
"location/united-states/f110fca2105599f6996d011c198b3928","United States","Country"
"location/india/44048bf7db640d7adb20fd3c1ebf47b0","India","Country"
"location/united-states/f110fca2105599f6996d011c198b3928","United States","Country"
"location/united-states/f110fca2105599f6996d011c198b3928","United States","Country"
"location/united-states/f110fca2105599f6996d011c198b3928","United States","Country"
"location/south-africa/accdbce5cd94ee45008be621218a3e6a","South Africa","Country"
"location/united-states/f110fca2105599f6996d011c198b3928","United States","Country"
"location/turkey/1fbde7a3631380bfb2e3235b44a89699","Turkey","Country"
"location/slovenia/db0f595acc1df555b312257699ae4488","Slovenia","Country"
"location/norway/9ae73d3796ed28a846eaf52b26a2f97d","Norway","Country"
"location/united-states/f110fca2105599f6996d011c198b3928","United States","Country"
"location/italy/9dd7a8c57b7f778590f4fed17fa5a6ff","Italy","Country"
"location/india/44048bf7db640d7adb20fd3c1ebf47b0","India","Country"
"location/india/44048bf7db640d7adb20fd3c1ebf47b0","India","Country"
"location/hong-kong/ed443fa6a2c69f9c281a9172fc2f0c71","Hong Kong","Country"
"location/united-states/f110fca2105599f6996d011c198b3928","United States","Country"
"location/australia/973b2306d32e3a70263ef1de1e0068f6","Australia","Country"
"location/united-states/f110fca2105599f6996d011c198b3928","United States","Country"
"location/united-states/f110fca2105599f6996d011c198b3928","United States","Country"
"location/france/f134827e36a1fd31a82f950489e103ef","France","Country"
"location/china/500afaba46450121d7b899327c7aaa07","China","Country"
"location/united-states/f110fca2105599f6996d011c198b3928","United States","Country"
"location/united-states/f110fca2105599f6996d011c198b3928","United States","Country"
"location/united-states/f110fca2105599f6996d011c198b3928","United States","Country"
"location/australia/973b2306d32e3a70263ef1de1e0068f6","Australia","Country"
"location/united-states/f110fca2105599f6996d011c198b3928","United States","Country"
"location/united-states/f110fca2105599f6996d011c198b3928","United States","Country"
"location/france/f134827e36a1fd31a82f950489e103ef","France","Country"
"location/united-states/f110fca2105599f6996d011c198b3928","United States","Country"
"location/united-states/f110fca2105599f6996d011c198b3928","United States","Country"
"location/singapore/91f489f8c9f704bf93a33cce438dd3c5","Singapore","Country"
"location/australia/973b2306d32e3a70263ef1de1e0068f6","Australia","Country"
"location/china/500afaba46450121d7b899327c7aaa07","China","Country"
"location/united-states/f110fca2105599f6996d011c198b3928","United States","Country"
"location/united-states/f110fca2105599f6996d011c198b3928","United States","Country"
"location/germany/6085b4bfb18a1763a04efdde3f6aba94","Germany","Country"
"location/united-states/f110fca2105599f6996d011c198b3928","United States","Country"
"location/united-states/f110fca2105599f6996d011c198b3928","United States","Country"
"location/finland/46a87674f0402806b4bbe9b83efe1070","Finland","Country"
"location/united-states/f110fca2105599f6996d011c198b3928","United States","Country"
"location/israel/ab89e1a9013f82613b5f60487350334d","Israel","Country"
"location/united-states/f110fca2105599f6996d011c198b3928","United States","Country"
"location/norway/9ae73d3796ed28a846eaf52b26a2f97d","Norway","Country"
"location/united-states/f110fca2105599f6996d011c198b3928","United States","Country"
"location/united-states/f110fca2105599f6996d011c198b3928","United States","Country"
"location/india/44048bf7db640d7adb20fd3c1ebf47b0","India","Country"
"location/united-states/f110fca2105599f6996d011c198b3928","United States","Country"
"location/united-states/f110fca2105599f6996d011c198b3928","United States","Country"
"location/finland/46a87674f0402806b4bbe9b83efe1070","Finland","Country"
"location/united-states/f110fca2105599f6996d011c198b3928","United States","Country"
"location/finland/46a87674f0402806b4bbe9b83efe1070","Finland","Country"
"location/united-states/f110fca2105599f6996d011c198b3928","United States","Country"
"location/united-kingdom/a30e342c17426b1c66e9461de680e54b","United Kingdom","Country"
"location/the-netherlands/4ae9a82d35d9be0cea9d366afba8f8f0","The Netherlands","Country"
"location/israel/ab89e1a9013f82613b5f60487350334d","Israel","Country"
"location/bulgaria/dc0f5a36f65b2a3e43317ef52916d4a6","Bulgaria","Country"
"location/united-states/f110fca2105599f6996d011c198b3928","United States","Country"
"location/india/44048bf7db640d7adb20fd3c1ebf47b0","India","Country"
"location/israel/ab89e1a9013f82613b5f60487350334d","Israel","Country"
"location/united-states/f110fca2105599f6996d011c198b3928","United States","Country"
"location/south-korea/2744d40afc3325359a3eded185736fd1","South Korea","Country"
"location/singapore/91f489f8c9f704bf93a33cce438dd3c5","Singapore","Country"
"location/united-kingdom/a30e342c17426b1c66e9461de680e54b","United Kingdom","Country"
"location/canada/1b3d6217ec761b13c47aaca49b466a2c","Canada","Country"
"location/united-states/f110fca2105599f6996d011c198b3928","United States","Country"
"location/hungary/d4455190161ad2beffea4b358ec17237","Hungary","Country"
"location/india/44048bf7db640d7adb20fd3c1ebf47b0","India","Country"
"location/united-states/f110fca2105599f6996d011c198b3928","United States","Country"
"location/australia/973b2306d32e3a70263ef1de1e0068f6","Australia","Country"
"location/united-kingdom/a30e342c17426b1c66e9461de680e54b","United Kingdom","Country"
"location/ireland/1944e9da82b4819038c0014fef22e2ef","Ireland","Country"
"location/germany/6085b4bfb18a1763a04efdde3f6aba94","Germany","Country"
"location/canada/1b3d6217ec761b13c47aaca49b466a2c","Canada","Country"
"location/brazil/8eb58540ecb9b5bbfae53ff82665c717","Brazil","Country"
"location/united-states/f110fca2105599f6996d011c198b3928","United States","Country"
"location/the-netherlands/4ae9a82d35d9be0cea9d366afba8f8f0","The Netherlands","Country"
"location/canada/1b3d6217ec761b13c47aaca49b466a2c","Canada","Country"
"location/united-states/f110fca2105599f6996d011c198b3928","United States","Country"
"location/united-states/f110fca2105599f6996d011c198b3928","United States","Country"
"location/united-states/f110fca2105599f6996d011c198b3928","United States","Country"
"location/united-states/f110fca2105599f6996d011c198b3928","United States","Country"
"location/united-states/f110fca2105599f6996d011c198b3928","United States","Country"
"location/united-states/f110fca2105599f6996d011c198b3928","United States","Country"
"location/united-states/f110fca2105599f6996d011c198b3928","United States","Country"
"location/austria/6d705437ce74b06198640079d15fb639","Austria","Country"
"location/united-states/f110fca2105599f6996d011c198b3928","United States","Country"
"location/croatia/a8d0a2f93ebc10a3d2ff26649e25d717","Croatia","Country"
"location/china/500afaba46450121d7b899327c7aaa07","China","Country"
"location/united-states/f110fca2105599f6996d011c198b3928","United States","Country"
"location/united-states/f110fca2105599f6996d011c198b3928","United States","Country"
"location/united-states/f110fca2105599f6996d011c198b3928","United States","Country"
"location/brazil/8eb58540ecb9b5bbfae53ff82665c717","Brazil","Country"
"location/united-states/f110fca2105599f6996d011c198b3928","United States","Country"
"location/united-states/f110fca2105599f6996d011c198b3928","United States","Country"
"location/united-states/f110fca2105599f6996d011c198b3928","United States","Country"
"location/united-kingdom/a30e342c17426b1c66e9461de680e54b","United Kingdom","Country"
"location/united-states/f110fca2105599f6996d011c198b3928","United States","Country"
"location/united-states/f110fca2105599f6996d011c198b3928","United States","Country"
"location/united-states/f110fca2105599f6996d011c198b3928","United States","Country"
"location/germany/6085b4bfb18a1763a04efdde3f6aba94","Germany","Country"
"location/canada/1b3d6217ec761b13c47aaca49b466a2c","Canada","Country"
"location/united-states/f110fca2105599f6996d011c198b3928","United States","Country"
"location/united-states/f110fca2105599f6996d011c198b3928","United States","Country"
"location/canada/1b3d6217ec761b13c47aaca49b466a2c","Canada","Country"
"location/united-states/f110fca2105599f6996d011c198b3928","United States","Country"
"location/france/f134827e36a1fd31a82f950489e103ef","France","Country"
"location/united-states/f110fca2105599f6996d011c198b3928","United States","Country"
"location/united-states/f110fca2105599f6996d011c198b3928","United States","Country"
"location/united-states/f110fca2105599f6996d011c198b3928","United States","Country"
"location/canada/1b3d6217ec761b13c47aaca49b466a2c","Canada","Country"
"location/united-states/f110fca2105599f6996d011c198b3928","United States","Country"
"location/united-kingdom/a30e342c17426b1c66e9461de680e54b","United Kingdom","Country"
"location/united-states/f110fca2105599f6996d011c198b3928","United States","Country"
"location/united-states/f110fca2105599f6996d011c198b3928","United States","Country"
"location/united-states/f110fca2105599f6996d011c198b3928","United States","Country"
"location/germany/6085b4bfb18a1763a04efdde3f6aba94","Germany","Country"
"location/united-states/f110fca2105599f6996d011c198b3928","United States","Country"
"location/united-states/f110fca2105599f6996d011c198b3928","United States","Country"
"location/united-states/f110fca2105599f6996d011c198b3928","United States","Country"
"location/india/44048bf7db640d7adb20fd3c1ebf47b0","India","Country"
"location/united-states/f110fca2105599f6996d011c198b3928","United States","Country"
"location/the-netherlands/4ae9a82d35d9be0cea9d366afba8f8f0","The Netherlands","Country"
"location/united-states/f110fca2105599f6996d011c198b3928","United States","Country"
"location/spain/3f66b02a78e2aca02da4e7e1eed94671","Spain","Country"
"location/united-states/f110fca2105599f6996d011c198b3928","United States","Country"
"location/canada/1b3d6217ec761b13c47aaca49b466a2c","Canada","Country"
"location/czech-republic/47657b8e1cd486b2fdfea4c56f96bfd7","Czech Republic","Country"
"location/united-kingdom/a30e342c17426b1c66e9461de680e54b","United Kingdom","Country"
"location/new-zealand/dc3cf5b1fc70a597d5b71c9ecef153ce","New Zealand","Country"
"location/united-kingdom/a30e342c17426b1c66e9461de680e54b","United Kingdom","Country"
"location/united-states/f110fca2105599f6996d011c198b3928","United States","Country"
"location/united-states/f110fca2105599f6996d011c198b3928","United States","Country"
"location/france/f134827e36a1fd31a82f950489e103ef","France","Country"
"location/united-states/f110fca2105599f6996d011c198b3928","United States","Country"
"location/united-states/f110fca2105599f6996d011c198b3928","United States","Country"
"location/united-states/f110fca2105599f6996d011c198b3928","United States","Country"
"location/germany/6085b4bfb18a1763a04efdde3f6aba94","Germany","Country"
"location/united-kingdom/a30e342c17426b1c66e9461de680e54b","United Kingdom","Country"
"location/united-states/f110fca2105599f6996d011c198b3928","United States","Country"
"location/argentina/cb42416cf6b32f47f5bd46fed057cd0a","Argentina","Country"
"location/spain/3f66b02a78e2aca02da4e7e1eed94671","Spain","Country"
"location/germany/6085b4bfb18a1763a04efdde3f6aba94","Germany","Country"
"location/united-states/f110fca2105599f6996d011c198b3928","United States","Country"
"location/united-states/f110fca2105599f6996d011c198b3928","United States","Country"
"location/bulgaria/dc0f5a36f65b2a3e43317ef52916d4a6","Bulgaria","Country"
"location/united-states/f110fca2105599f6996d011c198b3928","United States","Country"
"location/united-states/f110fca2105599f6996d011c198b3928","United States","Country"
"location/united-kingdom/a30e342c17426b1c66e9461de680e54b","United Kingdom","Country"
"location/united-states/f110fca2105599f6996d011c198b3928","United States","Country"
"location/united-states/f110fca2105599f6996d011c198b3928","United States","Country"
"location/brazil/8eb58540ecb9b5bbfae53ff82665c717","Brazil","Country"
"location/india/44048bf7db640d7adb20fd3c1ebf47b0","India","Country"
"location/norway/9ae73d3796ed28a846eaf52b26a2f97d","Norway","Country"
"location/india/44048bf7db640d7adb20fd3c1ebf47b0","India","Country"
"location/united-states/f110fca2105599f6996d011c198b3928","United States","Country"
"location/india/44048bf7db640d7adb20fd3c1ebf47b0","India","Country"
"location/united-states/f110fca2105599f6996d011c198b3928","United States","Country"
"location/france/f134827e36a1fd31a82f950489e103ef","France","Country"
"location/united-states/f110fca2105599f6996d011c198b3928","United States","Country"
"location/estonia/c0771ac645dc7060e8e54fad1098f695","Estonia","Country"
"location/united-kingdom/a30e342c17426b1c66e9461de680e54b","United Kingdom","Country"
"location/united-states/f110fca2105599f6996d011c198b3928","United States","Country"
"location/united-states/f110fca2105599f6996d011c198b3928","United States","Country"
"location/united-states/f110fca2105599f6996d011c198b3928","United States","Country"
"location/united-states/f110fca2105599f6996d011c198b3928","United States","Country"
"location/norway/9ae73d3796ed28a846eaf52b26a2f97d","Norway","Country"
"location/united-states/f110fca2105599f6996d011c198b3928","United States","Country"
"location/india/44048bf7db640d7adb20fd3c1ebf47b0","India","Country"
"location/united-states/f110fca2105599f6996d011c198b3928","United States","Country"
"location/united-states/f110fca2105599f6996d011c198b3928","United States","Country"
"location/united-states/f110fca2105599f6996d011c198b3928","United States","Country"
"location/united-states/f110fca2105599f6996d011c198b3928","United States","Country"
"location/united-states/f110fca2105599f6996d011c198b3928","United States","Country"
"location/germany/6085b4bfb18a1763a04efdde3f6aba94","Germany","Country"
"location/australia/973b2306d32e3a70263ef1de1e0068f6","Australia","Country"
"location/spain/3f66b02a78e2aca02da4e7e1eed94671","Spain","Country"
"location/united-states/f110fca2105599f6996d011c198b3928","United States","Country"
"location/united-states/f110fca2105599f6996d011c198b3928","United States","Country"
"location/croatia/a8d0a2f93ebc10a3d2ff26649e25d717","Croatia","Country"
"location/united-states/f110fca2105599f6996d011c198b3928","United States","Country"
"location/united-states/f110fca2105599f6996d011c198b3928","United States","Country"
"location/the-netherlands/4ae9a82d35d9be0cea9d366afba8f8f0","The Netherlands","Country"
"location/united-states/f110fca2105599f6996d011c198b3928","United States","Country"
"location/united-states/f110fca2105599f6996d011c198b3928","United States","Country"
"location/united-states/f110fca2105599f6996d011c198b3928","United States","Country"
"location/france/f134827e36a1fd31a82f950489e103ef","France","Country"
"location/united-states/f110fca2105599f6996d011c198b3928","United States","Country"
"location/turkey/1fbde7a3631380bfb2e3235b44a89699","Turkey","Country"
"location/united-states/f110fca2105599f6996d011c198b3928","United States","Country"
"location/spain/3f66b02a78e2aca02da4e7e1eed94671","Spain","Country"
"location/united-states/f110fca2105599f6996d011c198b3928","United States","Country"
"location/united-states/f110fca2105599f6996d011c198b3928","United States","Country"
"location/united-states/f110fca2105599f6996d011c198b3928","United States","Country"
"location/united-states/f110fca2105599f6996d011c198b3928","United States","Country"
"location/united-states/f110fca2105599f6996d011c198b3928","United States","Country"
"location/united-kingdom/a30e342c17426b1c66e9461de680e54b","United Kingdom","Country"
"location/italy/9dd7a8c57b7f778590f4fed17fa5a6ff","Italy","Country"
"location/united-states/f110fca2105599f6996d011c198b3928","United States","Country"
"location/united-states/f110fca2105599f6996d011c198b3928","United States","Country"
"location/spain/3f66b02a78e2aca02da4e7e1eed94671","Spain","Country"
"location/chile/ce9108b2ca05179d9bb7f865b9349e5f","Chile","Country"
"location/india/44048bf7db640d7adb20fd3c1ebf47b0","India","Country"
"location/united-states/f110fca2105599f6996d011c198b3928","United States","Country"
"location/united-states/f110fca2105599f6996d011c198b3928","United States","Country"
"location/united-states/f110fca2105599f6996d011c198b3928","United States","Country"
"location/singapore/91f489f8c9f704bf93a33cce438dd3c5","Singapore","Country"
"location/united-states/f110fca2105599f6996d011c198b3928","United States","Country"
"location/united-states/f110fca2105599f6996d011c198b3928","United States","Country"
"location/australia/973b2306d32e3a70263ef1de1e0068f6","Australia","Country"
"location/united-states/f110fca2105599f6996d011c198b3928","United States","Country"
"location/denmark/f593ac31624a2ccda203ddb04c319a79","Denmark","Country"
"location/united-states/f110fca2105599f6996d011c198b3928","United States","Country"
"location/united-states/f110fca2105599f6996d011c198b3928","United States","Country"
"location/japan/e2781ac6611b376afc7dddec670c3d94","Japan","Country"
"location/united-states/f110fca2105599f6996d011c198b3928","United States","Country"
"location/united-states/f110fca2105599f6996d011c198b3928","United States","Country"
"location/india/44048bf7db640d7adb20fd3c1ebf47b0","India","Country"
"location/slovenia/db0f595acc1df555b312257699ae4488","Slovenia","Country"
"location/united-states/f110fca2105599f6996d011c198b3928","United States","Country"
"location/israel/ab89e1a9013f82613b5f60487350334d","Israel","Country"
"location/canada/1b3d6217ec761b13c47aaca49b466a2c","Canada","Country"
"location/united-states/f110fca2105599f6996d011c198b3928","United States","Country"
"location/united-kingdom/a30e342c17426b1c66e9461de680e54b","United Kingdom","Country"
"location/united-states/f110fca2105599f6996d011c198b3928","United States","Country"
"location/united-states/f110fca2105599f6996d011c198b3928","United States","Country"
"location/canada/1b3d6217ec761b13c47aaca49b466a2c","Canada","Country"
"location/france/f134827e36a1fd31a82f950489e103ef","France","Country"
"location/united-kingdom/a30e342c17426b1c66e9461de680e54b","United Kingdom","Country"
"location/united-states/f110fca2105599f6996d011c198b3928","United States","Country"
"location/singapore/91f489f8c9f704bf93a33cce438dd3c5","Singapore","Country"
"location/united-states/f110fca2105599f6996d011c198b3928","United States","Country"
"location/united-states/f110fca2105599f6996d011c198b3928","United States","Country"
"location/united-states/f110fca2105599f6996d011c198b3928","United States","Country"
"location/israel/ab89e1a9013f82613b5f60487350334d","Israel","Country"
"location/united-kingdom/a30e342c17426b1c66e9461de680e54b","United Kingdom","Country"
"location/united-states/f110fca2105599f6996d011c198b3928","United States","Country"
"location/united-states/f110fca2105599f6996d011c198b3928","United States","Country"
"location/united-states/f110fca2105599f6996d011c198b3928","United States","Country"
"location/canada/1b3d6217ec761b13c47aaca49b466a2c","Canada","Country"
"location/india/44048bf7db640d7adb20fd3c1ebf47b0","India","Country"
"location/united-states/f110fca2105599f6996d011c198b3928","United States","Country"
"location/poland/387919cc9d26c5e0bb974e13095c0bac","Poland","Country"
"location/united-states/f110fca2105599f6996d011c198b3928","United States","Country"
"location/united-states/f110fca2105599f6996d011c198b3928","United States","Country"
"location/united-states/f110fca2105599f6996d011c198b3928","United States","Country"
"location/united-states/f110fca2105599f6996d011c198b3928","United States","Country"
"location/united-states/f110fca2105599f6996d011c198b3928","United States","Country"
"location/united-states/f110fca2105599f6996d011c198b3928","United States","Country"
"location/canada/1b3d6217ec761b13c47aaca49b466a2c","Canada","Country"
"location/chile/ce9108b2ca05179d9bb7f865b9349e5f","Chile","Country"
"location/united-states/f110fca2105599f6996d011c198b3928","United States","Country"
"location/united-states/f110fca2105599f6996d011c198b3928","United States","Country"
"location/united-kingdom/a30e342c17426b1c66e9461de680e54b","United Kingdom","Country"
"location/united-kingdom/a30e342c17426b1c66e9461de680e54b","United Kingdom","Country"
"location/united-states/f110fca2105599f6996d011c198b3928","United States","Country"
"location/united-states/f110fca2105599f6996d011c198b3928","United States","Country"
"location/canada/1b3d6217ec761b13c47aaca49b466a2c","Canada","Country"
"location/canada/1b3d6217ec761b13c47aaca49b466a2c","Canada","Country"
"location/india/44048bf7db640d7adb20fd3c1ebf47b0","India","Country"
"location/united-states/f110fca2105599f6996d011c198b3928","United States","Country"
"location/united-states/f110fca2105599f6996d011c198b3928","United States","Country"
"location/united-states/f110fca2105599f6996d011c198b3928","United States","Country"
"location/united-kingdom/a30e342c17426b1c66e9461de680e54b","United Kingdom","Country"
"location/germany/6085b4bfb18a1763a04efdde3f6aba94","Germany","Country"
"location/ireland/1944e9da82b4819038c0014fef22e2ef","Ireland","Country"
"location/france/f134827e36a1fd31a82f950489e103ef","France","Country"
"location/united-states/f110fca2105599f6996d011c198b3928","United States","Country"
"location/finland/46a87674f0402806b4bbe9b83efe1070","Finland","Country"
"location/ireland/1944e9da82b4819038c0014fef22e2ef","Ireland","Country"
"location/india/44048bf7db640d7adb20fd3c1ebf47b0","India","Country"
"location/united-states/f110fca2105599f6996d011c198b3928","United States","Country"
"location/brazil/8eb58540ecb9b5bbfae53ff82665c717","Brazil","Country"
"location/united-states/f110fca2105599f6996d011c198b3928","United States","Country"
"location/singapore/91f489f8c9f704bf93a33cce438dd3c5","Singapore","Country"
"location/united-states/f110fca2105599f6996d011c198b3928","United States","Country"
"location/united-states/f110fca2105599f6996d011c198b3928","United States","Country"
"location/united-states/f110fca2105599f6996d011c198b3928","United States","Country"
"location/france/f134827e36a1fd31a82f950489e103ef","France","Country"
"location/germany/6085b4bfb18a1763a04efdde3f6aba94","Germany","Country"
"location/united-kingdom/a30e342c17426b1c66e9461de680e54b","United Kingdom","Country"
"location/india/44048bf7db640d7adb20fd3c1ebf47b0","India","Country"
"location/united-states/f110fca2105599f6996d011c198b3928","United States","Country"
"location/united-states/f110fca2105599f6996d011c198b3928","United States","Country"
"location/united-states/f110fca2105599f6996d011c198b3928","United States","Country"
"location/united-states/f110fca2105599f6996d011c198b3928","United States","Country"
"location/italy/9dd7a8c57b7f778590f4fed17fa5a6ff","Italy","Country"
"location/united-kingdom/a30e342c17426b1c66e9461de680e54b","United Kingdom","Country"
"location/taiwan/d5afe574ead5aef342821618e3c96832","Taiwan","Country"
"location/united-states/f110fca2105599f6996d011c198b3928","United States","Country"
"location/united-states/f110fca2105599f6996d011c198b3928","United States","Country"
"location/united-states/f110fca2105599f6996d011c198b3928","United States","Country"
"location/canada/1b3d6217ec761b13c47aaca49b466a2c","Canada","Country"
"location/united-states/f110fca2105599f6996d011c198b3928","United States","Country"
"location/united-states/f110fca2105599f6996d011c198b3928","United States","Country"
"location/united-states/f110fca2105599f6996d011c198b3928","United States","Country"
"location/united-states/f110fca2105599f6996d011c198b3928","United States","Country"
"location/turkey/1fbde7a3631380bfb2e3235b44a89699","Turkey","Country"
"location/united-states/f110fca2105599f6996d011c198b3928","United States","Country"
"location/united-states/f110fca2105599f6996d011c198b3928","United States","Country"
"location/united-states/f110fca2105599f6996d011c198b3928","United States","Country"
"location/united-states/f110fca2105599f6996d011c198b3928","United States","Country"
"location/united-states/f110fca2105599f6996d011c198b3928","United States","Country"
"location/finland/46a87674f0402806b4bbe9b83efe1070","Finland","Country"
"location/united-states/f110fca2105599f6996d011c198b3928","United States","Country"
"location/germany/6085b4bfb18a1763a04efdde3f6aba94","Germany","Country"
"location/united-states/f110fca2105599f6996d011c198b3928","United States","Country"
"location/canada/1b3d6217ec761b13c47aaca49b466a2c","Canada","Country"
"location/united-states/f110fca2105599f6996d011c198b3928","United States","Country"
"location/united-states/f110fca2105599f6996d011c198b3928","United States","Country"
"location/united-states/f110fca2105599f6996d011c198b3928","United States","Country"
"location/united-states/f110fca2105599f6996d011c198b3928","United States","Country"
"location/united-states/f110fca2105599f6996d011c198b3928","United States","Country"
"location/united-states/f110fca2105599f6996d011c198b3928","United States","Country"
"location/united-states/f110fca2105599f6996d011c198b3928","United States","Country"
"location/united-kingdom/a30e342c17426b1c66e9461de680e54b","United Kingdom","Country"
"location/united-states/f110fca2105599f6996d011c198b3928","United States","Country"
"location/austria/6d705437ce74b06198640079d15fb639","Austria","Country"
"location/united-states/f110fca2105599f6996d011c198b3928","United States","Country"
"location/united-states/f110fca2105599f6996d011c198b3928","United States","Country"
"location/italy/9dd7a8c57b7f778590f4fed17fa5a6ff","Italy","Country"
"location/united-states/f110fca2105599f6996d011c198b3928","United States","Country"
"location/spain/3f66b02a78e2aca02da4e7e1eed94671","Spain","Country"
"location/united-kingdom/a30e342c17426b1c66e9461de680e54b","United Kingdom","Country"
"location/united-states/f110fca2105599f6996d011c198b3928","United States","Country"
"location/india/44048bf7db640d7adb20fd3c1ebf47b0","India","Country"
"location/united-states/f110fca2105599f6996d011c198b3928","United States","Country"
"location/united-states/f110fca2105599f6996d011c198b3928","United States","Country"
"location/israel/ab89e1a9013f82613b5f60487350334d","Israel","Country"
"location/united-states/f110fca2105599f6996d011c198b3928","United States","Country"
"location/united-states/f110fca2105599f6996d011c198b3928","United States","Country"
"location/united-states/f110fca2105599f6996d011c198b3928","United States","Country"
"location/united-kingdom/a30e342c17426b1c66e9461de680e54b","United Kingdom","Country"
"location/united-states/f110fca2105599f6996d011c198b3928","United States","Country"
"location/united-states/f110fca2105599f6996d011c198b3928","United States","Country"
"location/spain/3f66b02a78e2aca02da4e7e1eed94671","Spain","Country"
"location/hong-kong/ed443fa6a2c69f9c281a9172fc2f0c71","Hong Kong","Country"
"location/united-states/f110fca2105599f6996d011c198b3928","United States","Country"
"location/united-states/f110fca2105599f6996d011c198b3928","United States","Country"
"location/united-states/f110fca2105599f6996d011c198b3928","United States","Country"
"location/india/44048bf7db640d7adb20fd3c1ebf47b0","India","Country"
"location/france/f134827e36a1fd31a82f950489e103ef","France","Country"
"location/india/44048bf7db640d7adb20fd3c1ebf47b0","India","Country"
"location/singapore/91f489f8c9f704bf93a33cce438dd3c5","Singapore","Country"
"location/norway/9ae73d3796ed28a846eaf52b26a2f97d","Norway","Country"
"location/united-states/f110fca2105599f6996d011c198b3928","United States","Country"
"location/united-states/f110fca2105599f6996d011c198b3928","United States","Country"
"location/united-states/f110fca2105599f6996d011c198b3928","United States","Country"
"location/united-kingdom/a30e342c17426b1c66e9461de680e54b","United Kingdom","Country"
"location/united-states/f110fca2105599f6996d011c198b3928","United States","Country"
"location/hungary/d4455190161ad2beffea4b358ec17237","Hungary","Country"
"location/united-states/f110fca2105599f6996d011c198b3928","United States","Country"
"location/united-states/f110fca2105599f6996d011c198b3928","United States","Country"
"location/united-states/f110fca2105599f6996d011c198b3928","United States","Country"
"location/united-kingdom/a30e342c17426b1c66e9461de680e54b","United Kingdom","Country"
"location/united-states/f110fca2105599f6996d011c198b3928","United States","Country"
"location/israel/ab89e1a9013f82613b5f60487350334d","Israel","Country"
"location/united-states/f110fca2105599f6996d011c198b3928","United States","Country"
"location/south-korea/2744d40afc3325359a3eded185736fd1","South Korea","Country"
"location/united-states/f110fca2105599f6996d011c198b3928","United States","Country"
"location/sweden/38bdadf8c28c66895a01924f0a63442e","Sweden","Country"
"location/united-states/f110fca2105599f6996d011c198b3928","United States","Country"
"location/united-kingdom/a30e342c17426b1c66e9461de680e54b","United Kingdom","Country"
"location/united-states/f110fca2105599f6996d011c198b3928","United States","Country"
"location/italy/9dd7a8c57b7f778590f4fed17fa5a6ff","Italy","Country"
"location/united-states/f110fca2105599f6996d011c198b3928","United States","Country"
"location/india/44048bf7db640d7adb20fd3c1ebf47b0","India","Country"
"location/italy/9dd7a8c57b7f778590f4fed17fa5a6ff","Italy","Country"
"location/united-states/f110fca2105599f6996d011c198b3928","United States","Country"
"location/united-states/f110fca2105599f6996d011c198b3928","United States","Country"
"location/united-states/f110fca2105599f6996d011c198b3928","United States","Country"
"location/united-states/f110fca2105599f6996d011c198b3928","United States","Country"
"location/cayman-islands/e5b7fdb1fd3bb5f45e713ba9f8b8129b","Cayman Islands","Country"
"location/united-states/f110fca2105599f6996d011c198b3928","United States","Country"
"location/united-kingdom/a30e342c17426b1c66e9461de680e54b","United Kingdom","Country"
"location/greece/50a48f30194861751c4afaf5b8b91ef8","Greece","Country"
"location/bulgaria/dc0f5a36f65b2a3e43317ef52916d4a6","Bulgaria","Country"
"location/united-states/f110fca2105599f6996d011c198b3928","United States","Country"
"location/united-states/f110fca2105599f6996d011c198b3928","United States","Country"
"location/india/44048bf7db640d7adb20fd3c1ebf47b0","India","Country"
"location/slovakia-(slovak-republic)/20b300f33b6e88d4088891d7c90c3dde","Slovakia (Slovak Republic)","Country"
"location/united-states/f110fca2105599f6996d011c198b3928","United States","Country"
"location/united-states/f110fca2105599f6996d011c198b3928","United States","Country"
"location/united-states/f110fca2105599f6996d011c198b3928","United States","Country"
"location/united-states/f110fca2105599f6996d011c198b3928","United States","Country"
"location/israel/ab89e1a9013f82613b5f60487350334d","Israel","Country"
"location/lithuania/a3de144c912b3441428b7c69c6d16da3","Lithuania","Country"
"location/united-states/f110fca2105599f6996d011c198b3928","United States","Country"
"location/united-states/f110fca2105599f6996d011c198b3928","United States","Country"
"location/united-states/f110fca2105599f6996d011c198b3928","United States","Country"
"location/united-kingdom/a30e342c17426b1c66e9461de680e54b","United Kingdom","Country"
"location/united-states/f110fca2105599f6996d011c198b3928","United States","Country"
"location/united-states/f110fca2105599f6996d011c198b3928","United States","Country"
"location/france/f134827e36a1fd31a82f950489e103ef","France","Country"
"location/united-states/f110fca2105599f6996d011c198b3928","United States","Country"
"location/united-states/f110fca2105599f6996d011c198b3928","United States","Country"
"location/united-states/f110fca2105599f6996d011c198b3928","United States","Country"
"location/the-netherlands/4ae9a82d35d9be0cea9d366afba8f8f0","The Netherlands","Country"
"location/ireland/1944e9da82b4819038c0014fef22e2ef","Ireland","Country"
"location/united-states/f110fca2105599f6996d011c198b3928","United States","Country"
"location/canada/1b3d6217ec761b13c47aaca49b466a2c","Canada","Country"
"location/united-states/f110fca2105599f6996d011c198b3928","United States","Country"
"location/united-states/f110fca2105599f6996d011c198b3928","United States","Country"
"location/germany/6085b4bfb18a1763a04efdde3f6aba94","Germany","Country"
"location/united-states/f110fca2105599f6996d011c198b3928","United States","Country"
"location/the-netherlands/4ae9a82d35d9be0cea9d366afba8f8f0","The Netherlands","Country"
"location/united-states/f110fca2105599f6996d011c198b3928","United States","Country"
"location/israel/ab89e1a9013f82613b5f60487350334d","Israel","Country"
"location/united-states/f110fca2105599f6996d011c198b3928","United States","Country"
"location/united-states/f110fca2105599f6996d011c198b3928","United States","Country"
"location/united-kingdom/a30e342c17426b1c66e9461de680e54b","United Kingdom","Country"
"location/united-kingdom/a30e342c17426b1c66e9461de680e54b","United Kingdom","Country"
"location/united-states/f110fca2105599f6996d011c198b3928","United States","Country"
"location/united-kingdom/a30e342c17426b1c66e9461de680e54b","United Kingdom","Country"
"location/india/44048bf7db640d7adb20fd3c1ebf47b0","India","Country"
"location/greece/50a48f30194861751c4afaf5b8b91ef8","Greece","Country"
"location/turkey/1fbde7a3631380bfb2e3235b44a89699","Turkey","Country"
"location/united-states/f110fca2105599f6996d011c198b3928","United States","Country"
"location/united-kingdom/a30e342c17426b1c66e9461de680e54b","United Kingdom","Country"
"location/united-kingdom/a30e342c17426b1c66e9461de680e54b","United Kingdom","Country"
"location/argentina/cb42416cf6b32f47f5bd46fed057cd0a","Argentina","Country"
"location/united-states/f110fca2105599f6996d011c198b3928","United States","Country"
"location/bulgaria/dc0f5a36f65b2a3e43317ef52916d4a6","Bulgaria","Country"
"location/india/44048bf7db640d7adb20fd3c1ebf47b0","India","Country"
"location/united-states/f110fca2105599f6996d011c198b3928","United States","Country"
"location/united-kingdom/a30e342c17426b1c66e9461de680e54b","United Kingdom","Country"
"location/united-states/f110fca2105599f6996d011c198b3928","United States","Country"
"location/united-states/f110fca2105599f6996d011c198b3928","United States","Country"
"location/israel/ab89e1a9013f82613b5f60487350334d","Israel","Country"
"location/united-states/f110fca2105599f6996d011c198b3928","United States","Country"
"location/united-states/f110fca2105599f6996d011c198b3928","United States","Country"
"location/united-states/f110fca2105599f6996d011c198b3928","United States","Country"
"location/united-states/f110fca2105599f6996d011c198b3928","United States","Country"
"location/spain/3f66b02a78e2aca02da4e7e1eed94671","Spain","Country"
"location/italy/9dd7a8c57b7f778590f4fed17fa5a6ff","Italy","Country"
"location/brazil/8eb58540ecb9b5bbfae53ff82665c717","Brazil","Country"
"location/france/f134827e36a1fd31a82f950489e103ef","France","Country"
"location/united-kingdom/a30e342c17426b1c66e9461de680e54b","United Kingdom","Country"
"location/south-africa/accdbce5cd94ee45008be621218a3e6a","South Africa","Country"
"location/india/44048bf7db640d7adb20fd3c1ebf47b0","India","Country"
"location/united-states/f110fca2105599f6996d011c198b3928","United States","Country"
"location/united-states/f110fca2105599f6996d011c198b3928","United States","Country"
"location/united-kingdom/a30e342c17426b1c66e9461de680e54b","United Kingdom","Country"
"location/united-states/f110fca2105599f6996d011c198b3928","United States","Country"
"location/united-states/f110fca2105599f6996d011c198b3928","United States","Country"
"location/united-states/f110fca2105599f6996d011c198b3928","United States","Country"
"location/india/44048bf7db640d7adb20fd3c1ebf47b0","India","Country"
"location/united-states/f110fca2105599f6996d011c198b3928","United States","Country"
"location/singapore/91f489f8c9f704bf93a33cce438dd3c5","Singapore","Country"
"location/united-states/f110fca2105599f6996d011c198b3928","United States","Country"
"location/united-states/f110fca2105599f6996d011c198b3928","United States","Country"
"location/switzerland/078d9679a86202a257c88337e9a1eec8","Switzerland","Country"
"location/germany/6085b4bfb18a1763a04efdde3f6aba94","Germany","Country"
"location/united-states/f110fca2105599f6996d011c198b3928","United States","Country"
"location/india/44048bf7db640d7adb20fd3c1ebf47b0","India","Country"
"location/united-states/f110fca2105599f6996d011c198b3928","United States","Country"
"location/bangladesh/fec70eca1ea01ea92bdcfc27d4933574","Bangladesh","Country"
"location/united-states/f110fca2105599f6996d011c198b3928","United States","Country"
"location/france/f134827e36a1fd31a82f950489e103ef","France","Country"
"location/united-states/f110fca2105599f6996d011c198b3928","United States","Country"
"location/japan/e2781ac6611b376afc7dddec670c3d94","Japan","Country"
"location/united-states/f110fca2105599f6996d011c198b3928","United States","Country"
"location/united-states/f110fca2105599f6996d011c198b3928","United States","Country"
"location/united-states/f110fca2105599f6996d011c198b3928","United States","Country"
"location/united-states/f110fca2105599f6996d011c198b3928","United States","Country"
"location/united-states/f110fca2105599f6996d011c198b3928","United States","Country"
"location/china/500afaba46450121d7b899327c7aaa07","China","Country"
"location/united-states/f110fca2105599f6996d011c198b3928","United States","Country"
"location/united-states/f110fca2105599f6996d011c198b3928","United States","Country"
"location/united-kingdom/a30e342c17426b1c66e9461de680e54b","United Kingdom","Country"
"location/greece/50a48f30194861751c4afaf5b8b91ef8","Greece","Country"
"location/israel/ab89e1a9013f82613b5f60487350334d","Israel","Country"
"location/united-states/f110fca2105599f6996d011c198b3928","United States","Country"
"location/united-states/f110fca2105599f6996d011c198b3928","United States","Country"
"location/united-states/f110fca2105599f6996d011c198b3928","United States","Country"
"location/united-states/f110fca2105599f6996d011c198b3928","United States","Country"
"location/united-kingdom/a30e342c17426b1c66e9461de680e54b","United Kingdom","Country"
"location/united-states/f110fca2105599f6996d011c198b3928","United States","Country"
"location/united-kingdom/a30e342c17426b1c66e9461de680e54b","United Kingdom","Country"
"location/south-korea/2744d40afc3325359a3eded185736fd1","South Korea","Country"
"location/united-states/f110fca2105599f6996d011c198b3928","United States","Country"
"location/united-states/f110fca2105599f6996d011c198b3928","United States","Country"
"location/india/44048bf7db640d7adb20fd3c1ebf47b0","India","Country"
"location/canada/1b3d6217ec761b13c47aaca49b466a2c","Canada","Country"
"location/brazil/8eb58540ecb9b5bbfae53ff82665c717","Brazil","Country"
"location/belgium/0bb46ca538e739775d0934dd1143a806","Belgium","Country"
"location/singapore/91f489f8c9f704bf93a33cce438dd3c5","Singapore","Country"
"location/norway/9ae73d3796ed28a846eaf52b26a2f97d","Norway","Country"
"location/united-states/f110fca2105599f6996d011c198b3928","United States","Country"
"location/united-states/f110fca2105599f6996d011c198b3928","United States","Country"
"location/finland/46a87674f0402806b4bbe9b83efe1070","Finland","Country"
"location/united-states/f110fca2105599f6996d011c198b3928","United States","Country"
"location/united-states/f110fca2105599f6996d011c198b3928","United States","Country"
"location/germany/6085b4bfb18a1763a04efdde3f6aba94","Germany","Country"
"location/israel/ab89e1a9013f82613b5f60487350334d","Israel","Country"
"location/brazil/8eb58540ecb9b5bbfae53ff82665c717","Brazil","Country"
"location/united-kingdom/a30e342c17426b1c66e9461de680e54b","United Kingdom","Country"
"location/united-states/f110fca2105599f6996d011c198b3928","United States","Country"
"location/united-states/f110fca2105599f6996d011c198b3928","United States","Country"
"location/united-states/f110fca2105599f6996d011c198b3928","United States","Country"
"location/united-states/f110fca2105599f6996d011c198b3928","United States","Country"
"location/australia/973b2306d32e3a70263ef1de1e0068f6","Australia","Country"
"location/united-states/f110fca2105599f6996d011c198b3928","United States","Country"
"location/finland/46a87674f0402806b4bbe9b83efe1070","Finland","Country"
"location/denmark/f593ac31624a2ccda203ddb04c319a79","Denmark","Country"
"location/united-states/f110fca2105599f6996d011c198b3928","United States","Country"
"location/united-states/f110fca2105599f6996d011c198b3928","United States","Country"
"location/united-states/f110fca2105599f6996d011c198b3928","United States","Country"
"location/united-kingdom/a30e342c17426b1c66e9461de680e54b","United Kingdom","Country"
"location/united-states/f110fca2105599f6996d011c198b3928","United States","Country"
"location/united-states/f110fca2105599f6996d011c198b3928","United States","Country"
"location/canada/1b3d6217ec761b13c47aaca49b466a2c","Canada","Country"
"location/finland/46a87674f0402806b4bbe9b83efe1070","Finland","Country"
"location/south-korea/2744d40afc3325359a3eded185736fd1","South Korea","Country"
"location/united-states/f110fca2105599f6996d011c198b3928","United States","Country"
"location/united-states/f110fca2105599f6996d011c198b3928","United States","Country"
"location/malaysia/7511eff7fd0a1443c8ad6144eadcb1d8","Malaysia","Country"
"location/united-states/f110fca2105599f6996d011c198b3928","United States","Country"
"location/germany/6085b4bfb18a1763a04efdde3f6aba94","Germany","Country"
"location/hungary/d4455190161ad2beffea4b358ec17237","Hungary","Country"
"location/singapore/91f489f8c9f704bf93a33cce438dd3c5","Singapore","Country"
"location/united-states/f110fca2105599f6996d011c198b3928","United States","Country"
"location/united-states/f110fca2105599f6996d011c198b3928","United States","Country"
"location/china/500afaba46450121d7b899327c7aaa07","China","Country"
"location/united-states/f110fca2105599f6996d011c198b3928","United States","Country"
"location/united-states/f110fca2105599f6996d011c198b3928","United States","Country"
"location/australia/973b2306d32e3a70263ef1de1e0068f6","Australia","Country"
"location/israel/ab89e1a9013f82613b5f60487350334d","Israel","Country"
"location/germany/6085b4bfb18a1763a04efdde3f6aba94","Germany","Country"
"location/cayman-islands/e5b7fdb1fd3bb5f45e713ba9f8b8129b","Cayman Islands","Country"
"location/united-kingdom/a30e342c17426b1c66e9461de680e54b","United Kingdom","Country"
"location/south-korea/2744d40afc3325359a3eded185736fd1","South Korea","Country"
"location/russian-federation/c6489798402ca5b4fe7709247eee9900","Russian Federation","Country"
"location/united-states/f110fca2105599f6996d011c198b3928","United States","Country"
"location/united-states/f110fca2105599f6996d011c198b3928","United States","Country"
"location/united-states/f110fca2105599f6996d011c198b3928","United States","Country"
"location/singapore/91f489f8c9f704bf93a33cce438dd3c5","Singapore","Country"
"location/new-zealand/dc3cf5b1fc70a597d5b71c9ecef153ce","New Zealand","Country"
"location/united-states/f110fca2105599f6996d011c198b3928","United States","Country"
"location/united-states/f110fca2105599f6996d011c198b3928","United States","Country"
"location/united-states/f110fca2105599f6996d011c198b3928","United States","Country"
"location/united-states/f110fca2105599f6996d011c198b3928","United States","Country"
"location/united-states/f110fca2105599f6996d011c198b3928","United States","Country"
"location/united-kingdom/a30e342c17426b1c66e9461de680e54b","United Kingdom","Country"
"location/united-states/f110fca2105599f6996d011c198b3928","United States","Country"
"location/united-states/f110fca2105599f6996d011c198b3928","United States","Country"
"location/norway/9ae73d3796ed28a846eaf52b26a2f97d","Norway","Country"
"location/united-states/f110fca2105599f6996d011c198b3928","United States","Country"
"location/united-states/f110fca2105599f6996d011c198b3928","United States","Country"
"location/united-states/f110fca2105599f6996d011c198b3928","United States","Country"
"location/bulgaria/dc0f5a36f65b2a3e43317ef52916d4a6","Bulgaria","Country"
"location/bulgaria/dc0f5a36f65b2a3e43317ef52916d4a6","Bulgaria","Country"
"location/united-states/f110fca2105599f6996d011c198b3928","United States","Country"
"location/united-states/f110fca2105599f6996d011c198b3928","United States","Country"
"location/italy/9dd7a8c57b7f778590f4fed17fa5a6ff","Italy","Country"
"location/united-states/f110fca2105599f6996d011c198b3928","United States","Country"
"location/france/f134827e36a1fd31a82f950489e103ef","France","Country"
"location/united-states/f110fca2105599f6996d011c198b3928","United States","Country"
"location/germany/6085b4bfb18a1763a04efdde3f6aba94","Germany","Country"
"location/united-states/f110fca2105599f6996d011c198b3928","United States","Country"
"location/united-states/f110fca2105599f6996d011c198b3928","United States","Country"
"location/united-states/f110fca2105599f6996d011c198b3928","United States","Country"
"location/israel/ab89e1a9013f82613b5f60487350334d","Israel","Country"
"location/croatia/a8d0a2f93ebc10a3d2ff26649e25d717","Croatia","Country"
"location/singapore/91f489f8c9f704bf93a33cce438dd3c5","Singapore","Country"
"location/united-states/f110fca2105599f6996d011c198b3928","United States","Country"
"location/singapore/91f489f8c9f704bf93a33cce438dd3c5","Singapore","Country"
"location/united-states/f110fca2105599f6996d011c198b3928","United States","Country"
"location/russian-federation/c6489798402ca5b4fe7709247eee9900","Russian Federation","Country"
"location/israel/ab89e1a9013f82613b5f60487350334d","Israel","Country"
"location/united-states/f110fca2105599f6996d011c198b3928","United States","Country"
"location/united-states/f110fca2105599f6996d011c198b3928","United States","Country"
"location/united-states/f110fca2105599f6996d011c198b3928","United States","Country"
"location/india/44048bf7db640d7adb20fd3c1ebf47b0","India","Country"
"location/united-states/f110fca2105599f6996d011c198b3928","United States","Country"
"location/united-states/f110fca2105599f6996d011c198b3928","United States","Country"
"location/greece/50a48f30194861751c4afaf5b8b91ef8","Greece","Country"
"location/united-states/f110fca2105599f6996d011c198b3928","United States","Country"
"location/colombia/53aa515c558d89b0dbc08b3e2e906e69","Colombia","Country"
"location/japan/e2781ac6611b376afc7dddec670c3d94","Japan","Country"
"location/united-states/f110fca2105599f6996d011c198b3928","United States","Country"
"location/india/44048bf7db640d7adb20fd3c1ebf47b0","India","Country"
"location/united-kingdom/a30e342c17426b1c66e9461de680e54b","United Kingdom","Country"
"location/united-states/f110fca2105599f6996d011c198b3928","United States","Country"
"location/united-kingdom/a30e342c17426b1c66e9461de680e54b","United Kingdom","Country"
"location/united-states/f110fca2105599f6996d011c198b3928","United States","Country"
"location/united-kingdom/a30e342c17426b1c66e9461de680e54b","United Kingdom","Country"
"location/brazil/8eb58540ecb9b5bbfae53ff82665c717","Brazil","Country"
"location/united-states/f110fca2105599f6996d011c198b3928","United States","Country"
"location/united-states/f110fca2105599f6996d011c198b3928","United States","Country"
"location/united-states/f110fca2105599f6996d011c198b3928","United States","Country"
"location/united-states/f110fca2105599f6996d011c198b3928","United States","Country"
"location/israel/ab89e1a9013f82613b5f60487350334d","Israel","Country"
"location/south-korea/2744d40afc3325359a3eded185736fd1","South Korea","Country"
"location/united-states/f110fca2105599f6996d011c198b3928","United States","Country"
"location/united-states/f110fca2105599f6996d011c198b3928","United States","Country"
"location/canada/1b3d6217ec761b13c47aaca49b466a2c","Canada","Country"
"location/united-states/f110fca2105599f6996d011c198b3928","United States","Country"
"location/united-states/f110fca2105599f6996d011c198b3928","United States","Country"
"location/united-states/f110fca2105599f6996d011c198b3928","United States","Country"
"location/hong-kong/ed443fa6a2c69f9c281a9172fc2f0c71","Hong Kong","Country"
"location/united-states/f110fca2105599f6996d011c198b3928","United States","Country"
"location/united-states/f110fca2105599f6996d011c198b3928","United States","Country"
"location/united-states/f110fca2105599f6996d011c198b3928","United States","Country"
"location/united-states/f110fca2105599f6996d011c198b3928","United States","Country"
"location/turkey/1fbde7a3631380bfb2e3235b44a89699","Turkey","Country"
"location/united-states/f110fca2105599f6996d011c198b3928","United States","Country"
"location/india/44048bf7db640d7adb20fd3c1ebf47b0","India","Country"
"location/united-states/f110fca2105599f6996d011c198b3928","United States","Country"
"location/hong-kong/ed443fa6a2c69f9c281a9172fc2f0c71","Hong Kong","Country"
"location/united-states/f110fca2105599f6996d011c198b3928","United States","Country"
"location/turkey/1fbde7a3631380bfb2e3235b44a89699","Turkey","Country"
"location/united-states/f110fca2105599f6996d011c198b3928","United States","Country"
"location/united-states/f110fca2105599f6996d011c198b3928","United States","Country"
"location/united-states/f110fca2105599f6996d011c198b3928","United States","Country"
"location/spain/3f66b02a78e2aca02da4e7e1eed94671","Spain","Country"
"location/united-states/f110fca2105599f6996d011c198b3928","United States","Country"
"location/india/44048bf7db640d7adb20fd3c1ebf47b0","India","Country"
"location/united-states/f110fca2105599f6996d011c198b3928","United States","Country"
"location/united-states/f110fca2105599f6996d011c198b3928","United States","Country"
"location/united-states/f110fca2105599f6996d011c198b3928","United States","Country"
"location/united-states/f110fca2105599f6996d011c198b3928","United States","Country"
"location/united-states/f110fca2105599f6996d011c198b3928","United States","Country"
"location/united-states/f110fca2105599f6996d011c198b3928","United States","Country"
"location/spain/3f66b02a78e2aca02da4e7e1eed94671","Spain","Country"
"location/united-states/f110fca2105599f6996d011c198b3928","United States","Country"
"location/united-states/f110fca2105599f6996d011c198b3928","United States","Country"
"location/india/44048bf7db640d7adb20fd3c1ebf47b0","India","Country"
"location/india/44048bf7db640d7adb20fd3c1ebf47b0","India","Country"
"location/united-states/f110fca2105599f6996d011c198b3928","United States","Country"
"location/switzerland/078d9679a86202a257c88337e9a1eec8","Switzerland","Country"
"location/united-states/f110fca2105599f6996d011c198b3928","United States","Country"
"location/united-kingdom/a30e342c17426b1c66e9461de680e54b","United Kingdom","Country"
"location/united-states/f110fca2105599f6996d011c198b3928","United States","Country"
"location/united-states/f110fca2105599f6996d011c198b3928","United States","Country"
"location/germany/6085b4bfb18a1763a04efdde3f6aba94","Germany","Country"
"location/united-states/f110fca2105599f6996d011c198b3928","United States","Country"
"location/india/44048bf7db640d7adb20fd3c1ebf47b0","India","Country"
"location/united-states/f110fca2105599f6996d011c198b3928","United States","Country"
"location/france/f134827e36a1fd31a82f950489e103ef","France","Country"
"location/united-states/f110fca2105599f6996d011c198b3928","United States","Country"
"location/united-states/f110fca2105599f6996d011c198b3928","United States","Country"
"location/united-kingdom/a30e342c17426b1c66e9461de680e54b","United Kingdom","Country"
"location/united-states/f110fca2105599f6996d011c198b3928","United States","Country"
"location/united-states/f110fca2105599f6996d011c198b3928","United States","Country"
"location/united-states/f110fca2105599f6996d011c198b3928","United States","Country"
"location/france/f134827e36a1fd31a82f950489e103ef","France","Country"
"location/germany/6085b4bfb18a1763a04efdde3f6aba94","Germany","Country"
"location/united-kingdom/a30e342c17426b1c66e9461de680e54b","United Kingdom","Country"
"location/united-states/f110fca2105599f6996d011c198b3928","United States","Country"
"location/united-states/f110fca2105599f6996d011c198b3928","United States","Country"
"location/united-states/f110fca2105599f6996d011c198b3928","United States","Country"
"location/united-states/f110fca2105599f6996d011c198b3928","United States","Country"
"location/poland/387919cc9d26c5e0bb974e13095c0bac","Poland","Country"
"location/united-states/f110fca2105599f6996d011c198b3928","United States","Country"
"location/united-states/f110fca2105599f6996d011c198b3928","United States","Country"
"location/united-states/f110fca2105599f6996d011c198b3928","United States","Country"
"location/united-states/f110fca2105599f6996d011c198b3928","United States","Country"
"location/singapore/91f489f8c9f704bf93a33cce438dd3c5","Singapore","Country"
"location/turkey/1fbde7a3631380bfb2e3235b44a89699","Turkey","Country"
"location/united-states/f110fca2105599f6996d011c198b3928","United States","Country"
"location/united-states/f110fca2105599f6996d011c198b3928","United States","Country"
"location/south-korea/2744d40afc3325359a3eded185736fd1","South Korea","Country"
"location/japan/e2781ac6611b376afc7dddec670c3d94","Japan","Country"
"location/italy/9dd7a8c57b7f778590f4fed17fa5a6ff","Italy","Country"
"location/united-states/f110fca2105599f6996d011c198b3928","United States","Country"
"location/united-states/f110fca2105599f6996d011c198b3928","United States","Country"
"location/israel/ab89e1a9013f82613b5f60487350334d","Israel","Country"
"location/australia/973b2306d32e3a70263ef1de1e0068f6","Australia","Country"
"location/canada/1b3d6217ec761b13c47aaca49b466a2c","Canada","Country"
"location/israel/ab89e1a9013f82613b5f60487350334d","Israel","Country"
"location/canada/1b3d6217ec761b13c47aaca49b466a2c","Canada","Country"
"location/united-states/f110fca2105599f6996d011c198b3928","United States","Country"
"location/finland/46a87674f0402806b4bbe9b83efe1070","Finland","Country"
"location/india/44048bf7db640d7adb20fd3c1ebf47b0","India","Country"
"location/united-states/f110fca2105599f6996d011c198b3928","United States","Country"
"location/united-states/f110fca2105599f6996d011c198b3928","United States","Country"
"location/united-states/f110fca2105599f6996d011c198b3928","United States","Country"
"location/united-states/f110fca2105599f6996d011c198b3928","United States","Country"
"location/united-states/f110fca2105599f6996d011c198b3928","United States","Country"
"location/united-states/f110fca2105599f6996d011c198b3928","United States","Country"
"location/norway/9ae73d3796ed28a846eaf52b26a2f97d","Norway","Country"
"location/ireland/1944e9da82b4819038c0014fef22e2ef","Ireland","Country"
"location/united-states/f110fca2105599f6996d011c198b3928","United States","Country"
"location/united-states/f110fca2105599f6996d011c198b3928","United States","Country"
"location/india/44048bf7db640d7adb20fd3c1ebf47b0","India","Country"
"location/united-states/f110fca2105599f6996d011c198b3928","United States","Country"
"location/united-states/f110fca2105599f6996d011c198b3928","United States","Country"
"location/the-netherlands/4ae9a82d35d9be0cea9d366afba8f8f0","The Netherlands","Country"
"location/spain/3f66b02a78e2aca02da4e7e1eed94671","Spain","Country"
"location/united-states/f110fca2105599f6996d011c198b3928","United States","Country"
"location/united-states/f110fca2105599f6996d011c198b3928","United States","Country"
"location/united-states/f110fca2105599f6996d011c198b3928","United States","Country"
"location/united-states/f110fca2105599f6996d011c198b3928","United States","Country"
"location/united-states/f110fca2105599f6996d011c198b3928","United States","Country"
"location/united-states/f110fca2105599f6996d011c198b3928","United States","Country"
"location/brazil/8eb58540ecb9b5bbfae53ff82665c717","Brazil","Country"
"location/united-states/f110fca2105599f6996d011c198b3928","United States","Country"
"location/united-states/f110fca2105599f6996d011c198b3928","United States","Country"
"location/the-netherlands/4ae9a82d35d9be0cea9d366afba8f8f0","The Netherlands","Country"
"location/norway/9ae73d3796ed28a846eaf52b26a2f97d","Norway","Country"
"location/china/500afaba46450121d7b899327c7aaa07","China","Country"
"location/india/44048bf7db640d7adb20fd3c1ebf47b0","India","Country"
"location/united-states/f110fca2105599f6996d011c198b3928","United States","Country"
"location/united-states/f110fca2105599f6996d011c198b3928","United States","Country"
"location/south-korea/2744d40afc3325359a3eded185736fd1","South Korea","Country"
"location/united-states/f110fca2105599f6996d011c198b3928","United States","Country"
"location/australia/973b2306d32e3a70263ef1de1e0068f6","Australia","Country"
"location/united-states/f110fca2105599f6996d011c198b3928","United States","Country"
"location/israel/ab89e1a9013f82613b5f60487350334d","Israel","Country"
"location/united-states/f110fca2105599f6996d011c198b3928","United States","Country"
"location/united-kingdom/a30e342c17426b1c66e9461de680e54b","United Kingdom","Country"
"location/norway/9ae73d3796ed28a846eaf52b26a2f97d","Norway","Country"
"location/united-states/f110fca2105599f6996d011c198b3928","United States","Country"
"location/united-states/f110fca2105599f6996d011c198b3928","United States","Country"
"location/united-states/f110fca2105599f6996d011c198b3928","United States","Country"
"location/united-states/f110fca2105599f6996d011c198b3928","United States","Country"
"location/south-korea/2744d40afc3325359a3eded185736fd1","South Korea","Country"
"location/germany/6085b4bfb18a1763a04efdde3f6aba94","Germany","Country"
"location/united-states/f110fca2105599f6996d011c198b3928","United States","Country"
"location/canada/1b3d6217ec761b13c47aaca49b466a2c","Canada","Country"
"location/united-states/f110fca2105599f6996d011c198b3928","United States","Country"
"location/united-states/f110fca2105599f6996d011c198b3928","United States","Country"
"location/australia/973b2306d32e3a70263ef1de1e0068f6","Australia","Country"
"location/united-states/f110fca2105599f6996d011c198b3928","United States","Country"
"location/united-states/f110fca2105599f6996d011c198b3928","United States","Country"
"location/united-states/f110fca2105599f6996d011c198b3928","United States","Country"
"location/france/f134827e36a1fd31a82f950489e103ef","France","Country"
"location/united-states/f110fca2105599f6996d011c198b3928","United States","Country"
"location/united-states/f110fca2105599f6996d011c198b3928","United States","Country"
"location/italy/9dd7a8c57b7f778590f4fed17fa5a6ff","Italy","Country"
"location/mexico/308f292714b4d2d6be551d9ccab8426e","Mexico","Country"
"location/germany/6085b4bfb18a1763a04efdde3f6aba94","Germany","Country"
"location/united-states/f110fca2105599f6996d011c198b3928","United States","Country"
"location/united-states/f110fca2105599f6996d011c198b3928","United States","Country"
"location/argentina/cb42416cf6b32f47f5bd46fed057cd0a","Argentina","Country"
"location/united-states/f110fca2105599f6996d011c198b3928","United States","Country"
"location/united-states/f110fca2105599f6996d011c198b3928","United States","Country"
"location/greece/50a48f30194861751c4afaf5b8b91ef8","Greece","Country"
"location/united-states/f110fca2105599f6996d011c198b3928","United States","Country"
"location/canada/1b3d6217ec761b13c47aaca49b466a2c","Canada","Country"
"location/italy/9dd7a8c57b7f778590f4fed17fa5a6ff","Italy","Country"
"location/united-states/f110fca2105599f6996d011c198b3928","United States","Country"
"location/united-states/f110fca2105599f6996d011c198b3928","United States","Country"
"location/bangladesh/fec70eca1ea01ea92bdcfc27d4933574","Bangladesh","Country"
"location/india/44048bf7db640d7adb20fd3c1ebf47b0","India","Country"
"location/united-states/f110fca2105599f6996d011c198b3928","United States","Country"
"location/singapore/91f489f8c9f704bf93a33cce438dd3c5","Singapore","Country"
"location/united-states/f110fca2105599f6996d011c198b3928","United States","Country"
"location/united-states/f110fca2105599f6996d011c198b3928","United States","Country"
"location/united-states/f110fca2105599f6996d011c198b3928","United States","Country"
"location/israel/ab89e1a9013f82613b5f60487350334d","Israel","Country"
"location/the-netherlands/4ae9a82d35d9be0cea9d366afba8f8f0","The Netherlands","Country"
"location/united-states/f110fca2105599f6996d011c198b3928","United States","Country"
"location/india/44048bf7db640d7adb20fd3c1ebf47b0","India","Country"
"location/united-states/f110fca2105599f6996d011c198b3928","United States","Country"
"location/bangladesh/fec70eca1ea01ea92bdcfc27d4933574","Bangladesh","Country"
"location/united-kingdom/a30e342c17426b1c66e9461de680e54b","United Kingdom","Country"
"location/germany/6085b4bfb18a1763a04efdde3f6aba94","Germany","Country"
"location/united-states/f110fca2105599f6996d011c198b3928","United States","Country"
"location/united-states/f110fca2105599f6996d011c198b3928","United States","Country"
"location/united-states/f110fca2105599f6996d011c198b3928","United States","Country"
"location/united-states/f110fca2105599f6996d011c198b3928","United States","Country"
"location/united-states/f110fca2105599f6996d011c198b3928","United States","Country"
"location/united-states/f110fca2105599f6996d011c198b3928","United States","Country"
"location/israel/ab89e1a9013f82613b5f60487350334d","Israel","Country"
"location/united-states/f110fca2105599f6996d011c198b3928","United States","Country"
"location/israel/ab89e1a9013f82613b5f60487350334d","Israel","Country"
"location/united-states/f110fca2105599f6996d011c198b3928","United States","Country"
"location/united-states/f110fca2105599f6996d011c198b3928","United States","Country"
"location/united-states/f110fca2105599f6996d011c198b3928","United States","Country"
"location/germany/6085b4bfb18a1763a04efdde3f6aba94","Germany","Country"
"location/south-korea/2744d40afc3325359a3eded185736fd1","South Korea","Country"
"location/united-states/f110fca2105599f6996d011c198b3928","United States","Country"
"location/united-states/f110fca2105599f6996d011c198b3928","United States","Country"
"location/united-states/f110fca2105599f6996d011c198b3928","United States","Country"
"location/united-states/f110fca2105599f6996d011c198b3928","United States","Country"
"location/united-states/f110fca2105599f6996d011c198b3928","United States","Country"
"location/united-states/f110fca2105599f6996d011c198b3928","United States","Country"
"location/ireland/1944e9da82b4819038c0014fef22e2ef","Ireland","Country"
"location/united-states/f110fca2105599f6996d011c198b3928","United States","Country"
"location/poland/387919cc9d26c5e0bb974e13095c0bac","Poland","Country"
"location/chile/ce9108b2ca05179d9bb7f865b9349e5f","Chile","Country"
"location/germany/6085b4bfb18a1763a04efdde3f6aba94","Germany","Country"
"location/turkey/1fbde7a3631380bfb2e3235b44a89699","Turkey","Country"
"location/united-states/f110fca2105599f6996d011c198b3928","United States","Country"
"location/united-states/f110fca2105599f6996d011c198b3928","United States","Country"
"location/united-states/f110fca2105599f6996d011c198b3928","United States","Country"
"location/united-states/f110fca2105599f6996d011c198b3928","United States","Country"
"location/india/44048bf7db640d7adb20fd3c1ebf47b0","India","Country"
"location/france/f134827e36a1fd31a82f950489e103ef","France","Country"
"location/united-states/f110fca2105599f6996d011c198b3928","United States","Country"
"location/united-states/f110fca2105599f6996d011c198b3928","United States","Country"
"location/france/f134827e36a1fd31a82f950489e103ef","France","Country"
"location/united-states/f110fca2105599f6996d011c198b3928","United States","Country"
"location/turkey/1fbde7a3631380bfb2e3235b44a89699","Turkey","Country"
"location/united-states/f110fca2105599f6996d011c198b3928","United States","Country"
"location/poland/387919cc9d26c5e0bb974e13095c0bac","Poland","Country"
"location/united-states/f110fca2105599f6996d011c198b3928","United States","Country"
"location/united-states/f110fca2105599f6996d011c198b3928","United States","Country"
"location/united-states/f110fca2105599f6996d011c198b3928","United States","Country"
"location/united-states/f110fca2105599f6996d011c198b3928","United States","Country"
"location/united-states/f110fca2105599f6996d011c198b3928","United States","Country"
"location/india/44048bf7db640d7adb20fd3c1ebf47b0","India","Country"
"location/united-states/f110fca2105599f6996d011c198b3928","United States","Country"
"location/france/f134827e36a1fd31a82f950489e103ef","France","Country"
"location/france/f134827e36a1fd31a82f950489e103ef","France","Country"
"location/canada/1b3d6217ec761b13c47aaca49b466a2c","Canada","Country"
"location/singapore/91f489f8c9f704bf93a33cce438dd3c5","Singapore","Country"
"location/czech-republic/47657b8e1cd486b2fdfea4c56f96bfd7","Czech Republic","Country"
"location/united-states/f110fca2105599f6996d011c198b3928","United States","Country"
"location/australia/973b2306d32e3a70263ef1de1e0068f6","Australia","Country"
"location/the-netherlands/4ae9a82d35d9be0cea9d366afba8f8f0","The Netherlands","Country"
"location/germany/6085b4bfb18a1763a04efdde3f6aba94","Germany","Country"
"location/united-states/f110fca2105599f6996d011c198b3928","United States","Country"
"location/united-states/f110fca2105599f6996d011c198b3928","United States","Country"
"location/united-states/f110fca2105599f6996d011c198b3928","United States","Country"
"location/singapore/91f489f8c9f704bf93a33cce438dd3c5","Singapore","Country"
"location/united-kingdom/a30e342c17426b1c66e9461de680e54b","United Kingdom","Country"
"location/united-states/f110fca2105599f6996d011c198b3928","United States","Country"
"location/india/44048bf7db640d7adb20fd3c1ebf47b0","India","Country"
"location/united-states/f110fca2105599f6996d011c198b3928","United States","Country"
"location/united-states/f110fca2105599f6996d011c198b3928","United States","Country"
"location/brazil/8eb58540ecb9b5bbfae53ff82665c717","Brazil","Country"
"location/united-states/f110fca2105599f6996d011c198b3928","United States","Country"
"location/south-korea/2744d40afc3325359a3eded185736fd1","South Korea","Country"
"location/united-states/f110fca2105599f6996d011c198b3928","United States","Country"
"location/south-korea/2744d40afc3325359a3eded185736fd1","South Korea","Country"
"location/united-states/f110fca2105599f6996d011c198b3928","United States","Country"
"location/israel/ab89e1a9013f82613b5f60487350334d","Israel","Country"
"location/united-kingdom/a30e342c17426b1c66e9461de680e54b","United Kingdom","Country"
"location/united-states/f110fca2105599f6996d011c198b3928","United States","Country"
"location/united-states/f110fca2105599f6996d011c198b3928","United States","Country"
"location/united-states/f110fca2105599f6996d011c198b3928","United States","Country"
"location/the-netherlands/4ae9a82d35d9be0cea9d366afba8f8f0","The Netherlands","Country"
"location/united-states/f110fca2105599f6996d011c198b3928","United States","Country"
"location/united-states/f110fca2105599f6996d011c198b3928","United States","Country"
"location/italy/9dd7a8c57b7f778590f4fed17fa5a6ff","Italy","Country"
"location/united-states/f110fca2105599f6996d011c198b3928","United States","Country"
"location/united-states/f110fca2105599f6996d011c198b3928","United States","Country"
"location/brazil/8eb58540ecb9b5bbfae53ff82665c717","Brazil","Country"
"location/united-states/f110fca2105599f6996d011c198b3928","United States","Country"
"location/united-states/f110fca2105599f6996d011c198b3928","United States","Country"
"location/united-states/f110fca2105599f6996d011c198b3928","United States","Country"
"location/united-kingdom/a30e342c17426b1c66e9461de680e54b","United Kingdom","Country"
"location/united-states/f110fca2105599f6996d011c198b3928","United States","Country"
"location/india/44048bf7db640d7adb20fd3c1ebf47b0","India","Country"
"location/united-states/f110fca2105599f6996d011c198b3928","United States","Country"
"location/united-states/f110fca2105599f6996d011c198b3928","United States","Country"
"location/united-states/f110fca2105599f6996d011c198b3928","United States","Country"
"location/united-states/f110fca2105599f6996d011c198b3928","United States","Country"
"location/china/500afaba46450121d7b899327c7aaa07","China","Country"
"location/united-states/f110fca2105599f6996d011c198b3928","United States","Country"
"location/united-states/f110fca2105599f6996d011c198b3928","United States","Country"
"location/switzerland/078d9679a86202a257c88337e9a1eec8","Switzerland","Country"
"location/united-states/f110fca2105599f6996d011c198b3928","United States","Country"
"location/united-states/f110fca2105599f6996d011c198b3928","United States","Country"
"location/lithuania/a3de144c912b3441428b7c69c6d16da3","Lithuania","Country"
"location/united-states/f110fca2105599f6996d011c198b3928","United States","Country"
"location/united-kingdom/a30e342c17426b1c66e9461de680e54b","United Kingdom","Country"
"location/united-states/f110fca2105599f6996d011c198b3928","United States","Country"
"location/united-states/f110fca2105599f6996d011c198b3928","United States","Country"
"location/united-states/f110fca2105599f6996d011c198b3928","United States","Country"
"location/united-states/f110fca2105599f6996d011c198b3928","United States","Country"
"location/australia/973b2306d32e3a70263ef1de1e0068f6","Australia","Country"
"location/united-states/f110fca2105599f6996d011c198b3928","United States","Country"
"location/japan/e2781ac6611b376afc7dddec670c3d94","Japan","Country"
"location/united-states/f110fca2105599f6996d011c198b3928","United States","Country"
"location/argentina/cb42416cf6b32f47f5bd46fed057cd0a","Argentina","Country"
"location/united-states/f110fca2105599f6996d011c198b3928","United States","Country"
"location/united-states/f110fca2105599f6996d011c198b3928","United States","Country"
"location/united-states/f110fca2105599f6996d011c198b3928","United States","Country"
"location/united-states/f110fca2105599f6996d011c198b3928","United States","Country"
"location/united-states/f110fca2105599f6996d011c198b3928","United States","Country"
"location/united-states/f110fca2105599f6996d011c198b3928","United States","Country"
"location/united-states/f110fca2105599f6996d011c198b3928","United States","Country"
"location/united-states/f110fca2105599f6996d011c198b3928","United States","Country"
"location/united-states/f110fca2105599f6996d011c198b3928","United States","Country"
"location/india/44048bf7db640d7adb20fd3c1ebf47b0","India","Country"
"location/brazil/8eb58540ecb9b5bbfae53ff82665c717","Brazil","Country"
"location/israel/ab89e1a9013f82613b5f60487350334d","Israel","Country"
"location/united-states/f110fca2105599f6996d011c198b3928","United States","Country"
"location/united-states/f110fca2105599f6996d011c198b3928","United States","Country"
"location/united-states/f110fca2105599f6996d011c198b3928","United States","Country"
"location/canada/1b3d6217ec761b13c47aaca49b466a2c","Canada","Country"
"location/united-kingdom/a30e342c17426b1c66e9461de680e54b","United Kingdom","Country"
"location/united-states/f110fca2105599f6996d011c198b3928","United States","Country"
"location/united-states/f110fca2105599f6996d011c198b3928","United States","Country"
"location/united-states/f110fca2105599f6996d011c198b3928","United States","Country"
"location/united-states/f110fca2105599f6996d011c198b3928","United States","Country"
"location/united-states/f110fca2105599f6996d011c198b3928","United States","Country"
"location/india/44048bf7db640d7adb20fd3c1ebf47b0","India","Country"
"location/united-states/f110fca2105599f6996d011c198b3928","United States","Country"
"location/japan/e2781ac6611b376afc7dddec670c3d94","Japan","Country"
"location/united-states/f110fca2105599f6996d011c198b3928","United States","Country"
"location/united-states/f110fca2105599f6996d011c198b3928","United States","Country"
"location/spain/3f66b02a78e2aca02da4e7e1eed94671","Spain","Country"
"location/united-states/f110fca2105599f6996d011c198b3928","United States","Country"
"location/united-states/f110fca2105599f6996d011c198b3928","United States","Country"
"location/sri-lanka/06614613c308ec630239a830a2c9bc1b","Sri Lanka","Country"
"location/united-states/f110fca2105599f6996d011c198b3928","United States","Country"
"location/united-states/f110fca2105599f6996d011c198b3928","United States","Country"
"location/united-states/f110fca2105599f6996d011c198b3928","United States","Country"
"location/taiwan/d5afe574ead5aef342821618e3c96832","Taiwan","Country"
"location/united-states/f110fca2105599f6996d011c198b3928","United States","Country"
"location/united-states/f110fca2105599f6996d011c198b3928","United States","Country"
"location/united-states/f110fca2105599f6996d011c198b3928","United States","Country"
"location/united-states/f110fca2105599f6996d011c198b3928","United States","Country"
"location/united-states/f110fca2105599f6996d011c198b3928","United States","Country"
"location/germany/6085b4bfb18a1763a04efdde3f6aba94","Germany","Country"
"location/united-states/f110fca2105599f6996d011c198b3928","United States","Country"
"location/hungary/d4455190161ad2beffea4b358ec17237","Hungary","Country"
"location/ireland/1944e9da82b4819038c0014fef22e2ef","Ireland","Country"
"location/united-states/f110fca2105599f6996d011c198b3928","United States","Country"
"location/singapore/91f489f8c9f704bf93a33cce438dd3c5","Singapore","Country"
"location/united-states/f110fca2105599f6996d011c198b3928","United States","Country"
"location/united-states/f110fca2105599f6996d011c198b3928","United States","Country"
"location/united-states/f110fca2105599f6996d011c198b3928","United States","Country"
"location/south-korea/2744d40afc3325359a3eded185736fd1","South Korea","Country"
"location/united-states/f110fca2105599f6996d011c198b3928","United States","Country"
"location/israel/ab89e1a9013f82613b5f60487350334d","Israel","Country"
"location/estonia/c0771ac645dc7060e8e54fad1098f695","Estonia","Country"
"location/czech-republic/47657b8e1cd486b2fdfea4c56f96bfd7","Czech Republic","Country"
"location/united-kingdom/a30e342c17426b1c66e9461de680e54b","United Kingdom","Country"
"location/spain/3f66b02a78e2aca02da4e7e1eed94671","Spain","Country"
"location/united-states/f110fca2105599f6996d011c198b3928","United States","Country"
"location/united-states/f110fca2105599f6996d011c198b3928","United States","Country"
"location/ireland/1944e9da82b4819038c0014fef22e2ef","Ireland","Country"
"location/germany/6085b4bfb18a1763a04efdde3f6aba94","Germany","Country"
"location/italy/9dd7a8c57b7f778590f4fed17fa5a6ff","Italy","Country"
"location/united-states/f110fca2105599f6996d011c198b3928","United States","Country"
"location/united-states/f110fca2105599f6996d011c198b3928","United States","Country"
"location/united-kingdom/a30e342c17426b1c66e9461de680e54b","United Kingdom","Country"
"location/turkey/1fbde7a3631380bfb2e3235b44a89699","Turkey","Country"
"location/united-states/f110fca2105599f6996d011c198b3928","United States","Country"
"location/united-states/f110fca2105599f6996d011c198b3928","United States","Country"
"location/united-states/f110fca2105599f6996d011c198b3928","United States","Country"
"location/switzerland/078d9679a86202a257c88337e9a1eec8","Switzerland","Country"
"location/united-states/f110fca2105599f6996d011c198b3928","United States","Country"
"location/united-states/f110fca2105599f6996d011c198b3928","United States","Country"
"location/united-states/f110fca2105599f6996d011c198b3928","United States","Country"
"location/germany/6085b4bfb18a1763a04efdde3f6aba94","Germany","Country"
"location/india/44048bf7db640d7adb20fd3c1ebf47b0","India","Country"
"location/india/44048bf7db640d7adb20fd3c1ebf47b0","India","Country"
"location/united-states/f110fca2105599f6996d011c198b3928","United States","Country"
"location/united-states/f110fca2105599f6996d011c198b3928","United States","Country"