"name","type","path","first_name","last_name","title","type"
"Martin Trgina","Person","person/martin-trgina",,,,"Person"
"Sunny Menon","Person","person/sunny-menon",,,,"Person"
"Jason Davis","Person","person/jason-davis",,,,"Person"
"Ray Leyendecker","Person","person/ray-leyendecker",,,,"Person"
"Ion Stoica","Person","person/ion-stoica",,,,"Person"
"Rachel Delacour","Person","person/rachel-delacour",,,,"Person"
"Carlos Guestrin","Person","person/carlos-guestrin",,,,"Person"
"Oren J. Falkowitz","Person","person/oren-j-falkowitz",,,,"Person"
"Danny Holten","Person","person/danny-holten",,,,"Person"
"Eric Frenkiel","Person","person/eric-frenkiel",,,,"Person"
"David Young","Person","person/david-young",,,,"Person"
"Michael Libes","Person","person/michael-libes",,,,"Person"
"Mike Hummel","Person","person/mike-hummel",,,,"Person"
"Gustav Martner","Person","person/gustav-martner",,,,"Person"
"Tim Koschella","Person","person/tim-koschella",,,,"Person"
"Sujee Maniyam","Person","person/sujee-maniyam",,,,"Person"
"Sanjay Mathur","Person","person/sanjay-mathur",,,,"Person"
"Massimo Ruffolo","Person","person/massimo-ruffolo",,,,"Person"
"Tim Hwang","Person","person/tim-hwang",,,,"Person"
"Jun H. Sung","Person","person/jun-h-sung",,,,"Person"
"Balaji Ganesan","Person","person/balaji-ganesan-2",,,,"Person"
"Ryan O'Toole","Person","person/ryan-otoole",,,,"Person"
"Gary Shiffman","Person","person/gary-shiffman",,,,"Person"
"Levent Gözener","Person","person/levent-gözener",,,,"Person"
"Jim Campigli","Person","person/jim-campigli",,,,"Person"
"Douglas B. Lenat","Person","person/douglas-b-lenat",,,,"Person"
"Philip G Chiu","Person","person/philip-chiu",,,,"Person"
"Moti Gornshtein","Person","person/moti-gornshtein",,,,"Person"
"M.C. Srivas","Person","person/m-c-srivas",,,,"Person"
"Bridget Osetinsky","Person","person/bridget-osetinsky",,,,"Person"
"Arnab Gupta","Person","person/arnab-gupta",,,,"Person"
"Amogh Mundhekar","Person","person/amogh-mundhekar",,,,"Person"
"Karel Baloun","Person","person/karel-baloun",,,,"Person"
"Audrius Sadauskas","Person","person/audrius-sadauskas",,,,"Person"
"Vagner Sacramento","Person","person/vagner-sacramento",,,,"Person"
"Greg Skibiski","Person","person/greg-skibiski",,,,"Person"
"Chris Dover","Person","person/chris-dover",,,,"Person"
"Flo Leibert","Person","person/flo-leibert",,,,"Person"
"Michael Ross","Person","person/michael-ross-2",,,,"Person"
"SriSatish Ambati","Person","person/srisatish-ambati",,,,"Person"
"Jade Huang","Person","person/jade-huang",,,,"Person"
"Mikio L. Braun","Person","person/mikio-l-braun",,,,"Person"
"Jason Hoffman","Person","person/jason-hoffman",,,,"Person"
"Damian Black","Person","person/damian-black",,,,"Person"
"Danny Bickson","Person","person/danny-bickson",,,,"Person"
"Roman Atachiants","Person","person/roman-atachiants",,,,"Person"
"Jan-Kees Buenen","Person","person/jan-kees-buenen",,,,"Person"
"Jennifer Hurshell","Person","person/jennifer-hurshell",,,,"Person"
"Adi Orzel","Person","person/adi-orzel",,,,"Person"
"Kira Radinsky","Person","person/kira-radinsky",,,,"Person"
"Rajiv Mahale","Person","person/rajiv-mahale",,,,"Person"
"Sean Power","Person","person/sean-power-2",,,,"Person"
"Macario Feliciano","Person","person/macario-feliciano",,,,"Person"
"Chris Wensel","Person","person/chris-wensel",,,,"Person"
"Adi Mishra","Person","person/adi-mishra-2",,,,"Person"
"Michael Driscoll","Person","person/michael-driscoll",,,,"Person"
"Sumit Mishra","Person","person/sumit-mishra",,,,"Person"
"Jesse Shieh","Person","person/jesse-shieh",,,,"Person"
"John Leach","Person","person/john-leach-3",,,,"Person"
"Derek Adelman","Person","person/derek-adelman",,,,"Person"
"Joseph Gonzalez","Person","person/joseph-gonzalez-2",,,,"Person"
"Ajit Varma","Person","person/ajit-varma",,,,"Person"
"Luis Stevens","Person","person/luis-stevens",,,,"Person"
"Norbert Heusser","Person","person/norbert-heusser",,,,"Person"
"Benjamin Stanley","Person","person/benjamin-stanley",,,,"Person"
"Arijit Sengupta","Person","person/arijit-sengupta",,,,"Person"
"Prashanth Adiraju","Person","person/prashanth-adiraju-2",,,,"Person"
"Kay Shaikh","Person","person/kay-shaikh",,,,"Person"
"Ian Smith","Person","person/ian-smith-6",,,,"Person"
"Mariano Cortesi","Person","person/mariano-cortesi",,,,"Person"
"Florian Leibert","Person","person/florian-leibert",,,,"Person"
"Anthony Wu","Person","person/anthony-wu",,,,"Person"
"Tasso Argyros","Person","person/tasso-argyros",,,,"Person"
"Young-kil Kwon","Person","person/young-kil-kwon",,,,"Person"
"Tanya Shastri","Person","person/tanya-shastri",,,,"Person"
"Viral Bajaria","Person","person/viral-bajaria",,,,"Person"
"Rohini K. Srihari","Person","person/rohini-k-srihari",,,,"Person"
"Robert Marsh","Person","person/robert-marsh",,,,"Person"
"Prashanth Adiraju","Person","person/prashanth-adiraju",,,,"Person"
"Venky Harinarayan","Person","person/venky-harinarayan",,,,"Person"
"Shawn Wan","Person","person/shawn-wan",,,,"Person"
"Pedro McCardell","Person","person/pedro-mccardell",,,,"Person"
"Peter Wang","Person","person/peter-wang-2",,,,"Person"
"Derek Merrill","Person","person/derek-merrill",,,,"Person"
"Paolo Bouquet","Person","person/paolo-bouquet",,,,"Person"
"Anderson Wong","Person","person/anderson-wong",,,,"Person"
"Ran Sarig","Person","person/ran-sarig",,,,"Person"
"Alex Pentland","Person","person/alex-pentland",,,,"Person"
"Elad Israeli","Person","person/elad-israeli",,,,"Person"
"Douglas Merrill","Person","person/douglas-merrill",,,,"Person"
"Brian Chu","Person","person/brian-chu-2",,,,"Person"
"Justin Langseth","Person","person/justin-langseth",,,,"Person"
"Sarabjot Kaur","Person","person/sarabjot-kaur",,,,"Person"
"Barry Zane","Person","person/barry-zane",,,,"Person"
"Don Bosco Durai","Person","person/don-bosco-durai",,,,"Person"
"Narges Bani Asadi","Person","person/narges-bani-asadi",,,,"Person"
"Daniel Schreiber","Person","person/daniel-schreiber",,,,"Person"
"Frank Harris","Person","person/frank-harris-2",,,,"Person"
"Gustav von Sydow","Person","person/gustav-von-sydow",,,,"Person"
"Carl Ellis","Person","person/carl-ellis",,,,"Person"
"Anand Rajaraman","Person","person/anand-rajaraman",,,,"Person"
"Michele Barbera","Person","person/michele-barbera",,,,"Person"
"Adam Prout","Person","person/adam-prout",,,,"Person"
"Hanno Fichtner","Person","person/hanno-fichtner",,,,"Person"
"Aditya Pendyala","Person","person/aditya-pendyala",,,,"Person"
"Alex Willcock","Person","person/alex-willcock",,,,"Person"
"Wendy G. Cheung","Person","person/wendy-g-cheung",,,,"Person"
"Bruno Almeida","Person","person/bruno-almeida-2",,,,"Person"
"Barry Zane","Person","person/barry-zane",,,,"Person"
"Stephen Purpura","Person","person/stephen-purpura",,,,"Person"
"Frank Thomas","Person","person/frank-thomas",,,,"Person"
"Nave Ronen","Person","person/nave-ronen",,,,"Person"
"Debu Chatterjee","Person","person/debu-chatterjee",,,,"Person"
"Andrew Felch","Person","person/andrew-felch",,,,"Person"
"Richard Granger","Person","person/richard-granger",,,,"Person"
"Amit Chatterjee","Person","person/amit-chatterjee",,,,"Person"
"Lou Kerner","Person","person/lou-kerner",,,,"Person"
"Andrea Molinari","Person","person/andrea-molinari",,,,"Person"
"Todd Parsons","Person","person/todd-parsons",,,,"Person"
"SriSatish Ambati","Person","person/srisatish-ambati",,,,"Person"
"Simon Yencken","Person","person/simon-yencken",,,,"Person"
"Dayakar Puskoor","Person","person/dayakar-puskoor",,,,"Person"
"Anurag Shah","Person","person/anurag-shah",,,,"Person"
"Nicolas Raspal","Person","person/nicolas-raspal",,,,"Person"
"Rattanamol Singh","Person","person/rattanamol-singh",,,,"Person"
"Mike Merritt-Holmes","Person","person/mike-merritt-holmes",,,,"Person"
"Karan Singh","Person","person/karan-singh-2",,,,"Person"
"Koichi Fujikawa","Person","person/koichi-fujikawa",,,,"Person"
"Peter Ohnemus","Person","person/peter-ohnemus",,,,"Person"
"Julian Hyde","Person","person/julian-hyde",,,,"Person"
"Joannes Vermorel","Person","person/joannes-vermorel",,,,"Person"
"DHIRAJ C RAJARAM","Person","person/dhiraj-c-rajaram",,,,"Person"
"David Fries","Person","person/david-fries-2",,,,"Person"
"István Nagy","Person","person/istv-n-nagy",,,,"Person"
"Sameer Padhye","Person","person/sameer-padhye",,,,"Person"
"Dror Sam Brama","Person","person/dror-sam-brama",,,,"Person"
"Amrith Kumar","Person","person/amrith-kumar",,,,"Person"
"Michael Kavanagh","Person","person/michael-kavanagh",,,,"Person"
"Cliff Click","Person","person/cliff-click",,,,"Person"
"Jonathan Matus","Person","person/joanthan-matus",,,,"Person"
"Christian Kotscher","Person","person/christian-kotscher",,,,"Person"
"Gabriel Banos","Person","person/gabriel-baos",,,,"Person"
"Dan Brassington","Person","person/dan-brassington",,,,"Person"
"Ricardo Garcia","Person","person/ricardo-garcia",,,,"Person"
"Seenu Banda","Person","person/seenu-banda",,,,"Person"
"Luca Pieraccini","Person","person/luca-pieraccini",,,,"Person"
"Tim Seears","Person","person/tim-seears",,,,"Person"
"Renat Khasanshyn","Person","person/renat-khasanshyn",,,,"Person"
"Doug Moran","Person","person/doug-moran",,,,"Person"
"Rajiv Sunkara","Person","person/rajiv-sunkara",,,,"Person"
"Philippe Laval","Person","person/philippe-laval",,,,"Person"
"Alex Muller","Person","person/alex-muller-2",,,,"Person"
"William King","Person","person/william-king-2",,,,"Person"
"Prashant Kumar","Person","person/prashant-kumar-2",,,,"Person"
"Paul Duan","Person","person/paul-duan",,,,"Person"
"Shahram Seyedin-Noor","Person","person/shahram-seyedin-noor",,,,"Person"
"Stefan Groschupf","Person","person/stefan-groschupf",,,,"Person"
"Michael Terry","Person","person/michael-terry",,,,"Person"
"Jan Beckers","Person","person/jan-beckers",,,,"Person"
"Eli Rosenburg","Person","person/eli-rosenburg",,,,"Person"
"Rick Farnell","Person","person/rick-farnell",,,,"Person"
"Harald Jellum","Person","person/harald-jellum",,,,"Person"
"Joel Natividad","Person","person/joel-natividad",,,,"Person"
"Zoltán Prekopcsák","Person","person/zolt-n-prekopcs-k",,,,"Person"
"Kumar Sreekanti","Person","person/kumar-sreekanti",,,,"Person"
"Haijie Gu","Person","person/haijie-gu",,,,"Person"
"Luis Loaiza","Person","person/luis-loaiza",,,,"Person"
"Sachin Bansal","Person","person/sachin-bansal-2",,,,"Person"
"Angela Shen-Hsieh","Person","person/angela-shen-hsieh",,,,"Person"
"Birger Lie","Person","person/birger-lie",,,,"Person"
"John Schroeder","Person","person/john-schroeder",,,,"Person"
"Jean-Christophe Cimino","Person","person/jean-christophe-cimino",,,,"Person"
"Jayesh V","Person","person/jayesh-v",,,,"Person"
"Tasso Argyros","Person","person/tasso-argyros",,,,"Person"
"Justin Cahoon","Person","person/justin-cahoon",,,,"Person"
"Nimish Mehta","Person","person/nimish-mehta",,,,"Person"
"Vince Schiavone","Person","person/vince-schiavone",,,,"Person"
"Renaud Lottiaux","Person","person/renaud-lottiaux",,,,"Person"
"Yaniv Mor","Person","person/yaniv-mor",,,,"Person"
"James Dixon","Person","person/james-dixon",,,,"Person"
"Motti Tal","Person","person/motti-tal",,,,"Person"
"Sami Baig","Person","person/sami-baig",,,,"Person"
"Anirudh Swarnkar","Person","person/anirudh-swarnkar",,,,"Person"
"Saggi Neumann","Person","person/saggi-neumann",,,,"Person"
"Justin Miller","Person","person/justin-miller",,,,"Person"
"Monte Zweben","Person","person/monte-zweben-2",,,,"Person"
"Emily Huang","Person","person/emily-huang",,,,"Person"
"Michael Dalton","Person","person/michael-dalton",,,,"Person"
"Guy Mounier","Person","person/guy-mounier",,,,"Person"
"Warren Paul Anderson","Person","person/warren-paul-anderson",,,,"Person"
"Yucheng Low","Person","person/yucheng-low",,,,"Person"
"John Wawrzynek","Person","person/john-wawrzynek",,,,"Person"
"Martin Marquez","Person","person/martin-marquez",,,,"Person"
"Dustin Chang","Person","person/dustin-chang",,,,"Person"
"Thorsten Heller","Person","person/thorsten-heller",,,,"Person"
"Ron Bodkin","Person","person/ron-bodkin",,,,"Person"
"Frida E Polli","Person","person/frida-e-polli",,,,"Person"
"Brian Chu","Person","person/brian-chu-2",,,,"Person"
"Joe Barrett","Person","person/joe-barrett",,,,"Person"
"James Hunvanich","Person","person/james-hunvanich",,,,"Person"
"Joseph Kelly","Person","person/joseph-kelly",,,,"Person"
"Wing Wong","Person","person/wing-wong",,,,"Person"
"Henry Chan","Person","person/henry-chan",,,,"Person"
"Patrick Comer","Person","person/patrick-comer",,,,"Person"
"Yaron Zakai-Or","Person","person/yaron-zakai-or",,,,"Person"
"Joel Kaplan","Person","person/joel-kaplan",,,,"Person"
"Iris Shoor","Person","person/iris-shoor",,,,"Person"
"Vlada Petrovic","Person","person/vlada-petrovic",,,,"Person"
"Giovanni Tummarello","Person","person/giovanni-tummarello",,,,"Person"
"Dyaa Albakour","Person","person/dyaa-albakour",,,,"Person"
"Richard Daley","Person","person/richard-daley",,,,"Person"
"Siddhartha Goel","Person","person/siddhartha-goel",,,,"Person"
"Jeffrey Krone","Person","person/jeffrey-krone",,,,"Person"
"Marcello Fontana","Person","person/marcello-fontana",,,,"Person"
"Chen Harel","Person","person/chen-harel",,,,"Person"
"Jeremy Karn","Person","person/jeremy-karn",,,,"Person"
"David Levine","Person","person/david-levine",,,,"Person"
"Brian P. Christian","Person","person/brian-p-christian",,,,"Person"
"Piers Wells","Person","person/piers-wells",,,,"Person"
"Gabriele Antonelli","Person","person/gabriele-antonelli",,,,"Person"
"Tyson Garrett","Person","person/tyson-garrett",,,,"Person"
"Tamer Hassanein","Person","person/tamer-hassanein",,,,"Person"
"Ali Ghodsi","Person","person/ali-ghodsi",,,,"Person"
"Andy Konwinski","Person","person/andy-konwinski",,,,"Person"
"Randy Caldejon","Person","person/randy-caldejon",,,,"Person"
"Mohd Izzairi Yamin","Person","person/mohd-izzairi-yamin",,,,"Person"
"Dan Theirl","Person","person/dan-theirl",,,,"Person"
"Peter Ellen","Person","person/peter-ellen",,,,"Person"
"Chris Melançon","Person","person/chris-melanon",,,,"Person"
"Ashutosh Garg","Person","person/ashutosh-garg",,,,"Person"
"Joseph Bartlett","Person","person/joseph-bartlett",,,,"Person"
"Igor Kyrylenko","Person","person/igor-kyrylenko",,,,"Person"
"peter shaw","Person","person/peter-shaw",,,,"Person"
"Adi Azaria","Person","person/adi-azaria",,,,"Person"
"Fernando Zunino","Person","person/fernando-zunino",,,,"Person"
"Andres Moratti","Person","person/andrs-moratti",,,,"Person"
"Adeyemi Ajao","Person","person/adeyemi-ajao",,,,"Person"
"Herb Schneider","Person","person/herb-schneider",,,,"Person"
"André Karpištšenko","Person","person/andr-karpitenko",,,,"Person"
"Dhruv Bansal","Person","person/dhruv-bansal",,,,"Person"
"Dave Linhardt","Person","person/dave-linhardt",,,,"Person"
"Garry P Nolan","Person","person/garry-p-nolan",,,,"Person"
"George Candea","Person","person/george-candea",,,,"Person"
"Brooks Robinson","Person","person/brooks-robinson",,,,"Person"
"william fischer","Person","person/william-fischer-2",,,,"Person"
"Todd Richheimer","Person","person/todd-richheimer",,,,"Person"
"Serhat Soyuerel","Person","person/serhat-soyuerel",,,,"Person"
"Marco Visibelli","Person","person/marco-visibelli",,,,"Person"
"Julie J Yoo","Person","person/julie-j-yoo",,,,"Person"
"Gerald Yao","Person","person/gerald-yao",,,,"Person"
"Samantha Meis","Person","person/samantha-meis",,,,"Person"
"Niv Steingarten","Person","person/niv-steingarten",,,,"Person"
"DeWitt Jones","Person","person/dewitt-jones",,,,"Person"
"Brian P. Christian","Person","person/brian-p-christian",,,,"Person"
"Alexandre Harkous","Person","person/alexandre-harkous",,,,"Person"
"Fernando Luege","Person","person/fernando-luege",,,,"Person"
"Mark Langsfeld","Person","person/mark-langsfeld",,,,"Person"
"Bernd Greifeneder","Person","person/bernd-greifeneder",,,,"Person"
"Steven Noels","Person","person/steven-noels",,,,"Person"
"Aviad Harell","Person","person/aviad-harell",,,,"Person"
"Craig Soules","Person","person/craig-soules",,,,"Person"
"Chris Roebuck","Person","person/chris-roebuck",,,,"Person"
"Prem Uppaluru","Person","person/prem-uppaluru",,,,"Person"
"Tristan Zajonc","Person","person/tristan-zajonc",,,,"Person"
"Matthew Hamilton","Person","person/matthew-hamilton",,,,"Person"
"Nikita Shamgunov","Person","person/nikita-shamgunov",,,,"Person"
"Sokol Iankov","Person","person/sokol-iankov",,,,"Person"
"Kosta Kantchev","Person","person/kosta-kantchev",,,,"Person"
"Stamos Venios","Person","person/stamos-venios",,,,"Person"
"Craig Davis","Person","person/craig-davis-2",,,,"Person"
"Simon Yates","Person","person/simon-yates",,,,"Person"
"Aaron Kimball","Person","person/aaron-kimball",,,,"Person"
"Sebastian Diemer","Person","person/sebastian-diemer",,,,"Person"
"Kumar Saurabh","Person","person/kumar-saurabh",,,,"Person"
"Jaime Zuluga","Person","person/jaime-zuluga",,,,"Person"
"Mobin Ranjbar","Person","person/mobin-ranjbar",,,,"Person"
"Vibhore Kumar","Person","person/vibhore-kumar",,,,"Person"
"Kalle Kägi","Person","person/kalle-kgi",,,,"Person"
"Brian Monahan","Person","person/brian-monahan",,,,"Person"
"Mike Flores","Person","person/mike-flores",,,,"Person"
"Arijit Sengupta","Person","person/arijit-sengupta-2",,,,"Person"
"Efi Cohen","Person","person/efi-cohen",,,,"Person"
"Niket Vaidya","Person","person/niket-vaidya",,,,"Person"
"Uzi Shmilovici","Person","person/uzi-shmilovici",,,,"Person"
"Gábor Makrai","Person","person/g-bor-makrai",,,,"Person"
"Rajul Mishra","Person","person/rajul-mishra",,,,"Person"
"Ossama Hassanein","Person","person/ossama-hassanein",,,,"Person"
"Matthew Berseth","Person","person/matthew-berseth",,,,"Person"
"Bruno Pereira","Person","person/bruno-pereira",,,,"Person"
"Simon Arkell","Person","person/simon-arkell",,,,"Person"
"Hector-Hugo Franco-Penya","Person","person/hector-hugo-franco-penya",,,,"Person"
"Kannan Govindarajan","Person","person/kannan-govindarajan",,,,"Person"
"Katie Bodkin","Person","person/catherine-bodkin",,,,"Person"
"Philippe Ait Yahia","Person","person/philippe-ait-yahia",,,,"Person"
"Scott Crane","Person","person/scott-crane",,,,"Person"
"Amit Shah","Person","person/amit-shah-2",,,,"Person"
"Eli Mohamad","Person","person/eli-mohamad",,,,"Person"
"Uday Sandhar","Person","person/uday-sandhar",,,,"Person"
"Brian Rowe","Person","person/brian-rowe",,,,"Person"
"Jérôme Sandrini","Person","person/jrme-sandrini",,,,"Person"
"Michael Boerner","Person","person/michael-boerner",,,,"Person"
"Erik Marcade","Person","person/erik-marcade",,,,"Person"
"New Melchizedec S","Person","person/new-melchizedec-s",,,,"Person"
"Boris Tamarkin","Person","person/boris-tamarkin",,,,"Person"
"Dan Siboni","Person","person/dan-siboni",,,,"Person"
"Ram Pothula","Person","person/ram-pothula",,,,"Person"
"Brandon Pearlman","Person","person/brandon-pearlman",,,,"Person"
"Dharmesh Malam","Person","person/dharmesh-malam",,,,"Person"
"Dean Allen","Person","person/dean-allen",,,,"Person"
"Matthijs van Leeuwen","Person","person/matthijs-van-leeuwen",,,,"Person"
"Jonas Bonér","Person","person/jonas-bonr-2",,,,"Person"
"Goncalo Reis","Person","person/gonalo-reis",,,,"Person"
"Matthias L. Jugel","Person","person/matthias-l-jugel",,,,"Person"
"David Richards","Person","person/david-richards",,,,"Person"
"Lucía Pérez Azor","Person","person/luc-a-p-rez-azor",,,,"Person"
"Dani Rayan","Person","person/dani-rayan",,,,"Person"
"Anil Uberoi","Person","person/anil-uberoi",,,,"Person"
"Kazuki Ohta","Person","person/kazuki-ohta",,,,"Person"
"Pascal Gallard","Person","person/pascal-gallard",,,,"Person"
"Yi-Ling Chen","Person","person/yi-ling-chen",,,,"Person"
"Lei Fang","Person","person/lei-fang",,,,"Person"
"Amir Alon","Person","person/amir-alon",,,,"Person"
"Joe Reger","Person","person/joe-reger",,,,"Person"
"Howard Lee","Person","person/howard-lee",,,,"Person"
"Neville D.E. Teagarden","Person","person/neville-d-e-teagarden",,,,"Person"
"Bruce Fram","Person","person/bruce-fram",,,,"Person"
"Damian Guy","Person","person/damian-guy",,,,"Person"
"Abdul Aziz","Person","person/dr-abdul-aziz",,,,"Person"
"Anton Heijs","Person","person/dr-anton-heijs",,,,"Person"
"Frank M. Saviane","Person","person/frank-m-saviane",,,,"Person"
"Scott Coates","Person","person/scott-coates",,,,"Person"
"Todd Conway","Person","person/todd-conway",,,,"Person"
"Rohit Jain","Person","person/rohit-jain",,,,"Person"
"Yeturu Aahlad","Person","person/yeturu-aahlad",,,,"Person"
"Jonathan Chen","Person","person/jonathan-chen",,,,"Person"
"Onn Manelson","Person","person/onn-manelson",,,,"Person"
"Eugene Davis","Person","person/eugene-davis-2",,,,"Person"
"Stephen Darori","Person","person/stephen-darori",,,,"Person"
"Eric Liu","Person","person/eric-liu-4",,,,"Person"
"Steve McCanne","Person","person/steve-mccanne-2",,,,"Person"
"Juan F. Codagnone","Person","person/juan-f-codagnone",,,,"Person"
"Martin Hall","Person","person/martin-hall",,,,"Person"
"Aubrey Davis","Person","person/aubrey-davis",,,,"Person"
"Andrew Wolf","Person","person/andrew-wolf",,,,"Person"
"Tagg Jefferson","Person","person/tagg-jefferson",,,,"Person"
"Enes Hosgor, Ph.D.","Person","person/enes-hosgor-ph-d",,,,"Person"
"Simon Lee","Person","person/simon-lee-6",,,,"Person"
"Barun Singh","Person","person/barun-singh",,,,"Person"
"Colin Hill","Person","person/colin-hill-2",,,,"Person"
"Erik van Heeswijk","Person","person/erik-van-heeswijk",,,,"Person"
"Robert Karch","Person","person/robert-karch",,,,"Person"
"Mark Langsfeld","Person","person/mark-langsfeld",,,,"Person"
"Eldad Farkash","Person","person/eldad-farkash",,,,"Person"
"Alex Philp","Person","person/alex-philp",,,,"Person"
"Jean-Charles Beaudin","Person","person/jean-charles-beaudin",,,,"Person"
"Rikin Shah","Person","person/rikin-shah",,,,"Person"
"Bart Kiszala","Person","person/bart-kiszala",,,,"Person"
"Yona Hollander","Person","person/yona-hollander",,,,"Person"
"Patrick Hogan","Person","person/patrick-hogan",,,,"Person"
"Ron Dembo","Person","person/ron-dembo",,,,"Person"
"Asen Benev","Person","person/asen-benev",,,,"Person"
"Matt Walker","Person","person/matt-walker-4",,,,"Person"
"Chris Metcalfe","Person","person/chris-metcalfe",,,,"Person"
"Cyndi Mitchell","Person","person/cyndi-mitchell",,,,"Person"
"Hiram Mac","Person","person/hiram-mac",,,,"Person"
"Tom Ripley","Person","person/tom-ripley",,,,"Person"
"Asa Kalavade","Person","person/asa-kalavade-2",,,,"Person"
"Kim Jacobson","Person","person/kim-jacobson",,,,"Person"
"Sanny Anavi Ovadia","Person","person/sanny-anavi-ovadia",,,,"Person"
"Alexey Vorobiev","Person","person/alexey-vorobiev",,,,"Person"
"Steve DeSantis","Person","person/steve-desantis",,,,"Person"
"Harry Blount","Person","person/harry-blount",,,,"Person"
"Martin Grosjean","Person","person/martin-grosjean",,,,"Person"
"Ari Zilka","Person","person/ari-zilka",,,,"Person"
"Jürgen Ingels","Person","person/jrgen-ingels",,,,"Person"
"Sandy Steier","Person","person/sandy-steier",,,,"Person"
"James Lin","Person","person/james-lin-3",,,,"Person"
"Tad Slaff","Person","person/tad-slaff",,,,"Person"
"Pinal Gandhi","Person","person/pinal-gandhi",,,,"Person"
"Todd Mostak","Person","person/todd-mostak",,,,"Person"
"Amit Narayan","Person","person/amit-narayan",,,,"Person"
"Franklyn Chien","Person","person/franklyn-chien",,,,"Person"
"Alexander Graubner-Müller","Person","person/alexander-graubner-mller",,,,"Person"
"Christian Beedgen","Person","person/christian-beedgen",,,,"Person"
"Ben Werther","Person","person/ben-werther",,,,"Person"
"Bob Raleigh","Person","person/dr-bob-raleigh",,,,"Person"
"Philip (flip) Kromer","Person","person/philip-flip-kromer-iv",,,,"Person"
"Som Sikdar","Person","person/som-sikdar",,,,"Person"
"Reynold Xin","Person","person/reynold-xin",,,,"Person"
"Gabriela Mejia","Person","person/gabriela-mejia",,,,"Person"
"Miguel Torres","Person","person/miguel-torres",,,,"Person"
"Kurt Dobbins","Person","person/kurt-dobbins",,,,"Person"
"Kerry Liu","Person","person/kerry-liu-2",,,,"Person"
"Stuart Frost","Person","person/stuart-frost-2",,,,"Person"
"Jeff Lawrence","Person","person/jeff-lawrence-2",,,,"Person"
"Alistair Mercer","Person","person/alistair-mercer",,,,"Person"
"Ely Kahn","Person","person/ely-kahn",,,,"Person"
"John Kalucki","Person","person/john-kalucki",,,,"Person"
"Frederic Bastien","Person","person/frederic-bastien",,,,"Person"
"Harpreet Singh","Person","person/harpreet-singh",,,,"Person"
"Thomas Graham","Person","person/thomas-graham",,,,"Person"
"Mark van Rijmenam","Person","person/mark-van-rijmenam",,,,"Person"
"Oliver Mooney","Person","person/oliver-mooney",,,,"Person"
"Andrei Popovici","Person","person/andrei-popovici",,,,"Person"
"Kapil Tyagi","Person","person/kapil-tyagi",,,,"Person"
"Vince Schiavone","Person","person/vince-schiavone",,,,"Person"
"Davorin Gabrovec","Person","person/davorin-gabrovec",,,,"Person"
"Edan Kabatchnik","Person","person/edan-kabatchnik",,,,"Person"
"Nathan Roseman","Person","person/nathan-roseman",,,,"Person"
"Premal Shah","Person","person/premal-shah-2",,,,"Person"
"Michael Zeller","Person","person/dr-michael-zeller",,,,"Person"
"Lisa Cheng","Person","person/lisa-cheng",,,,"Person"
"Matthew Monahan","Person","person/matthew-monahan",,,,"Person"
"Hande Cilingir","Person","person/hande-cilingir",,,,"Person"
"Shane Moriah","Person","person/shane-moriah",,,,"Person"
"K Young","Person","person/k-young",,,,"Person"
"Rob Smith","Person","person/rob-smith-3",,,,"Person"
"Dennis Bruin","Person","person/dennis-bruin",,,,"Person"
"Sean Conway","Person","person/sean-conway",,,,"Person"
"Babur Ozden","Person","person/babur-ozden-2",,,,"Person"
"Juan Jimenez","Person","person/juan-jimenez",,,,"Person"
"Sumit Mishra","Person","person/sumit-mishra-2",,,,"Person"
"Navneet Aron","Person","person/navneet-aron",,,,"Person"
"Anmol Madan","Person","person/anmol-madan-2",,,,"Person"
"Justin Massa","Person","person/justin-massa",,,,"Person"
"Jonathan McEuen","Person","person/jonathan-mceuen",,,,"Person"
"Garth Goodson","Person","person/garth-goodson",,,,"Person"
"Rich Sootkoos","Person","person/rich-sootkoos",,,,"Person"
"Alex Pentland","Person","person/alex-pentland",,,,"Person"
"Doug Daniels","Person","person/doug-daniels",,,,"Person"
"Jason Coombs","Person","person/jason-coombs",,,,"Person"
"John Berns","Person","person/john-berns",,,,"Person"
"Anmol Madan","Person","person/anmol-madan-2",,,,"Person"
"Muhammad Nazimuddaula","Person","person/muhammad-nazimuddaula",,,,"Person"
"Ted Willich","Person","person/ted-willich",,,,"Person"
"Abner Lim","Person","person/abner-lim",,,,"Person"
"John Errico","Person","person/john-errico",,,,"Person"
"Thomas Rand Nash","Person","person/dr-thomas-rand-nash",,,,"Person"
"Kate Mitchell","Person","person/kate-mitchell-2",,,,"Person"
"Robert Ziegler","Person","person/robert-ziegler",,,,"Person"
"John Akred","Person","person/john-akred",,,,"Person"
"Shoshi Rushnevsky","Person","person/shoshi-rushnevsky",,,,"Person"
"Francisco De Sousa Webber","Person","person/francisco-de-sousa-webber",,,,"Person"
"Brian Bulkowski","Person","person/brian-bulkowski",,,,"Person"
"Diogo Nechtan","Person","person/diogo-nechtan",,,,"Person"
"Andrew Jiang","Person","person/andrew-jiang",,,,"Person"
"Quinton Alsbury","Person","person/quinton-alsbury",,,,"Person"
"Joe Woo","Person","person/joe-woo",,,,"Person"
"Patrick Wendell","Person","person/patrick-wendell",,,,"Person"
"Dor Levi","Person","person/dor-levi",,,,"Person"
"Edward Connelly","Person","person/edward-connelly",,,,"Person"
"Hironobu Yoshikawa","Person","person/hironobu-yoshikawa",,,,"Person"
"Gini Deshpande","Person","person/gini-deshpande",,,,"Person"
"Arka Dhar","Person","person/arka-dhar",,,,"Person"
"Nick Ducoff","Person","person/nick-ducoff",,,,"Person"
"David Becerra","Person","person/david-becerra",,,,"Person"
"Matthew Carroll","Person","person/matthew-carroll",,,,"Person"
"Minkyu Kim","Person","person/minkyu-kim",,,,"Person"
"Katrin Ribant","Person","person/katrin-ribant",,,,"Person"
"Eric Cooper","Person","person/eric-cooper-2",,,,"Person"
"Srini V. Srinivasan","Person","person/srini-v-srinivasan",,,,"Person"
"Bruce Durling","Person","person/bruce-durling",,,,"Person"
"Idan Tendler","Person","person/idan-tendler",,,,"Person"
"Alex Edelstein","Person","person/alex-edelstein",,,,"Person"
"Geoffrey Atkinson","Person","person/geoffrey-atkinson",,,,"Person"
"Albert Azout","Person","person/albert-azout",,,,"Person"
"Anand Patil","Person","person/anand-patil",,,,"Person"
"Constantine Krastev","Person","person/constantine-krastev",,,,"Person"
"Mark Davis","Person","person/mark-davis-8",,,,"Person"
"Zachary Ruiz","Person","person/zachary-ruiz",,,,"Person"
"Jordan Ritter","Person","person/jordan-ritter",,,,"Person"
"Iya Khalil","Person","person/iya-khalil",,,,"Person"
"Apurv Awasthi","Person","person/apurv-awasthi",,,,"Person"
"Babu Tammisetti","Person","person/babu-tammisetti",,,,"Person"
"Tim Johns","Person","person/tim-johns",,,,"Person"
"Frank R. Caufield","Person","person/frank-caufield-3",,,,"Person"
"Michael E. Stewart","Person","person/michael-e-stewart",,,,"Person"
"Jörg Bienert","Person","person/jrg-bienert",,,,"Person"
"Bobby Mannepalli","Person","person/bobby-mannepalli",,,,"Person"
"Marc Batchelor","Person","person/marc-batchelor",,,,"Person"
"Sonal Goyal","Person","person/sonal-goyal",,,,"Person"
"Travis Oliphant","Person","person/travis-oliphant",,,,"Person"
"Waqar Hasan","Person","person/waqar-hasan",,,,"Person"
"Andrés Manso","Person","person/andrs-manso",,,,"Person"
"Brian Krpec","Person","person/brian-krpec",,,,"Person"
"Gil Fuertes","Person","person/gil-fuertes",,,,"Person"
"Andrew McGregor","Person","person/andrew-mcgregor",,,,"Person"
"Xavier CHAUDÉ","Person","person/xavier-chaud",,,,"Person"
"Dmitriy Setrakyan","Person","person/dmitriy-setrakyan",,,,"Person"
"John Furrier","Person","person/john-furrier",,,,"Person"
"Luis Stevens","Person","person/luis-stevens",,,,"Person"
"Srikant Sastri","Person","person/srikant-sastri",,,,"Person"
"Pawel Niznik","Person","person/pawel-niznik",,,,"Person"
"Christophe Bisciglia","Person","person/christophe-bisciglia",,,,"Person"
"Péter Hellinger","Person","person/p-ter-hellinger",,,,"Person"
"Ari S. Goldberg","Person","person/ari-s-goldberg",,,,"Person"
"Ela Madej","Person","person/ela-madej",,,,"Person"
"Paul Allen","Person","person/paul-allen",,,,"Person"
"Tobi Knaup","Person","person/tobi-knaup",,,,"Person"
"Shawn Budde","Person","person/shawn-budde",,,,"Person"
"Nitin Purohit","Person","person/nitin-purohit",,,,"Person"
"Rainer Sternfeld","Person","person/rainer-sternfeld",,,,"Person"
"Otis Gospodnetic","Person","person/otis-gospodneti-a",,,,"Person"
"Viral Bajaria","Person","person/viral-bajaria-2",,,,"Person"
"Lovleen Bhatia","Person","person/lovleen-bhatia",,,,"Person"
"Jerry Schuman","Person","person/jerry-schuman",,,,"Person"
"Christopher Lindblad","Person","person/christopher-lindblad",,,,"Person"
"Steve Schoettler","Person","person/steve-schoettler",,,,"Person"
"Mac Dougherty","Person","person/mac-dougherty",,,,"Person"
"Jason Jeffords","Person","person/jason-jeffords",,,,"Person"
"Ashish Tanna","Person","person/ashish-tanna",,,,"Person"
"Garrett Wu","Person","person/garrett-wu",,,,"Person"
"Ruben Haas","Person","person/ruben-haas",,,,"Person"
"Suresh Venugopalan","Person","person/suresh-venugopalan",,,,"Person"
"Sina Sohangir","Person","person/sina-sohangir",,,,"Person"
"Ash Damle","Person","person/ash-damle-2",,,,"Person"
"Jamie Maclennan","Person","person/jamie-maclennan",,,,"Person"
"Ermelinda Oro","Person","person/ermelinda-oro",,,,"Person"
"Eric Maas","Person","person/eric-maas-3",,,,"Person"
"Stefan Andreasen","Person","person/stefan-andreasen",,,,"Person"
"Joe Davy","Person","person/joe-davy",,,,"Person"
"Joy Thomas","Person","person/joy-thomas",,,,"Person"
"Pei-Yin Flores","Person","person/pei-yin-flores",,,,"Person"
"Guy Boyangu","Person","person/guy-boyangu",,,,"Person"
"Tom Phelan","Person","person/tom-phelan",,,,"Person"
"Carlos Mondragon","Person","person/carlos-mondragon",,,,"Person"
"Alfonso Vazquez","Person","person/alfonso-vazquez-2",,,,"Person"
"Sarunas Chomentauskas","Person","person/sarunas-chomentauskas",,,,"Person"
"Neil Avery","Person","person/neil-avery",,,,"Person"
"Baskar Jayaraman","Person","person/baskar-jayaraman",,,,"Person"
"Ross Barrett","Person","person/ross-barrett",,,,"Person"
"Jayesh V","Person","person/jayesh-v-2",,,,"Person"
"Francine Bennett","Person","person/francine-bennett",,,,"Person"
"Giovanni Montesanti","Person","person/giovanni-montesanti",,,,"Person"
"Marc Hadfield","Person","person/marc-hadfield",,,,"Person"
"Steven Hillion","Person","person/steven-hillion",,,,"Person"
"Donald Thompson","Person","person/donald-thompson",,,,"Person"
"Zoltán Szatmári","Person","person/zolt-n-szatm-ri",,,,"Person"
"Anukool Lakhina","Person","person/anukool-lakhina",,,,"Person"
"Csaba Gáspár","Person","person/csaba-g-sp-r",,,,"Person"
"Matei Zaharia","Person","person/matei-zaharia",,,,"Person"
"Phil Bedard","Person","person/phil-bedard",,,,"Person"
"Mayank Bawa","Person","person/mayank-bawa",,,,"Person"
"Michael Baker","Person","person/michael-baker-2",,,,"Person"
"Andrea Di Benedetto","Person","person/andrea-di-benedetto",,,,"Person"
"Carlos Whitt","Person","person/carlos-whitt",,,,"Person"
"Rakshit Daga","Person","person/rakshit-daga",,,,"Person"