"path","name","type"
"funding-round/df39eb12119a1749fa4a8d156701bc5d","PingThings Funding Round","FundingRound"
"funding-round/6382145fc5e02176ab033da21c3a6c3b","Nubimetrics Funding Round","FundingRound"
"funding-round/8bde12573df3836d8c8e490769688a0f","wavecatch raises 300000 in angel round","FundingRound"
"funding-round/929ab5cba58c7170ab7998a15fda0de0","FastConnect Funding Round","FundingRound"
"funding-round/e1cfcbe1bdf4c70277c5f29a3482f24e","0xdata Funding Round","FundingRound"
"funding-round/ba01482c4b1a33cd33c499b5fc1db44b","Silicon Valley Data Science raises 3000000 in venture round","FundingRound"
"funding-round/6f404d384b390428b41e87beefbbc2f1","Predilytics raises 0 in unknown round","FundingRound"
"funding-round/62ed38abde84601f5c0e40e02a99eb66","Perceivant raises 2100000 in venture round","FundingRound"
"funding-round/b3d13e2542b65617c4caf47dc4527dc6","Takipi raises 4500000 in venture round","FundingRound"
"funding-round/9247b75b79a64b9efc679a96eee473fb","Context Relevant raises 1500000 in seed round","FundingRound"
"funding-round/0c7e0c565a5b8649846890fba6a41dbf","Predixion Software raises 800000 in unknown round","FundingRound"
"funding-round/74b15fc0a4fb41b7b30621ddc03ee8ad","eCommera raises 2150000 in unknown round","FundingRound"
"funding-round/3e12eed87abac9daf850542e0ab90a86","Predixion Software raises 5000000 in venture round","FundingRound"
"funding-round/bb5071215d35e9b395492d08d9ba5746","Adku raises 0 in unknown round","FundingRound"
"funding-round/882bcfed5d9c5bb58369be344aaa0558","Fusion-io raises 45000000 in venture round","FundingRound"
"funding-round/a23d9bab308b88ef96fdf9805f16dc8c","Autogrid raises 9000000 in unknown round","FundingRound"
"funding-round/03afcebeca97188689d58c2321e8eb53","OpenWhere raises 1000000 in seed round","FundingRound"
"funding-round/303bc459d9e7dcc113a8d831d910d1ef","Sidecar raises 0 in venture round","FundingRound"
"funding-round/bd51a54c1da0136c7b8b06419d62e767","CrowdChat Funding Round","FundingRound"
"funding-round/af5cd2766692cf9aaa915eee940647e1","OneFold raises 400000 in seed round","FundingRound"
"funding-round/56bf4841787946cffb60411b201787b3","Nara Logics Funding Round","FundingRound"
"funding-round/7cb5c9070cdcb535482b209796698fc2","Opera Solutions raises 0 in venture round","FundingRound"
"funding-round/93f7b959e0382a3b421ede903aa19ade","Guavus raises 25000000 in venture round","FundingRound"
"funding-round/3a8a7eca931407ca709b94876126da2f","NGDATA raises 3300000 in venture round","FundingRound"
"funding-round/9659185543b6396e4e7841b83d256004","Kuldat raises 0 in seed round","FundingRound"
"funding-round/21196ba49399d725ca72494b65a0693f","Ginger.io raises 0 in seed round","FundingRound"
"funding-round/4afcf284a81b2a2c266297926c810cda","GridGain Systems raises 10000000 in venture round","FundingRound"
"funding-round/34436944f45a1c3dbbe08898df9ec65a","Transmetrics Funding Round","FundingRound"
"funding-round/e64424c563afab3590b9be59ace1b21c","Ondore raises 1500000 in seed round","FundingRound"
"funding-round/40464e1ade894dd2d56dec3e8e088c4f","Trufa raises 4500000 in venture round","FundingRound"
"funding-round/d7805d4439be747a671aa3372cb0996e","FlyData raises 680000 in seed round","FundingRound"
"funding-round/e882c29fd8592e56f2411a1de53ff08a","MarketYze raises 0 in seed round","FundingRound"
"funding-round/4621fe734cc7dba1cbc2d659b2a1fca1","Sociocast raises 1500000 in unknown round","FundingRound"
"funding-round/d15886307975885fe5729019a1b033e4","Predixion Software raises 6000000 in venture round","FundingRound"
"funding-round/f4fc957d245c3c445a8fca1d78cf79df","VisualDNA raises 0 in venture round","FundingRound"
"funding-round/9d8f677134baec08993bfad3b999e5d6","Sqrrl raises 2000000 in seed round","FundingRound"
"funding-round/08481971c6f2790500a1661f6a36c00e","Mortar Data raises 900000 in debt_financing round","FundingRound"
"funding-round/dc1898289b570f6468c78ae5693afa5e","Springbot Funding Round","FundingRound"
"funding-round/22d61e575bc3780b2b9c2492f4467ea0","Food Genius Funding Round","FundingRound"
"funding-round/3d624906263ca05027b156dee8244274","Transilio Funding Round","FundingRound"
"funding-round/489c93117fd49568a15d7587ef0666ce","Cignifi raises 0 in venture round","FundingRound"
"funding-round/0d076997bc75542acc4a9a5cbf195462","Crayon Data raises 1400000 in venture round","FundingRound"
"funding-round/876d36cedbf353fa9f71ae2c231d62c0","Metaps raises 1300000 in venture round","FundingRound"
"funding-round/4acd902a2ac033a1891b6a2c932ecb50","Treasure Data raises 5000000 in venture round","FundingRound"
"funding-round/a776655287f224656b6bfb28c0a0413d","JustOne Database Inc. raises 0 in seed round","FundingRound"
"funding-round/866a01a5b17cf9b2ff1e0bb6137be125","EvoApp raises 1352194 in seed round","FundingRound"
"funding-round/be8b02b3bdb49ab716cba8b850c024fd","OMNI Retail Group Funding Round","FundingRound"
"funding-round/dadb3a1e828e100a868988a249a8c95f","Tykli raises 65070 in angel round","FundingRound"
"funding-round/5b13af33d42c87ce77ea3abab1daf36b","Natero raises 3334176 in venture round","FundingRound"
"funding-round/88094ab84b47454869635700c7549bd7","SourceThought Funding Round","FundingRound"
"funding-round/22ff84026afcd8f2d0391a6964cab17d","Treasure Data raises 1250000 in angel round","FundingRound"
"funding-round/2fa165adb96db581060cdc6697fbe44d","Pentaho raises 6995394 in unknown round","FundingRound"
"funding-round/ceacf2b5ac17d28bf0bea94c448e1627","OpTier Funding Round","FundingRound"
"funding-round/53eaed840ca0cd920e88c5bf05602f0b","OKKAM raises 0 in grant round","FundingRound"
"funding-round/d196dfe3e9a41857a787afe0683cfd71","Burt Funding Round","FundingRound"
"funding-round/e2d6ad763b6024448c96e8288184a45e","Typesafe raises 14000000 in venture round","FundingRound"
"funding-round/9b61c4988c73b5c6be67077cdd76ee12","Databox raises 0 in seed round","FundingRound"
"funding-round/ce3d0d344ff02449ad62565602bbcce1","Sumo Logic raises 15000000 in venture round","FundingRound"
"funding-round/a2d494b1dd4c12964b9e5fc754eb8ee4","VisualDNA raises 5000000 in unknown round","FundingRound"
"funding-round/d01a16ab348098f1c7f14d5e2e0ad337","LightArrow raises 1000000 in seed round","FundingRound"
"funding-round/03a1a460ca7423f1ed6e14cfc3cad75e","Geostellar raises 14000000 in venture round","FundingRound"
"funding-round/268d7cc9ae7cd5924aadc56e9a3528ee","Map-D Funding Round","FundingRound"
"funding-round/639c4b4cae7be6e0746b0fbe07e78bc0","Zoomdata raises 4100000 in venture round","FundingRound"
"funding-round/12e674bfeeafce0832339c370645005b","Dazo raises 40000 in seed round","FundingRound"
"funding-round/8b2987eebdef2cc821a63e5ba6762468","EEme Funding Round","FundingRound"
"funding-round/14fe8ae139be22210026fd2f93f17d74","Unravel Data Systems raises 156227 in unknown round","FundingRound"
"funding-round/99e6a4c8233699694196860df6757d0f","Terracotta raises 5499999 in venture round","FundingRound"
"funding-round/02260b666ab5f3a101c6eb2d1a9a124e","OpTier Funding Round","FundingRound"
"funding-round/13949e6ec072ccbeda69cc2f305e4ae8","Joyent raises 7000000 in venture round","FundingRound"
"funding-round/6b891a2a8a92b951ad7f7b70cf9c4a3a","Kreditech raises 1000000 in seed round","FundingRound"
"funding-round/ea293f4fd11e72913c745eb1834611a3","SQLstream raises 270100 in unknown round","FundingRound"
"funding-round/6a969e5eb37f9ac3185a38c53367ceb3","Platfora raises 38000000 in venture round","FundingRound"
"funding-round/d9b5fbe52c44cc6c447186ee5a5d67a0","ColdLight Solutions raises 0 in unknown round","FundingRound"
"funding-round/3c1752060cf04fe967c8dac0e0b7521d","FiscalNote raises 1200000 in seed round","FundingRound"
"funding-round/7690568054df688f6f97a0461977785e","Autogrid raises 12750000 in venture round","FundingRound"
"funding-round/48338335138201b94cb909c2386d620f","Mintigo raises 10000000 in venture round","FundingRound"
"funding-round/cf0eff18ca6a8bff7d859315a87813ed","Geostellar Funding Round","FundingRound"
"funding-round/484592270ddd06af9bf0e80f3ae369c8","NFLabs Funding Round","FundingRound"
"funding-round/cf9cfbc14a17d0899c2b7720588514c3","Cyberlightning Ltd. Funding Round","FundingRound"
"funding-round/b8e401987db1ecff0aec526e38afa0e6","MapR Technologies Funding Round","FundingRound"
"funding-round/14dec9cef90608f21ecb7a16904beef4","CEPT Systems raises 1929900 in seed round","FundingRound"
"funding-round/43f6e12320c6ab63582a950d9a497349","ScaleDB raises 2100000 in angel round","FundingRound"
"funding-round/b271bb72b17b3c7007c17f39d0d7ac1a","VisualDNA raises 13550000 in venture round","FundingRound"
"funding-round/55229b0a588d87af3be05e5a08bd9b85","Guavus Funding Round","FundingRound"
"funding-round/c04ac8dd0a80c486dbd2c859c091d30b","Rubikloud raises 1000000 in seed round","FundingRound"
"funding-round/ee292fdc010f4801920b07c517b3ce8d","MarkLogic raises 12000000 in venture round","FundingRound"
"funding-round/70a64ad6b5a62a6c5b618ebe229a9767","Aster Data Systems raises 17000000 in venture round","FundingRound"
"funding-round/6120b9e422a0edc3ce9e03e2ca21c13b","SiSense raises 4000000 in venture round","FundingRound"
"funding-round/7d5212da7f47083cfdce34f09977f5ca","Identified raises 21000000 in venture round","FundingRound"
"funding-round/7a0b875326dd0bac7e9565a86fed19d1","CricHQ Funding Round","FundingRound"
"funding-round/c935c1a186454479adb7cdb53a829e69","OpTier raises 8000000 in venture round","FundingRound"
"funding-round/3bb8c87db87da70ee0ddc8d8ab9f6de4","Concurrent Inc raises 900000 in seed round","FundingRound"
"funding-round/4ab98285d77f7a8a7e28112e7ea2a871","Kapow Software raises 6643770 in venture round","FundingRound"
"funding-round/a894962e5c59ac6a5beef1ff2babe039","ALTILIA raises 0 in venture round","FundingRound"
"funding-round/fc0695839ae66a47d0c9dcfee9019d4b","YODIL raises 0 in venture round","FundingRound"
"funding-round/1f7394ae94a6f25f0fa6721bff671114","Maana raises 585000 in angel round","FundingRound"
"funding-round/987e994c1bb1b3471f666cc364298774","ParAccel raises 22000000 in venture round","FundingRound"
"funding-round/337b72276d292330de8700ba3119fc62","Karmasphere raises 3499999 in venture round","FundingRound"
"funding-round/61b4234188e43c16c3332fd583fa1ad3","Xplenty raises 0 in seed round","FundingRound"
"funding-round/d1cafc5b3cda9d13bcb6b74341efa6df","LightArrow raises 499999 in unknown round","FundingRound"
"funding-round/233a508d828b4bdba69ecd5829a3ab1f","MapR Technologies Funding Round","FundingRound"
"funding-round/dd518d459558f180b9779af7db3dbce4","Infochimps raises 350000 in angel round","FundingRound"
"funding-round/f0c822daf994ea2d8240f5e2f010128a","Databricks Funding Round","FundingRound"
"funding-round/b7c951da60aa671dddf38287c7b18c8c","Aerospike raises 0 in venture round","FundingRound"
"funding-round/cd2602aff86c90a166340a91c2dae319","Meteo-Logic raises 0 in venture round","FundingRound"
"funding-round/32b6f79b753af9201aa5bd2330c3e35d","Roambi raises 30000000 in venture round","FundingRound"
"funding-round/297cef8c7e46a9e287aaca2932334123","Datameer raises 9250000 in venture round","FundingRound"
"funding-round/05d7bcc978cd2cc8589d6534bb13ef7b","MarkLogic raises 2337880 in unknown round","FundingRound"
"funding-round/6066734398b535b43ab437b6a66396f9","piALGO Technologies raises 35000 in seed round","FundingRound"
"funding-round/3a31ceede169c8b8cded9c9d8125cc16","Identified raises 1500000 in venture round","FundingRound"
"funding-round/b6ac746666a460772de6419f2d14f0c6","FlyData Funding Round","FundingRound"
"funding-round/829b96753bce35de25862a7b434be600","Sociocast raises 1625000 in venture round","FundingRound"
"funding-round/234fecee85984a1d82d6c681997c0478","Xockets Funding Round","FundingRound"
"funding-round/94c3ca3765cb75f694d5f811a1a7986f","Treasure Data raises 1500000 in angel round","FundingRound"
"funding-round/4e1307df363b67e048ffa6c6f3ed75c8","Veristorm raises 0 in seed round","FundingRound"
"funding-round/e2d11ddc82441c525e470425ad9ab419","Sidecar raises 1004203 in venture round","FundingRound"
"funding-round/bd5cc35ffd7669d19f87221e4b487892","Pontis raises 19650000 in venture round","FundingRound"
"funding-round/63841ea925b476ca22642bdc655f7e46","Cirro raises 8000000 in venture round","FundingRound"
"funding-round/96c237225701bc026a4b937395ccd499","Terracotta raises 13500000 in venture round","FundingRound"
"funding-round/f89a42dbfe79cd95707c5c8d6e1e0f6a","Mohound raises 0 in seed round","FundingRound"
"funding-round/4b3caf22845802b26e9c0d01b89f5a09","OpTier raises 7000000 in unknown round","FundingRound"
"funding-round/07b7ef2153ee84a1e2c938a2c29da3d9","Guavus raises 15000000 in venture round","FundingRound"
"funding-round/3cd8aef4523fd60916d66a40ecbd1629","Pentaho raises 13000000 in venture round","FundingRound"
"funding-round/9312013d36c148c8e77efbf2f79df7c7","Sidecar Funding Round","FundingRound"
"funding-round/6f2cff59d89b827d5e8a8cba8bfd9d73","PolySpot raises 3400000 in seed round","FundingRound"
"funding-round/19bb27d1dcd5c605530637b083b3149a","Germin8 raises 3000000 in venture round","FundingRound"
"funding-round/fcdc399d23123afb6af2e3c9daff0bef","HitFox Group raises 0 in seed round","FundingRound"
"funding-round/d18a254c28fbf77ad2ae3a8d6ba2132d","Sidecar Funding Round","FundingRound"
"funding-round/eee4a17667d68394180c4d757e4bb60b","Cognitum Funding Round","FundingRound"
"funding-round/f71d0c081a3414864bd74efe93dd9204","Stratio Funding Round","FundingRound"
"funding-round/de9ddd5564f50d0665a36079b529f234","Datameer raises 19000000 in venture round","FundingRound"
"funding-round/7b591b40d1fd58d39a006b7db0f17ba7","Zettics raises 7000000 in venture round","FundingRound"
"funding-round/a115eaf20c166535b6b3f394912dd8a5","OpTier raises 47500000 in venture round","FundingRound"
"funding-round/2379e1c153700dd79ac4c4c786d9eb5a","Mu Sigma raises 25000000 in venture round","FundingRound"
"funding-round/04ac00164e50e4aadfa68418d7ef01a9","BI-SAM Technologies raises 6570000 in venture round","FundingRound"
"funding-round/47d53c9d32f02895186e93e653166dfb","Transilio, Inc. dba SmartStory Technologies Funding Round","FundingRound"
"funding-round/5abb4d1afe518ab7ff453d362f647580","Antuit raises 3859800 in unknown round","FundingRound"
"funding-round/7fb55ec297349e5b8c7b711ca7442790","GNS Healthcare raises 450000 in debt_financing round","FundingRound"
"funding-round/085486b4d8970907b86fb270ffde444d","RainStor raises 984827 in convertible_note round","FundingRound"
"funding-round/9545401ec6a1eadf902690c62d8cbc9b","TerraEchos raises 0 in seed round","FundingRound"
"funding-round/bdaa94b7bf412a489302ad6d32fb9e09","Sociocast raises 1000000 in unknown round","FundingRound"
"funding-round/2a5571947e195cb60a6734d2d135b252","Continuum Analytics raises 2250000 in private_equity round","FundingRound"
"funding-round/e6a0b2c6f27cc79414baf77267965221","Xintu Shuju Funding Round","FundingRound"
"funding-round/61cc31cc5825837291c259a782e4b54d","CardioLogs Funding Round","FundingRound"
"funding-round/322d9ef843568a4ef3e6fb3a042bece1","MarkLogic raises 25725481 in venture round","FundingRound"
"funding-round/2661b61b04469cf831297af9989c69b9","We Cluster raises 73300 in seed round","FundingRound"
"funding-round/9dbc5e7eed504c8d262b5db6cafc59df","Trufa Funding Round","FundingRound"
"funding-round/1c0af5f37279d6e189f8df01f8ee8255","Nexgence Funding Round","FundingRound"
"funding-round/104dac697d7f4455f8f9a960e0ee74dd","Red Lambda raises 10000000 in unknown round","FundingRound"
"funding-round/4b2b6af4b556f4d8d51e107ce7bb3885","Opera Solutions raises 84000000 in private_equity round","FundingRound"
"funding-round/728c719ee47352ead9bf39466f7956c6","N42 Funding Round","FundingRound"
"funding-round/c4c7dfba9ab339ba141f9180687e006e","Springbot raises 3000000 in venture round","FundingRound"
"funding-round/a325a849b6a01fd7fe7929eed9d00b84","BloomReach raises 5000000 in venture round","FundingRound"
"funding-round/86806554252b8739bb56162b62e74b1f","ERN raises 1000000 in seed round","FundingRound"
"funding-round/55ff152f556be00b22580cc35114bfcc","Your.MD Funding Round","FundingRound"
"funding-round/aca50c6e4c16fcb2ac8d73d7d35f9815","ParStream raises 5600000 in venture round","FundingRound"
"funding-round/6e9a1ce5ba8e301d0a9eeadb4d898acb","Transera Communications raises 10000000 in venture round","FundingRound"
"funding-round/4ffb29f5a3e8f53df2b33301582b3ec6","Typesafe raises 3000000 in venture round","FundingRound"
"funding-round/c22c5313db9f34e6d0876f29db6fe05f","Synerscope raises 0 in venture round","FundingRound"
"funding-round/a1cf6cfa0e3979a0098bbae2446343ce","MapR Technologies raises 9000000 in venture round","FundingRound"
"funding-round/f4a06fcbf68403f6160a76a87e74749f","Fortscale raises 0 in seed round","FundingRound"
"funding-round/0507bc11b6d78aaad9dc9bae1836e3be","Bityota raises 0 in seed round","FundingRound"
"funding-round/d3d8c16236483a1e2b42db6a6bf21700","Zettics Funding Round","FundingRound"
"funding-round/d5c6829ba641440ea5872531a550dd41","Graphdive raises 1000000 in convertible_note round","FundingRound"
"funding-round/0dfe0ff7a3131842bf275c7b24526315","Big Data Partnership Funding Round","FundingRound"
"funding-round/fd99f3aaca56d3695e6a2cf571b27ec3","Mortar Data raises 450000 in debt_financing round","FundingRound"
"funding-round/a05d20417c693cb82b5c542d078b2b14","SalesPredict Funding Round","FundingRound"
"funding-round/4ddce6a25bb18dbfc9f1cb5fa22dbdc8","Digital H2O raises 1275000 in debt_financing round","FundingRound"
"funding-round/e73cba37695f4ad7eb8af14807b133aa","Transera Communications raises 17000000 in venture round","FundingRound"
"funding-round/82fc447acba0e140eca4a967cbf12f83","ERN raises 2000000 in seed round","FundingRound"
"funding-round/7016ff93af9eaee11e71fe55dc40ff3f","Roambi raises 4349999 in unknown round","FundingRound"
"funding-round/10b3027d6350a6486c8d7a1f6e83c998","Infochimps raises 300000 in debt_financing round","FundingRound"
"funding-round/7e85fd8b9a86cbc6732b4c1c6f2aadc9","Kreditech raises 4000000 in venture round","FundingRound"
"funding-round/91f52f3573dabd12bac205dac04b68ee","OneSpin Solutions raises 0 in unknown round","FundingRound"
"funding-round/913f7e6e8dddeb93c9fa76cb0a057697","LearnSprout Funding Round","FundingRound"
"funding-round/0f81e465fcbab3e97dc28012865fb4b4","Transera Communications raises 10000000 in venture round","FundingRound"
"funding-round/35aaa32afad90fd6b5291bbb2a71e7ce","Bityota raises 10000000 in private_equity round","FundingRound"
"funding-round/4a85965cb6f279890025f516a88dd3e8","Sumo Logic Funding Round","FundingRound"
"funding-round/96ece850b3e0c625b39bf94b185c3b71","Infogami raises 0 in seed round","FundingRound"
"funding-round/89b5ab290909e3cce6088c266c38793f","Joyent raises 85000000 in venture round","FundingRound"
"funding-round/7927370f698c8291d6a412d6529c2708","RainStor raises 12000000 in venture round","FundingRound"
"funding-round/b2ef6e8e09035224d057e1747a9359ab","Twelvefold Media raises 9600000 in venture round","FundingRound"
"funding-round/d295b9942752d4126b474f0dd8f5e497","Walkmore Funding Round","FundingRound"
"funding-round/5188b44b94000366d57e55029b526789","Posiba Funding Round","FundingRound"
"funding-round/176ab08372717cb72c982d770fb18067","Karmasphere raises 5000000 in venture round","FundingRound"
"funding-round/32ea83d99fe1c480c50325eece562607","Aster Data Systems raises 30000000 in venture round","FundingRound"
"funding-round/b31dbccec4de4735daa866c9c70a4ac1","Mesosphere raises 0 in seed round","FundingRound"
"funding-round/f28dacc269ab90da330063f76f998cfe","Alpine Data Labs raises 7500000 in venture round","FundingRound"
"funding-round/505b9ad0fc810da8e4f7166ebd906e57","Kognitio raises 0 in unknown round","FundingRound"
"funding-round/612ae74e04c0caf04f2e62898a4191e0","MapR Technologies raises 20000000 in venture round","FundingRound"
"funding-round/fc7069c93639b047c4fcb8b017def293","Zettaset raises 10000000 in venture round","FundingRound"
"funding-round/3d6d702cfd1c9d8f1269a7200973a263","Mortar Data raises 0 in seed round","FundingRound"
"funding-round/3370691d5ec7f42545cb7fc3d60c3a13","Cignifi raises 150000 in debt_financing round","FundingRound"
"funding-round/ff68be49b838767abad2dc4fa94c4a58","MemSQL raises 35000000 in venture round","FundingRound"
"funding-round/9184756c428ba57bcebfd5bb62cfca3e","Datorama Funding Round","FundingRound"
"funding-round/b506e512de0ebfcfe9e5ca42384c1171","Adku raises 0 in seed round","FundingRound"
"funding-round/4ae2f871f3368ec586df18dbed6fb585","wavecatch raises 220000 in seed round","FundingRound"
"funding-round/12dc47b69665299d1a2b18a910f21f5c","Sumo Logic raises 30000000 in venture round","FundingRound"
"funding-round/ba26c96b8ef029c33021d4609e0272bf","SourceThought Funding Round","FundingRound"
"funding-round/26ec9f5852a6e5905489c39d3ae27980","ParAccel raises 10000000 in venture round","FundingRound"
"funding-round/8fa1a1b455f61817f69d24a6c8ce84bb","Crayon Data raises 0 in angel round","FundingRound"
"funding-round/9feb09c22d5e54ad5fc7644e6fd6bf63","Boxever Funding Round","FundingRound"
"funding-round/fc55b80e74c0abe9eb4432bdb8f2f00a","Bright Computing Funding Round","FundingRound"
"funding-round/e219ddfc055b67cb69d2cd3fdaf8fa5e","Perceivant Funding Round","FundingRound"
"funding-round/238eb7e96383b4a7ada5574fac3d821e","Cirro Funding Round","FundingRound"
"funding-round/b05efbbc0303119fb04e9e4beab81bdc","Pentaho raises 5000000 in unknown round","FundingRound"
"funding-round/4c6bd4ecb264df05eda0b5382e91e2f3","GridGain Systems raises 2500000 in venture round","FundingRound"
"funding-round/ae5ef207846c63a352ddda59a386d17c","nPulse Technologies raises 1000000 in venture round","FundingRound"
"funding-round/271b6d73e04a36344903814849836eac","EvoApp raises 500000 in angel round","FundingRound"
"funding-round/3070e83201adf4fdefef5343e4790730","eFinancial Communications raises 0 in seed round","FundingRound"
"funding-round/1b731e064b2ac3456bd0bf8e39af65a7","EverySignal raises 0 in seed round","FundingRound"
"funding-round/90af4307498b89217ec5e750ba369e88","ESCAPESwithYOU raises 0 in seed round","FundingRound"
"funding-round/e6a4248cb1629482c281d60c6c7088ab","Zettics raises 8000000 in unknown round","FundingRound"
"funding-round/b532e9f95ab95b7c01bd589ab03e6d5a","Exabeam Funding Round","FundingRound"
"funding-round/23b603f49eb4f17c569fcc211b8f239a","Wecash Funding Round","FundingRound"
"funding-round/da83a6be4ca556156258f6536bece281","Context Relevant Funding Round","FundingRound"
"funding-round/c673a343252927c16bb747d7b831fe1f","InsightsOne raises 4300000 in venture round","FundingRound"
"funding-round/19cead0b2ea8bd9ba0aa6d21d1172ced","Dattch raises 160000 in seed round","FundingRound"
"funding-round/ee9142c9011418d0107a30a971933a71","Germin8 raises 0 in angel round","FundingRound"
"funding-round/8f9266ddd74b75d03e08ea0644a6e800","DxContinuum raises 275000 in debt_financing round","FundingRound"
"funding-round/d0a50c9928ba4b9fcb94120c6bc22bd8","ZestFinance raises 0 in venture round","FundingRound"
"funding-round/eda3842253ca58b4f7f2f54ca1635886","Context Relevant raises 1300000 in seed round","FundingRound"
"funding-round/d6f3d2497ea729c516cc6dfc15794b22","Platfora raises 7200000 in venture round","FundingRound"
"funding-round/aab5510a1a6aee5afff10a295b2b69fa","WibiData raises 5000000 in venture round","FundingRound"
"funding-round/2bf048890f896c93b4de735da1660a82","Leap Commerce raises 1841902 in debt_financing round","FundingRound"
"funding-round/43a8cd2c953d84cd5e9b75346be3cb09","Content Savvy Funding Round","FundingRound"
"funding-round/aefe2684c0e64306c7c85a7aecd981ff","Kreditech raises 3000000 in venture round","FundingRound"
"funding-round/24a805e3feebd131c16e8b3d6b976721","WANdisco raises 26000000 in post_ipo_equity round","FundingRound"
"funding-round/8094aabbd2d52f882860b34fd0baa24c","Wecash Funding Round","FundingRound"
"funding-round/7d69fce2b6972c312823d86b42f45f85","Filmijob Funding Round","FundingRound"
"funding-round/42e488a1853e21329f78829a55a6a078","Infochimps raises 2200000 in venture round","FundingRound"
"funding-round/2a0046925ab768788fd74db0db8b6ff8","Red Lambda raises 3508650 in unknown round","FundingRound"
"funding-round/4139dc6ef31ac52b3ef4e775b262afa5","Sidecar raises 0 in venture round","FundingRound"
"funding-round/16f4f3ed169a3f8e8c8b5a136752df22","Content Savvy raises 992250 in seed round","FundingRound"
"funding-round/53f519cab6c8ef3bb686c311ca568daf","Zettaset raises 3000000 in venture round","FundingRound"
"funding-round/9ecef3cbaf5d0bd818090e1664e53903","Exacaster raises 380000 in grant round","FundingRound"
"funding-round/520bcd1ff77cee109168906aef7f35b4","OKKAM raises 0 in grant round","FundingRound"
"funding-round/f08e025345a3cf7178449bb395d2c5b5","NextCode Health raises 15000000 in venture round","FundingRound"
"funding-round/49a8009016cd4a657b6ce468077c7d61","FlyData raises 0 in unknown round","FundingRound"
"funding-round/90bb9d96ce1de367d4f85256378de9b8","Roambi raises 4000000 in angel round","FundingRound"
"funding-round/905f74563e9563399574072f05e006f4","Osprey Data Funding Round","FundingRound"
"funding-round/469aab23dc795a2ac46c14f8934353a4","Twelvefold Media raises 8800000 in venture round","FundingRound"
"funding-round/2759ce3864bb156aa372f448df566e9f","Base CRM raises 15000000 in venture round","FundingRound"
"funding-round/575203325247a4b476f12424ced64618","Bityota raises 0 in venture round","FundingRound"
"funding-round/d812e8f10405df4b80c0b7579243f386","Geostellar raises 1500000 in venture round","FundingRound"
"funding-round/92dba845098972de9a7220ce7a40b47b","Kitenga raises 200000 in grant round","FundingRound"
"funding-round/b76116a4ce3222ef55091975acc2e1ca","KXEN raises 8000000 in venture round","FundingRound"
"funding-round/c42645e1983cd8517d81f12754866660","Context Relevant raises 7000000 in venture round","FundingRound"
"funding-round/fce71f9af9fd4fff83eafea472c137e4","Servio raises 5100000 in venture round","FundingRound"
"funding-round/fdb4d7a0e14514db8a11f40745aad613","Sociocast raises 1750000 in venture round","FundingRound"
"funding-round/2522db5c4facc218b1449f234a8923aa","MapR Technologies raises 34999994 in venture round","FundingRound"
"funding-round/cd3b4d6137f876fe417e5f2d9ff2f4ab","Fusion-io raises 47500000 in venture round","FundingRound"
"funding-round/7fa3ab1ca8bceae9067590ae45b49c3c","FiscalNote Funding Round","FundingRound"
"funding-round/543a2becd42be3b2c697855872db4419","Twelvefold Media raises 2500000 in venture round","FundingRound"
"funding-round/29b61c6005830bfaca5509d66f1210bd","ALTILIA raises 0 in venture round","FundingRound"
"funding-round/3ee638ed03b304b49cdae75f36878789","GNS Healthcare raises 5000000 in unknown round","FundingRound"
"funding-round/76716aa89292db16848a4bc1b2dfd9e8","BellaDati raises 0 in venture round","FundingRound"
"funding-round/0a519817cb3537ad8668c35b0cca64e2","GraphSQL raises 2546269 in seed round","FundingRound"
"funding-round/360ab9dd9ca360775f097acee5595266","Pecabu Funding Round","FundingRound"
"funding-round/463de5ee1fc9c25cf45e88d2754b203a","Opera Solutions Funding Round","FundingRound"
"funding-round/86ebc8fdb85504101bbe66e9c96e498e","ParAccel raises 20000000 in unknown round","FundingRound"
"funding-round/c0f4d40566e037dd9e2c79a7db7eec1f","LightArrow Funding Round","FundingRound"
"funding-round/78b8215cbf63941778cd182cbc061c4c","Kreditech Funding Round","FundingRound"
"funding-round/a3869553b37118936069f092ca2eeb01","Adku raises 0 in seed round","FundingRound"
"funding-round/32cca713520f80e0b30e5f7a6e2eda40","Fanplayr raises 2000000 in seed round","FundingRound"
"funding-round/c41b8569bd64268a5f737facaee8259c","BloomReach raises 11000000 in venture round","FundingRound"
"funding-round/63967a1ae71250efbfcf8b463e0c0453","Malhar raises 750000 in seed round","FundingRound"
"funding-round/d19aa4feba98ba5ff7f5b2318b946171","Jut Inc raises 20000000 in venture round","FundingRound"
"funding-round/4f84c0a74612084c77e85864db1ed65c","Granify raises 0 in unknown round","FundingRound"
"funding-round/2e7b89eb791df9bd2dc198e9548decf3","GetBulb raises 63055 in debt_financing round","FundingRound"
"funding-round/82f7258aa0834bf12f798caae08575e0","SpazioDati raises 0 in seed round","FundingRound"
"funding-round/01f5724571b5ac735f41c29b5ac09e5a","Fanplayr raises 500000 in angel round","FundingRound"
"funding-round/d50ef9cd45f9e88e3206314d2348a31b","Sense Platform raises 600000 in debt_financing round","FundingRound"
"funding-round/ca800fce05aca8334265273062caf05e","Boxever raises 6000000 in venture round","FundingRound"
"funding-round/42a68970ea86043b4213fe64f0c79a68","Fortscale Funding Round","FundingRound"
"funding-round/c1c4816d3daaefa93e44b19b14cb24bf","SpazioDati raises 0 in venture round","FundingRound"
"funding-round/2464a21995594f371d8a274ffe212b10","SpeSo Health raises 0 in seed round","FundingRound"
"funding-round/b60880b25621a833193fb14452d6f586","Splice Machine raises 4000000 in venture round","FundingRound"
"funding-round/6880004171bae903311e820fb1925588","Filmijob Funding Round","FundingRound"
"funding-round/23ddec8be1caf8ec302999119b4568da","Roambi raises 10000000 in unknown round","FundingRound"
"funding-round/31156621f256faeb3bebf92cea0def60","Synerscope raises 0 in angel round","FundingRound"
"funding-round/e79178ae1bfd474b5f69bb98ebe2e2d7","dynaTrace software raises 12900000 in venture round","FundingRound"
"funding-round/552f5ad2b20e531b495237aed17d314a","GNS Healthcare raises 9939920 in venture round","FundingRound"
"funding-round/35dc2becfced9a13f5058e32aa927e29","ColdLight Solutions raises 1000000 in angel round","FundingRound"
"funding-round/1950a00cf982118b28d01a3a41135546","Radico raises 1824993 in venture round","FundingRound"
"funding-round/f5d14cd58ecbd9f9a0bb412fe87a05f8","LIFT12 raises 0 in seed round","FundingRound"
"funding-round/199811828b83446064ff70d28815e1ac","Airstone Labs raises 2511000 in private_equity round","FundingRound"
"funding-round/cffdbb8a0f119b0d6e478d0b7aa07c42","Chalet Tech raises 1500000 in seed round","FundingRound"
"funding-round/ac3c7a8af4934cb9d346868377298f1a","Malhar raises 7999995 in private_equity round","FundingRound"
"funding-round/b39bb5861bb8d00fc982a8d606a00d20","WANdisco Funding Round","FundingRound"
"funding-round/e7cc625187abd3b852d0fdd27dcfb28e","Relevvant raises 0 in seed round","FundingRound"
"funding-round/d9f5a1fce6f184e9692028251b547cc3","Food Genius raises 1200000 in venture round","FundingRound"
"funding-round/fe79920ff8da2d77323548f2049e547c","GreenCloud raises 0 in seed round","FundingRound"
"funding-round/71f4bf5dc841b6708fe809baf4283e8f","ParAccel raises 10491709 in unknown round","FundingRound"
"funding-round/4de2f90cff88750a7d9e72262fdae2a4","WANdisco raises 28789777 in private_equity round","FundingRound"
"funding-round/09cd3ed425594e6895d09ee2df06e988","Mastodon C raises 0 in seed round","FundingRound"
"funding-round/b5fa5540bf86c3b65fe963edf6e3a15b","Green and Red Technologies (G&R) Funding Round","FundingRound"
"funding-round/710a104cfaf352d4e0771a58f9f2902b","Cognitive Electronics raises 3400000 in unknown round","FundingRound"
"funding-round/a1a007325084d64a5ce55f3d73e3184c","Jobs The Word raises 795507 in seed round","FundingRound"
"funding-round/7bfd2b311f98cdbc99d93ddf09bdc704","SourceThought Funding Round","FundingRound"
"funding-round/92c48f2b99cb53dd58f21493d472b85b","ParAccel raises 0 in unknown round","FundingRound"
"funding-round/348274911e95f68c9b96d7db3b93307e","Agralogics Funding Round","FundingRound"
"funding-round/1cbd5357d1b96481ce64dfdfac97d577","EvoApp raises 1500000 in venture round","FundingRound"
"funding-round/437c056d5a78dab4adef85cb6fa0ab0c","Kaybus raises 6500000 in venture round","FundingRound"
"funding-round/33cd4d4fa967d1fec848e082260e23a9","ZestFinance raises 20000000 in venture round","FundingRound"
"funding-round/de0a5fef8f171adbb770de2e725bda70","Atigeo raises 5387632 in venture round","FundingRound"
"funding-round/a64ddfeb200202012001589f6b202a13","Guavas raises 15000000 in venture round","FundingRound"
"funding-round/b4ca66826e0a4e4a63dd029dd2044857","VelociData raises 10000000 in unknown round","FundingRound"
"funding-round/0696c924acdcf82ebba5f9e804bf633b","Pymetrics raises 2500000 in seed round","FundingRound"
"funding-round/7bb6679b31b00a92fdebd599e139a10f","Filmijob Funding Round","FundingRound"
"funding-round/90ae268c87163f4b23b40698fea1b0f3","Red Lambda raises 1500000 in debt_financing round","FundingRound"
"funding-round/1178f028e1ca6acad549d29c4d0280fa","Predikt Funding Round","FundingRound"
"funding-round/d191317c7964f4f09e0b2e7a7c8f25e4","Sinequa raises 5330000 in venture round","FundingRound"
"funding-round/4cbe573c7e59f129853157e13e85cc27","Deep Information Sciences, Inc. raises 0 in venture round","FundingRound"
"funding-round/ee4d2050e524174adb6613890e37180f","Nodeable raises 2000000 in venture round","FundingRound"
"funding-round/4fb450bc79330627ce98dd6ea136c464","SeeControl raises 4500000 in venture round","FundingRound"
"funding-round/6188ee2113a9c447f810bbff86d552f7","Joyent raises 0 in seed round","FundingRound"
"funding-round/731b3493037be8dcf7fd45ac385b5dad","Aureus Analytics Funding Round","FundingRound"
"funding-round/5acfe7a8d060e9c4dd21eebb45cd7d76","Pentaho raises 24000000 in venture round","FundingRound"
"funding-round/b03fe15a78c95fff1d5b6c71d72366b7","RainStor raises 4000000 in unknown round","FundingRound"
"funding-round/eb2f28606913a1c3d48469de12401e55","Base CRM raises 1100000 in seed round","FundingRound"
"funding-round/81a71dda369bf73740220500bf1d1349","ChannelMeter raises 0 in seed round","FundingRound"
"funding-round/966cdcd552343332b276582ced0e4114","OneSpin Solutions raises 18000000 in venture round","FundingRound"
"funding-round/d90686dcf0da4b66bc05a87cf08e1412","Flutura Solutions raises 0 in seed round","FundingRound"
"funding-round/d711a65e0606dca3e8a058aac857909c","Tykli Funding Round","FundingRound"
"funding-round/ade89e5c3e55d6f2ec0ddcd20ee085eb","ZestFinance raises 0 in venture round","FundingRound"
"funding-round/611c948e75d7f2693745348d8ece6a6f","GNS Healthcare raises 10000000 in venture round","FundingRound"
"funding-round/a5e4ed7d4610913db4a529393a54b3a3","Mesosphere Funding Round","FundingRound"
"funding-round/e9e15e37ce0c327fdbe9a30834dc5d49","Context Relevant Funding Round","FundingRound"
"funding-round/bdef8565cef57240ba83ca2572215921","OpTier raises 0 in debt_financing round","FundingRound"
"funding-round/1afc18b9529193f69bb0651f7478c92f","Ginger.io raises 6500000 in venture round","FundingRound"
"funding-round/cdd4dcba5cf14be03f85ec79ca7f2cfd","Feedzai raises 2400000 in venture round","FundingRound"
"funding-round/13dc5b7c6776b822f334dfb0f37de75e","Aster Data Systems raises 5000000 in venture round","FundingRound"
"funding-round/543aa1c4083e498e1e6d62c87b0c31cf","Lucid Holdings raises 75000 in debt_financing round","FundingRound"
"funding-round/7cc580741dba3fdbb167765bb89afd8b","Karmasphere raises 6000000 in venture round","FundingRound"
"funding-round/7b902b629dbef024f10e96233367635a","Pentaho raises 23000000 in venture round","FundingRound"
"funding-round/b942421957924e22d5b2d56871034051","Kapow Software raises 1500000 in debt_financing round","FundingRound"
"funding-round/e5dc6fd1d1068c1c9f4d5b6e75b20bdf","Marinexplore raises 0 in seed round","FundingRound"
"funding-round/c0bb9fda066c478bcc70091ee201b250","Opticorps Funding Round","FundingRound"
"funding-round/c359b92a98ca37a6b909961ed9b0d4fc","WegoWise raises 3000000 in venture round","FundingRound"
"funding-round/0b4d4bc09fbaebdfee08926026b963fb","Splice Machine raises 0 in venture round","FundingRound"
"funding-round/1e7d116ef53812359ad94eecf45d4050","Lumiata raises 4000000 in venture round","FundingRound"
"funding-round/0d269fe41ec0f1ea46852fb2bf8586b6","Lucky Sort raises 500000 in seed round","FundingRound"
"funding-round/a699009e37c810f935c53222b4709a0b","FiscalNote raises 6500 in grant round","FundingRound"
"funding-round/110d0007f4348825dc56d13815af2ce0","MarkLogic raises 6000000 in venture round","FundingRound"
"funding-round/9d4aebfcc834a44a0b9cde5f94ee1bda","GridCure Funding Round","FundingRound"
"funding-round/6b586a754943fbccefbe86a725274695","CricHQ Funding Round","FundingRound"
"funding-round/6b8496409445cd0343c3af80cc0afd9c","Identified Funding Round","FundingRound"
"funding-round/bf96f1794f5717323ea3c464f63d729c","Filmijob Funding Round","FundingRound"
"funding-round/3657e88bceefd9cfed4e51503fb44eb4","Taptica raises 600000 in angel round","FundingRound"
"funding-round/6c0b4688a8f1a45f33e138a19b4cfe82","Qurater raises 0 in seed round","FundingRound"
"funding-round/80c9624970c5e5998477a9f78e22981e","Pecabu raises 325000 in venture round","FundingRound"
"funding-round/a0ef590b96aaf3e0fbaec411ff05ff12","Splice Machine Funding Round","FundingRound"
"funding-round/74157f5566107fa7d623b80408a71ba8","Pontis raises 15000000 in venture round","FundingRound"
"funding-round/5d1b00067b686d31510d52c4b261415a","Treparel.com Funding Round","FundingRound"
"funding-round/90f2054ad31a82ca3812a675e0a4fac6","NuMedii raises 3500000 in venture round","FundingRound"
"funding-round/c5b97c16e52e2626dcd18c9472a55808","CardioLogs Funding Round","FundingRound"
"funding-round/2876f6b53e7b568b8e9ed377dcdcfdf1","GPNX raises 40000 in seed round","FundingRound"
"funding-round/19761ae9586e3711d1aa209fe836d0d1","BlueData Software raises 4000000 in seed round","FundingRound"
"funding-round/91f502151a45419ca09d3353b67de48b","Aerospike Funding Round","FundingRound"
"funding-round/f78d4a350517ad83b626726c0f04644c","OKKAM raises 0 in grant round","FundingRound"
"funding-round/e2b74657ac9b1d5d2af2ff3c23d2d653","MemSQL raises 5000000 in seed round","FundingRound"
"funding-round/396a0eecaeb336238e47cbaaeb9cef42","Studio 9+ raises 2000000 in angel round","FundingRound"
"funding-round/a645302a0a4e402169f7db1986ee004b","Savage IO raises 100000 in venture round","FundingRound"
"funding-round/c6f25606811b19400914a930759ee063","Platfora raises 20000000 in venture round","FundingRound"
"funding-round/d9c348a991dd93a1fe0aff5aa164eb05","SchoolStatus Funding Round","FundingRound"
"funding-round/10fdb50b4e1da6cd63a25fe907abae29","Aerospike Funding Round","FundingRound"
"funding-round/d45e09a5b1a2856d0a9e7dbbd091aa44","Joyent raises 5000000 in debt_financing round","FundingRound"
"funding-round/20ef65b87ae7b0489b060b9e0675c670","Joyent raises 0 in venture round","FundingRound"
"funding-round/82594c9db2ce32268b4766c135b1f4ef","Bina Technologies raises 1204545 in convertible_note round","FundingRound"
"funding-round/9cc6ca80debe86795c7b2c6b40282009","Sense Platform Funding Round","FundingRound"
"funding-round/289fe5ca679716464926458f65103dbb","MoneyLion Funding Round","FundingRound"
"funding-round/d446727170f49f588fa4d794ef3a21de","Datameer raises 2500000 in venture round","FundingRound"
"funding-round/8b77e5842ea1ddff6a60b4ca5e965a28","Ginger.io raises 0 in seed round","FundingRound"
"funding-round/c21d0976b6161ee24902e30ef87b1448","uFaber raises 60532 in seed round","FundingRound"
"funding-round/9f5182fed189893b3ac8c7e4e9620f3c","Federated Sample raises 2800000 in venture round","FundingRound"
"funding-round/d5261b88c71297c59a93ff70438a7fbf","Zendrive raises 1500000 in seed round","FundingRound"
"funding-round/b46d4bb75ffea42d815437f8d093d7fd","cortical.io Funding Round","FundingRound"
"funding-round/c17890f2f331907aba556b3cdebf170c","Twelvefold Media raises 7800000 in venture round","FundingRound"
"funding-round/cbc1eb1e19e9613f662cc73c19638ba6","JustOne Database Inc. raises 0 in seed round","FundingRound"
"funding-round/55df3f93ceb2b1d6218d0a9945174274","Infochimps raises 305000 in debt_financing round","FundingRound"
"funding-round/9f95ada42f954b0e6633dc545fe6b956","Sparql City raises 10000000 in unknown round","FundingRound"
"funding-round/687b91e78ebd12e3f17840a033b4e431","Alpine Data Labs raises 16000000 in venture round","FundingRound"
"funding-round/3e049cff9e4c754cb17806332b5d0f75","eCommera raises 41000000 in venture round","FundingRound"
"funding-round/c5ed8133a591d8c6fe53d87c8cc77401","Joyent raises 3999998 in venture round","FundingRound"
"funding-round/cda5cf9b1055f4d54cbea6132d4c4c33","Zoomdata raises 1100000 in seed round","FundingRound"
"funding-round/a19a1186260ea81a814a38b162a59a08","Corduro raises 0 in unknown round","FundingRound"
"funding-round/9469e903def5e7e9136c3d1e30cceaa5","Beekeeper Data Funding Round","FundingRound"
"funding-round/5f363fcb0a459dc802ded6a155ea9fa5","SourceThought Funding Round","FundingRound"
"funding-round/d348ab114c8790400924e3d6038b850b","Xplenty Funding Round","FundingRound"
"funding-round/c368928a64a770c67cd4e00c52bb1475","dynaTrace software raises 4000000 in unknown round","FundingRound"
"funding-round/7394d99b349f5bf66f0b9ba15b9b6d53","Kreditech raises 5000000 in debt_financing round","FundingRound"
"funding-round/2e9bb628a755bb41726b579b65c5ba98","Kaybus Funding Round","FundingRound"
"funding-round/0f851ac58b78377a1ed438669224bb7e","MemSQL Funding Round","FundingRound"
"funding-round/6bb36eb552ab362a3d809132a2473997","Bina Technologies raises 1100000 in venture round","FundingRound"
"funding-round/baba745086e311ea4768dd8a1940a446","NLP Logix Funding Round","FundingRound"
"funding-round/c7c30780655d2224033974dd2cfa549e","JustOne Database Inc. raises 150000 in angel round","FundingRound"
"funding-round/2793ec19f8a63849b769287f973a5eb5","Databricks raises 14000000 in unknown round","FundingRound"
"funding-round/19deab0a8abd49b76b4c02f81ac18b94","8digits raises 0 in seed round","FundingRound"
"funding-round/bb9ccda02baae092f73093dcab15e0bf","Bina Technologies raises 6250000 in venture round","FundingRound"
"funding-round/4b1a4bb3be741390c197dffe0cffa055","Mintigo raises 9000000 in venture round","FundingRound"
"funding-round/57f2dced3dcb2e9221fd52570d62dce4","Bina Technologies raises 1750000 in venture round","FundingRound"
"funding-round/c550bd756a0990f4a2b8d0b96fdabe9b","Infochimps raises 595000 in debt_financing round","FundingRound"
"funding-round/d70c0aab1afa91c32687aae84c9f9c5d","RainStor raises 1799998 in venture round","FundingRound"
"funding-round/4c3a060f1cd9bdf29803bf52420e2bc2","Massive Analytic Funding Round","FundingRound"
"funding-round/c7da017fdb2193661da60a787f654ef3","Cirro raises 1000000 in unknown round","FundingRound"
"funding-round/0d670f74d6dc5ba955b3dd58a318d526","LearnSprout raises 0 in seed round","FundingRound"
"funding-round/18e80bdd1915e4d9d8c745e03bc40e6b","Servio raises 4256180 in venture round","FundingRound"
"funding-round/ea191f1c3dc3e24ee1e444e30e5f92f3","Content Savvy Funding Round","FundingRound"
"funding-round/1a7fceaa1b0b62fd5c7d2031e9469f36","Databox raises 118000 in seed round","FundingRound"
"funding-round/560712e59cfe033634159df06d0effa0","ParAccel raises 22000000 in venture round","FundingRound"
"funding-round/807007b08bd7c951d056e811aa763a99","InSilico Medicine raises 0 in seed round","FundingRound"
"funding-round/0b9e76024c85e56ccfb7794b5c6660a6","GraphLab raises 6750000 in venture round","FundingRound"
"funding-round/7f47ef24081e1ce554218ec938b0eebd","Bayes Impact Funding Round","FundingRound"
"funding-round/eaaa0efbb58a4be59a3337ae7a1d9129","Zauber raises 1000000 in unknown round","FundingRound"
"funding-round/780d5616188f793359d3d85b521d1a15","Twelvefold Media raises 1500000 in unknown round","FundingRound"
"funding-round/aa2732278137ef2c6a275dad1e28a89c","Qurater raises 50000 in seed round","FundingRound"
"funding-round/de4a4f701dcf499b58af83d532d89b18","ERN raises 1600000 in seed round","FundingRound"
"funding-round/d73e4c14ed7edd05e5d0eb273bb5512c","PingThings Funding Round","FundingRound"
"funding-round/8fb310cfaa729858c1207b96bb4ffd5f","SmartDrive Funding Round","FundingRound"
"funding-round/a52677a8c50a29a420c921208b4195d9","GetBulb raises 20118 in seed round","FundingRound"
"funding-round/56fc122e24a29e1e468929edfedec191","Cignifi Funding Round","FundingRound"
"funding-round/a4f565fcf71422548eaa53631de155bf","dynaTrace software raises 5000000 in venture round","FundingRound"
"funding-round/5fa1c26e2ddbe87595849ef71db58473","SeeControl raises 617500 in venture round","FundingRound"
"funding-round/4f2b85f24c26aa6b811f0ee972e64ec6","Joyent Funding Round","FundingRound"
"funding-round/b3a25a813ed7966b2a7cd74067b429a6","GranData raises 0 in unknown round","FundingRound"
"funding-round/f9d31d175b03e23634a382fb5f57378c","Sqrrl raises 5200000 in venture round","FundingRound"
"funding-round/f46aa964e86264bfad03450f702b635b","Burt raises 500000 in angel round","FundingRound"
"funding-round/28201eed872e656ab5d3120ca005546d","MarkLogic raises 12500000 in venture round","FundingRound"
"funding-round/eeebdfa1fb8cfca8ded2faba606fb7a4","Sense Platform Funding Round","FundingRound"
"funding-round/1eda9e2bad342c97d27d5108424c2e69","BlueData Software raises 15000000 in venture round","FundingRound"
"funding-round/14222fd234547350a2215ca4f524e384","eBureau raises 8000000 in seed round","FundingRound"
"funding-round/51c41154485c08024e4e519eb0c616e7","Boxever raises 0 in angel round","FundingRound"
"funding-round/03741fdb61b07b2e144f050286683da0","ColdLight Solutions raises 10000000 in unknown round","FundingRound"
"funding-round/29e2bf3d0a1e5c17b2ac47ff5240a701","Think Big Analytics raises 1200010 in unknown round","FundingRound"
"funding-round/c14552266c7613e8bf2f0d137c8eb560","Yonghong Tech Funding Round","FundingRound"
"funding-round/aea5fc36236f9258b99c180edf735bad","GroupVisual.io raises 3000000 in venture round","FundingRound"
"funding-round/2ce4d6133ae4a2b5480188905fa7d3ce","OKKAM raises 264280 in grant round","FundingRound"
"funding-round/852d2ad633161d429e3446197c033032","Base CRM raises 6800000 in venture round","FundingRound"
"funding-round/f41579e47af55bb72dd9c8b74b0aa45c","Predilytics raises 6000000 in venture round","FundingRound"
"funding-round/6028924c8866861c2d28da9223f1b7ed","CricHQ Funding Round","FundingRound"
"funding-round/5ef146de6c0fd2e38e69dcf06c032ee0","Red Lambda Funding Round","FundingRound"
"funding-round/5b1e6f859d017d6e0e971cea9404ec4b","WegoWise raises 1900000 in venture round","FundingRound"
"funding-round/eab7825a1bd7cdfa5b3788d7179189ce","BIME Analytics raises 1000000 in seed round","FundingRound"
"funding-round/d24c31b3a299e2b99f50424413974f65","Transmetrics Funding Round","FundingRound"
"funding-round/854261cdaebf2a96d2f307228956d83f","Ginger.io raises 1700000 in seed round","FundingRound"
"funding-round/39365ef84934c1b42cdbe4adc7de9489","SiSense raises 10000000 in unknown round","FundingRound"
"funding-round/e0c0aff0f4dc5a759fc7bbed48445269","Takipi raises 0 in seed round","FundingRound"
"funding-round/6821cb50b0cd104932a3cdb3758bdeef","BloomReach raises 25000000 in venture round","FundingRound"
"funding-round/24964e83ee1ebe3ce7f6053f252a9688","Think Big Analytics raises 3000000 in seed round","FundingRound"
"funding-round/77b4dd4f583121971d167cc03d1d6e6b","Data Elite raises 0 in seed round","FundingRound"
"funding-round/198288d4cac02646627efccec9d0ba1d","Studio 9+ raises 2500000 in angel round","FundingRound"
"funding-round/7b0f6204f37b595374c3980039b3562f","Zettics raises 2628328 in unknown round","FundingRound"
"funding-round/f314ab691df997108d4ad65817bb277f","OpTier Funding Round","FundingRound"
"funding-round/6c36c2609e7ed0f3f32d579b21d4b6ed","NLP Logix raises 150000 in debt_financing round","FundingRound"
"funding-round/78f1153feea1c8e628005f2a583a10bc","CancerIQ raises 0 in seed round","FundingRound"
"funding-round/3b953df19e53adff3fde41cdb250d400","Intersec Funding Round","FundingRound"
"funding-round/a98c98b13dd7dae5b6ef3d361804cbbf","eBureau raises 12000000 in venture round","FundingRound"
"funding-round/6bbf6cac4cf2565afa4cf8625dadb834","Zephyr Health raises 15000000 in venture round","FundingRound"
"funding-round/868a3559d47ca3da1e920ed32deb28d6","ParStream raises 8000000 in venture round","FundingRound"
"funding-round/b61e61ebbc9aca0b5e045ce6ef373c74","Food Genius raises 75000 in seed round","FundingRound"
"funding-round/97e8115c004427ff6b85f0a6f92c451d","Maana Funding Round","FundingRound"
"funding-round/9a15a2f5efeafe1ea032a4f08235230d","Bridj Funding Round","FundingRound"
"funding-round/dcee2a43c48562bfa954fd7aa0f14b82","eBureau raises 8000000 in venture round","FundingRound"
"funding-round/cffe46031595a7e74b74e2240ef7e7de","WibiData raises 18000000 in venture round","FundingRound"
"funding-round/190fc842b168d87c114df07b3f71aee1","Econodata Funding Round","FundingRound"
"funding-round/0e34eb6b3388785acc3dfac37dfbf2f2","CricHQ Funding Round","FundingRound"
"funding-round/3884d3879dc4ce5a81ab87313d493ddf","Greenbird Integration Technology raises 144060 in seed round","FundingRound"
"funding-round/57a5d1430901c3c5aa1cba7779796aa9","MYagonism.com raises 40000 in seed round","FundingRound"
"funding-round/d6110980958b614dba34807d1dd02d98","Reniac raises 0 in seed round","FundingRound"
"funding-round/2eb3612f736a6d06873fc228e3d816e1","Inovance Financial Technologies raises 15000 in seed round","FundingRound"
"funding-round/379c740191e98ff26ca5094d7e059c92","Twelvefold Media raises 2702115 in debt_financing round","FundingRound"
"funding-round/ffa2cefeaf26e1112ab44b61e9b30aee","MemSQL raises 5000000 in venture round","FundingRound"
"funding-round/085adfe43a07e2709d1e596498ea2ec6","Continuum Analytics raises 3000000 in unknown round","FundingRound"
"funding-round/ef9bfc9d83ef953b4e1dda76794c6cf6","BigCalc raises 0 in seed round","FundingRound"
"funding-round/27df2491a7801ec20040e2847f015780","Taptica raises 0 in unknown round","FundingRound"
"funding-round/24e5173045cfe87abb5708cb19c88ab8","Data Virtuality raises 1220000 in unknown round","FundingRound"
"funding-round/0095bec234eec6448bc49570045bd89b","Zoomdata Funding Round","FundingRound"
"funding-round/705a4aa3f7490920eafcdb274e7eedee","Predixion Software raises 20000000 in venture round","FundingRound"
"funding-round/4791023eccee88df946060ae10b36965","WibiData raises 0 in seed round","FundingRound"
"funding-round/e81e915d607d54771f3229e5068dafd6","Metaps raises 11000000 in venture round","FundingRound"
"funding-round/1038834ab221b7f5fb18c3fcba221886","Aster Data Systems raises 1000000 in angel round","FundingRound"
"funding-round/9041600608a78a6574e48211183bfb1b","Kreditech raises 10000000 in debt_financing round","FundingRound"
"funding-round/593481e93c66247e8270b51105b10674","Inovance Financial Technologies raises 0 in seed round","FundingRound"
"funding-round/45f683d8766fcac459cc6dd553e5312e","Feedzai raises 2073643 in seed round","FundingRound"
"funding-round/8d182daf1372084039f82ffb2f80c7e1","Kreditech raises 0 in angel round","FundingRound"
"funding-round/6cce59fb4f79516823c88762f179754a","Domosite Funding Round","FundingRound"
"funding-round/482fbf992b48f5c47d0080ab7ec0cb54","1010data raises 35000000 in unknown round","FundingRound"
"funding-round/18a251044d293aacddf34b538dc1d557","eCommera raises 8260000 in unknown round","FundingRound"
"funding-round/279edbdf79e4304aac942a892218e5c9","SiSense Funding Round","FundingRound"
"funding-round/c29c02bc37ceb4db576fd2d6a5592a19","Guavus raises 30000000 in venture round","FundingRound"
"funding-round/019304fd43bf39c5db45329c5027ef56","Concurrent Inc Funding Round","FundingRound"
"funding-round/80f510391cc7061a0a69cd56e90a3756","RainStor raises 7500000 in venture round","FundingRound"
"funding-round/ef61cd7222c84d9fc0929f3bede3c698","Guavus raises 9000000 in private_equity round","FundingRound"
"funding-round/b73ead12aa4779a360d893817c89f4da","Next Points raises 38979 in seed round","FundingRound"
"funding-round/4bb8d33815c5b6b3955b6708fc83e7c0","Posiba raises 25000 in seed round","FundingRound"
"funding-round/25d655c14176eb4177cc877b8c485d6d","BIME Analytics raises 4000000 in venture round","FundingRound"
"funding-round/8c905fdbdb39d80d2766855feef74623","CricHQ Funding Round","FundingRound"
"funding-round/1f7451ded6e3926ba23d817daac26367","Crayon Data raises 1188400 in unknown round","FundingRound"
"funding-round/f06420625288804699957e9ae0b04046","Fusion-io raises 19000000 in venture round","FundingRound"
"funding-round/1cc1eb27ac46463910c6046e68a4a64e","Transilio Funding Round","FundingRound"
"funding-round/de19d81c5bc4679e2d39e422aac7d3e3","Guavus Funding Round","FundingRound"
"funding-round/6bb497fac2ef4dd0b8005fa86e43f8c8","Lumiata Funding Round","FundingRound"
"funding-round/1163b96654d24ead45ea91c803f42d4a","Teleran Technologies raises 1000000 in debt_financing round","FundingRound"
"funding-round/9eeac011037bb3458fdf5e7c1b50af86","Infochimps raises 1900000 in debt_financing round","FundingRound"
"funding-round/edab4a8645a10c8f57a7a87540cdd937","Concurrent Inc raises 4000000 in venture round","FundingRound"
"funding-round/9a588e59d5c9b446de491092be25c00e","Graphdive raises 2000000 in venture round","FundingRound"
"funding-round/7a7ea5d6e83a3055cdb827439aa9c7f2","Inflection raises 30000000 in venture round","FundingRound"
"funding-round/76d4d464faab39d4aae8b87d0062aa57","FiscalNote raises 0 in convertible_note round","FundingRound"
"funding-round/734a64f4ffd197a3539c9bc6ff7af9b5","Zephyr Health raises 0 in venture round","FundingRound"
"funding-round/f56873b8cde79d5668f2ad8d5193dc4e","ChannelMeter Funding Round","FundingRound"
"funding-round/e5c239d8d04969367f83264efeb9eaf1","Peel-Works Funding Round","FundingRound"
"funding-round/1722b8fb816f0d60dbe0c63e44fef811","Mortar Data raises 1800000 in seed round","FundingRound"
"funding-round/be9b8a0ef87f8debdb2ad9fcd26fdce1","SQLstream raises 6000000 in venture round","FundingRound"
"funding-round/afcdbc186cfc23d2f87e7c1cacf668b6","Turing Data raises 1000000 in private_equity round","FundingRound"
"funding-round/9922853522e440db4566606766f6f376","Terracotta raises 10000000 in unknown round","FundingRound"
"funding-round/56e64b1e8dab76b4b85e423d60cc7e22","GridIron Systems raises 13000000 in private_equity round","FundingRound"
"funding-round/7151c4c5efd72da4e21497ff882092d8","Your.MD Funding Round","FundingRound"
"funding-round/bda473bea9bdd9691112d4b1641100c8","Ontodia raises 0 in angel round","FundingRound"
"funding-round/64ebb7594b88e765c28f1190e35f406f","Zettics raises 8200000 in venture round","FundingRound"
"funding-round/4e47f0f01d592a617052258dd8085b48","ERN raises 1000000 in seed round","FundingRound"
"funding-round/fc470604107499d00d8ba1ae454dcb54","Maana raises 0 in seed round","FundingRound"
"funding-round/d84548e1ed3cef46e86dac04d374f848","Cazena Funding Round","FundingRound"
"funding-round/c99561071eb8d2f25cf901b04e74fb3d","Metaps raises 4200000 in venture round","FundingRound"
"funding-round/b37a5956c5a596debf563736e87ec8c0","Exacaster raises 150000 in seed round","FundingRound"
"funding-round/d19984219525aec3173d778b703b6dc6","ERN Funding Round","FundingRound"
"funding-round/31204ec2abf4ddf45667d231a1b11be3","Zendrive Funding Round","FundingRound"
"funding-round/d36375397529248b0caa595717116fdd","Joyent raises 15000000 in venture round","FundingRound"
"funding-round/ae2a174c06517c2394aed45006322a7e","0xdata raises 1700000 in unknown round","FundingRound"
"funding-round/f669ee312f5a5dd050c58355ddeb8566","MarkLogic raises 15000000 in venture round","FundingRound"
"funding-round/c9d2d81f2bc1a694fffaa719b4b5fc7d","eBureau raises 10000000 in venture round","FundingRound"
"funding-round/ade05c7da02b51299c91889bc5e32caf","NGDATA raises 2500000 in seed round","FundingRound"
"funding-round/8cd6219553c154852eb33bdcf156d291","Kapow Software raises 11600000 in venture round","FundingRound"
"funding-round/5a3fcdab90ee315a656789ec778a6962","Datameer raises 6000000 in venture round","FundingRound"
"funding-round/3d8dc780dfc3bb00b1114b4d90da46e5","Savage IO raises 487500 in venture round","FundingRound"
"funding-round/ad80559bd38b073427535b56abd6ff5f","SalesPredict raises 1000000 in seed round","FundingRound"
"funding-round/c64943fb6f9cd44e8191c3a38163884a","Datorama raises 3000000 in venture round","FundingRound"
"funding-round/923d2d86228038c30f742c8cf9655c2e","Granify raises 1500000 in seed round","FundingRound"
"funding-round/17b6e87ceb65f22b8a62140e75169e1a","Burt raises 3000000 in seed round","FundingRound"
"funding-round/8f1c1677e65974a7ecd0eaeaadfdda2e","Graphdive raises 0 in seed round","FundingRound"
"funding-round/8a5e312ddeffa8c3db89e74e5d058984","VelociData raises 598145 in unknown round","FundingRound"
"funding-round/451ec7cacb7877c7a5bf6907953a8fec","FixStream Network Funding Round","FundingRound"
"funding-round/7ab83112345616a90f31f98f8e9418c7","nPulse Technologies raises 1947189 in seed round","FundingRound"