"source","target","type"
"organization/406-ventures","organization/nara-me","investedIn"
"organization/5-park-lane","organization/synerscope","investedIn"
"organization/500-startups","organization/relevvant","investedIn"
"organization/500-startups","organization/flydata","investedIn"
"organization/500-startups","organization/channelmeter","investedIn"
"organization/9-plus-studio","organization/onefold","investedIn"
"organization/abnamro","organization/synerscope","investedIn"
"organization/accel-kkr","organization/opera-solutions","investedIn"
"organization/accel-partners","organization/transera-communications","investedIn"
"organization/accel-partners","organization/terracota","investedIn"
"organization/accel-partners","organization/transera-communications","investedIn"
"organization/accel-partners","organization/pontis","investedIn"
"organization/accel-partners","organization/terracota","investedIn"
"organization/accel-partners","organization/pontis","investedIn"
"organization/accel-partners","organization/transera-communications","investedIn"
"organization/accel-partners","organization/fusion-io","investedIn"
"organization/accel-partners","organization/sumo-logic","investedIn"
"organization/accel-partners","organization/jut-inc","investedIn"
"organization/accel-partners","organization/trufa","investedIn"
"organization/accel-partners","organization/memsql","investedIn"
"organization/accel-partners","organization/sumo-logic","investedIn"
"organization/accel-partners","organization/zoomdata","investedIn"
"organization/accelero-capital","organization/joyent","investedIn"
"organization/accenture","organization/predixion-software","investedIn"
"organization/ace-and-company","organization/sense-platform","investedIn"
"organization/ace-and-company","organization/sense-platform","investedIn"
"organization/ackerley-partners","organization/twelvefoldmedia","investedIn"
"organization/ackerley-partners","organization/twelvefoldmedia","investedIn"
"organization/ackerley-partners","organization/twelvefoldmedia","investedIn"
"organization/ackerley-partners","organization/twelvefoldmedia","investedIn"
"organization/adams-capital-management","organization/twelvefoldmedia","investedIn"
"organization/adams-capital-management","organization/twelvefoldmedia","investedIn"
"organization/adams-capital-management","organization/twelvefoldmedia","investedIn"
"organization/adams-capital-management","organization/twelvefoldmedia","investedIn"
"organization/adams-street-partners","organization/mintigo","investedIn"
"organization/adara-venture-partners","organization/strat-io","investedIn"
"organization/afterdox","organization/salespredict","investedIn"
"organization/alchemist-accelerator","organization/xockets","investedIn"
"organization/alchemist-accelerator","organization/mohound","investedIn"
"organization/alchemist-accelerator","organization/reniac","investedIn"
"organization/allegis-capital","organization/platfora","investedIn"
"organization/almaz-capital","organization/gridgain-systems","investedIn"
"organization/alphaprime-ventures","organization/deep-information-sciences-inc","investedIn"
"organization/alsop-louie-partners","organization/aerospike","investedIn"
"organization/alsop-louie-partners","organization/aerospike","investedIn"
"organization/alta-ventures-mexico","organization/ondore","investedIn"
"organization/altos-ventures","organization/seecontrol","investedIn"
"organization/alven-capital","organization/bi-sam-technologies","investedIn"
"organization/alven-capital","organization/we-are-cloud","investedIn"
"organization/amazon","organization/paraccel","investedIn"
"organization/ame-cloud-ventures","organization/bina-technologies","investedIn"
"organization/ame-cloud-ventures","organization/fiscalnote","investedIn"
"organization/american-express-ventures","organization/cignifi","investedIn"
"organization/amicus-capital","organization/food-genius","investedIn"
"organization/amicus-capital","organization/food-genius","investedIn"
"organization/amplify-partners","organization/bluedata-software","investedIn"
"organization/andreessen-horowitz","organization/fusion-io","investedIn"
"organization/andreessen-horowitz","organization/platfora","investedIn"
"organization/andreessen-horowitz","organization/platfora","investedIn"
"organization/andreessen-horowitz","organization/learnsprout","investedIn"
"organization/andreessen-horowitz","organization/mesosphere","investedIn"
"organization/andreessen-horowitz","organization/databricks","investedIn"
"organization/andreessen-horowitz","organization/data-elite","investedIn"
"organization/andreessen-horowitz","organization/platfora","investedIn"
"organization/andreessen-horowitz","organization/mesosphere","investedIn"
"organization/andreessen-horowitz","organization/databricks","investedIn"
"organization/andreessen-horowitz","organization/cazena","investedIn"
"organization/angelpad","organization/adku","investedIn"
"organization/angelpad","organization/adku","investedIn"
"organization/apax-partners","organization/onespin-solutions","investedIn"
"organization/apax-partners","organization/transera-communications","investedIn"
"organization/apax-partners","organization/transera-communications","investedIn"
"organization/apax-partners","organization/transera-communications","investedIn"
"organization/arbor-ventures","organization/perfect-storm-media","investedIn"
"organization/arbor-ventures","organization/demystdata","investedIn"
"organization/arbor-ventures","organization/streem","investedIn"
"organization/arbor-ventures","organization/demystdata","investedIn"
"organization/arbor-ventures","organization/exchange-corporation-k-k","investedIn"
"organization/arc-angel-fund","organization/sidecar","investedIn"
"organization/arc-angel-fund","organization/sidecar","investedIn"
"organization/arch-venture-partners","organization/nextcode-health","investedIn"
"organization/archetype","organization/flydata","investedIn"
"organization/archetype","organization/flydata","investedIn"
"organization/artiman-ventures","organization/guavus","investedIn"
"organization/artiman-ventures","organization/guavus","investedIn"
"organization/artiman-ventures","organization/guavas","investedIn"
"organization/artiman-ventures","organization/kaybus","investedIn"
"organization/artiman-ventures","organization/guavus","investedIn"
"organization/artiman-ventures","organization/guavus","investedIn"
"organization/aspect-ventures","organization/exabeam","investedIn"
"organization/atlantic-bridge","organization/bluedata-software","investedIn"
"organization/atlas-venture","organization/sqrrl","investedIn"
"organization/atlas-venture","organization/sqrrl","investedIn"
"organization/atlas-venture","organization/bridj","investedIn"
"organization/atomico","organization/imagini","investedIn"
"organization/aucfan","organization/monoco-inc","investedIn"
"organization/aurinvest","organization/sinequa","investedIn"
"organization/axventures-pymar-fund","organization/zauber","investedIn"
"organization/axventures-pymar-fund","organization/grandata","investedIn"
"organization/azini-capital-partners","organization/onespin-solutions","investedIn"
"organization/b7inc","organization/zoomdata","investedIn"
"organization/b7inc","organization/zoomdata","investedIn"
"organization/bain-capital-ventures","organization/dynatrace-software","investedIn"
"organization/bain-capital-ventures","organization/dynatrace-software","investedIn"
"organization/bain-capital-ventures","organization/bloomreach","investedIn"
"organization/bain-capital-ventures","organization/bloomreach","investedIn"
"organization/bain-capital-ventures","organization/dynatrace-software","investedIn"
"organization/bain-capital-ventures","organization/bloomreach","investedIn"
"organization/bain-capital-ventures","organization/concurrent-inc","investedIn"
"organization/baker-capital","organization/parstream","investedIn"
"organization/bank-of-america-merrill-lynch","organization/context-relevant","investedIn"
"organization/base-vc","organization/relevvant","investedIn"
"organization/battery-ventures","organization/adku","investedIn"
"organization/battery-ventures","organization/platfora","investedIn"
"organization/battery-ventures","organization/sisense","investedIn"
"organization/battery-ventures","organization/platfora","investedIn"
"organization/battery-ventures","organization/sisense","investedIn"
"organization/bay-partners","organization/paraccel","investedIn"
"organization/bay-partners","organization/dynatrace-software","investedIn"
"organization/bay-partners","organization/paraccel","investedIn"
"organization/bay-partners","organization/dynatrace-software","investedIn"
"organization/bay-partners","organization/paraccel","investedIn"
"organization/bdc-venture-capital","organization/granify","investedIn"
"organization/bdc-venture-capital","organization/granify","investedIn"
"organization/ben-franklin-technology-partners-of-southeastern-pennsylvania","organization/coldlight-solutions","investedIn"
"organization/ben-franklin-technology-partners-of-southeastern-pennsylvania","organization/sidecar","investedIn"
"organization/benchmark","organization/terracota","investedIn"
"organization/benchmark","organization/terracota","investedIn"
"organization/benchmark","organization/pentaho","investedIn"
"organization/beringea","organization/big-data-partnership","investedIn"
"organization/bethnal-green-ventures","organization/mastodon-c","investedIn"
"organization/bit-isle","organization/midokura","investedIn"
"organization/blackrock","organization/wandisco","investedIn"
"organization/bloom-equity","organization/boxever","investedIn"
"organization/bloomberg-beta","organization/context-relevant","investedIn"
"organization/bloomberg-beta","organization/context-relevant","investedIn"
"organization/bloomberg-beta","organization/context-relevant","investedIn"
"organization/blue-bright-ventures","organization/evoapp","investedIn"
"organization/bluecross-blueshield-venture-partners","organization/lumiata","investedIn"
"organization/blumberg-capital","organization/kredito","investedIn"
"organization/blumberg-capital","organization/kredito","investedIn"
"organization/blumberg-capital","organization/fortscale","investedIn"
"organization/blumberg-capital","organization/kredito","investedIn"
"organization/bootstrap-incubation","organization/perceivant","investedIn"
"organization/borealis-ventures","organization/airstone-labs","investedIn"
"organization/boston-community-capital","organization/wegowise","investedIn"
"organization/boston-community-capital","organization/wegowise","investedIn"
"organization/bridgescale-partners","organization/twelvefoldmedia","investedIn"
"organization/brocade-communications-systems","organization/goto-metrics","investedIn"
"organization/bush-odonnell","organization/velocidata","investedIn"
"organization/cambia-health-solutions","organization/gns-healthcare","investedIn"
"organization/cambia-health-solutions","organization/gns-healthcare","investedIn"
"organization/cambrian-ventures","organization/aster-data-systems","investedIn"
"organization/cambrian-ventures","organization/aster-data-systems","investedIn"
"organization/cambrian-ventures","organization/aster-data-systems","investedIn"
"organization/canaan-partners","organization/wibidata","investedIn"
"organization/capricorn-investment-group","organization/identified-com","investedIn"
"organization/capricorn-venture-partners","organization/ngdata","investedIn"
"organization/carmel-ventures","organization/optier","investedIn"
"organization/carmel-ventures","organization/optier","investedIn"
"organization/carmel-ventures","organization/optier","investedIn"
"organization/carmel-ventures","organization/optier","investedIn"
"organization/carmel-ventures","organization/optier","investedIn"
"organization/cazenove","organization/wandisco","investedIn"
"organization/cciaa-pisa","organization/spaziodati","investedIn"
"organization/cedar-fund","organization/datorama","investedIn"
"organization/cedar-fund","organization/datorama","investedIn"
"organization/center-for-innovative-technology","organization/zoomdata","investedIn"
"organization/cerved-group","organization/spaziodati","investedIn"
"organization/chevron-technology-ventures","organization/maana","investedIn"
"organization/chicago-ventures","organization/food-genius","investedIn"
"organization/cisco","organization/optier","investedIn"
"organization/cit-gap-funds","organization/zoomdata","investedIn"
"organization/citi-ventures","organization/datameer","investedIn"
"organization/citi-ventures","organization/platfora","investedIn"
"organization/citizen-vc","organization/moneylion","investedIn"
"organization/civeta-investments","organization/filmijob","investedIn"
"organization/civeta-investments","organization/filmijob","investedIn"
"organization/claremont-creek-ventures","organization/numedii","investedIn"
"organization/columbus-nova-technology-partners","organization/zoomdata","investedIn"
"organization/columbus-nova-technology-partners","organization/bina-technologies","investedIn"
"organization/columbus-nova-technology-partners","organization/aerospike","investedIn"
"organization/columbus-nova-technology-partners","organization/zoomdata","investedIn"
"organization/correlation-ventures","organization/graphdive","investedIn"
"organization/correlation-ventures","organization/graphdive","investedIn"
"organization/correlation-ventures","organization/splice-machine","investedIn"
"organization/credit-suisse","organization/rainstor","investedIn"
"organization/crestlight-venture-productions","organization/content-savvy","investedIn"
"organization/crosslink-capital","organization/bityota","investedIn"
"organization/crosslink-capital","organization/graphdive","investedIn"
"organization/crosslink-capital","organization/silicon-valley-data-science","investedIn"
"organization/crosslink-capital","organization/graphdive","investedIn"
"organization/crunchfund","organization/parstream","investedIn"
"organization/crunchfund","organization/mesosphere","investedIn"
"organization/cyberagent","organization/flydata","investedIn"
"organization/cyberagent","organization/flydata","investedIn"
"organization/dag-ventures","organization/terracota","investedIn"
"organization/dag-ventures","organization/pentaho","investedIn"
"organization/data-collective","organization/parstream","investedIn"
"organization/data-collective","organization/platfora","investedIn"
"organization/data-collective","organization/memsql","investedIn"
"organization/data-collective","organization/bluedata-software","investedIn"
"organization/data-collective","organization/feedzai","investedIn"
"organization/data-collective","organization/mesosphere","investedIn"
"organization/data-collective","organization/bluedata-software","investedIn"
"organization/data-collective","organization/memsql","investedIn"
"organization/data-collective","organization/mesosphere","investedIn"
"organization/data-elite","organization/weft","investedIn"
"organization/dawn-capital","organization/ecommera","investedIn"
"organization/deep-knowledge-ventures","organization/insilico-medicine","investedIn"
"organization/defense-advanced-research-projects-agency","organization/continuum-analytics","investedIn"
"organization/dell","organization/fusion-io","investedIn"
"organization/delta-partners","organization/boxever","investedIn"
"organization/denali-venture-partners","organization/fanplayr","investedIn"
"organization/detroit-venture-partners","organization/sociocast-networks","investedIn"
"organization/detroit-venture-partners","organization/sociocast-networks","investedIn"
"organization/dfj-eplanet-ventures","organization/ecommera","investedIn"
"organization/dfj-esprit","organization/getbulb","investedIn"
"organization/dfj-esprit","organization/bright-computing","investedIn"
"organization/dfj-frontier","organization/predixion-software","investedIn"
"organization/dfj-frontier","organization/predixion-software","investedIn"
"organization/dfj-frontier","organization/predixion-software","investedIn"
"organization/dfj-growth","organization/sisense","investedIn"
"organization/digital-pioneers","organization/kredito","investedIn"
"organization/digital-sky-technologies-fo","organization/memsql","investedIn"
"organization/doughty-hanson-technology-ventures","organization/rainstor","investedIn"
"organization/doughty-hanson-technology-ventures","organization/rainstor","investedIn"
"organization/doughty-hanson-technology-ventures","organization/rainstor","investedIn"
"organization/draper-associates-2","organization/identified-com","investedIn"
"organization/draper-associates-2","organization/aerospike","investedIn"
"organization/draper-fisher-jurvetson","organization/servio","investedIn"
"organization/draper-fisher-jurvetson","organization/goto-metrics","investedIn"
"organization/draper-fisher-jurvetson","organization/goto-metrics","investedIn"
"organization/draper-fisher-jurvetson","organization/servio","investedIn"
"organization/dreamit-ventures","organization/speso-health","investedIn"
"organization/dundee-venture-capital","organization/infochimps","investedIn"
"organization/dundee-venture-capital","organization/infochimps","investedIn"
"organization/e-on","organization/autogrid","investedIn"
"organization/eastward-capital-partners","organization/zestfinance","investedIn"
"organization/edp","organization/feedzai","investedIn"
"organization/el-dorado-ventures","organization/joyent","investedIn"
"organization/el-dorado-ventures","organization/joyent","investedIn"
"organization/emergence-capital-partners","organization/zettics","investedIn"
"organization/emergence-capital-partners","organization/zettics","investedIn"
"organization/emergence-capital-partners","organization/zettics","investedIn"
"organization/eniac-ventures","organization/ginger-io","investedIn"
"organization/enlight","organization/opera-solutions","investedIn"
"organization/enterprise-ventures-limited","organization/jobs-the-word","investedIn"
"organization/epic-ventures","organization/goto-metrics","investedIn"
"organization/epic-ventures","organization/joyent","investedIn"
"organization/epic-ventures","organization/goto-metrics","investedIn"
"organization/epic-ventures","organization/joyent","investedIn"
"organization/eplanet-ventures","organization/ecommera","investedIn"
"organization/espirito-santo-ventures","organization/feedzai","investedIn"
"organization/european-union","organization/exacaster","investedIn"
"organization/evergreen-venture-partners","organization/pontis","investedIn"
"organization/evergreen-venture-partners","organization/pontis","investedIn"
"organization/excelerate-labs","organization/food-genius","investedIn"
"organization/extreme-startups","organization/granify","investedIn"
"organization/extreme-venture-partners","organization/granify","investedIn"
"organization/ff-venture-capital","organization/identified-com","investedIn"
"organization/ff-venture-capital","organization/infochimps","investedIn"
"organization/ff-venture-capital","organization/infochimps","investedIn"
"organization/fideilty","organization/wandisco","investedIn"
"organization/fidelity-growth-partners-asia","organization/metaps","investedIn"
"organization/fintech-collective","organization/moneylion","investedIn"
"organization/first-round-capital","organization/aster-data-systems","investedIn"
"organization/first-round-capital","organization/aster-data-systems","investedIn"
"organization/first-round-capital","organization/aster-data-systems","investedIn"
"organization/first-round-capital","organization/memsql","investedIn"
"organization/first-round-capital","organization/zendrive","investedIn"
"organization/first-round-capital","organization/fiscalnote","investedIn"
"organization/first-round-capital","organization/memsql","investedIn"
"organization/flash-forward-ventures","organization/geostellar","investedIn"
"organization/flybridge-capital","organization/zestfinance","investedIn"
"organization/flybridge-capital","organization/zestfinance","investedIn"
"organization/flybridge-capital","organization/predilytics","investedIn"
"organization/flybridge-capital","organization/predilytics","investedIn"
"organization/fontinalis-partners","organization/sqlstream","investedIn"
"organization/formation8","organization/learnsprout","investedIn"
"organization/formation8","organization/data-elite","investedIn"
"organization/formation8","organization/learnsprout","investedIn"
"organization/formation8","organization/context-relevant","investedIn"
"organization/formation8","organization/context-relevant","investedIn"
"organization/forte-ventures","organization/springbot","investedIn"
"organization/forte-ventures","organization/springbot","investedIn"
"organization/foundation-capital","organization/gridiron-systems","investedIn"
"organization/foundation-capital","organization/autogrid","investedIn"
"organization/foundation-capital","organization/mesosphere","investedIn"
"organization/foundation-capital","organization/autogrid","investedIn"
"organization/foundation-medical-partners","organization/predilytics","investedIn"
"organization/founder-org","organization/cardiologs","investedIn"
"organization/freshtracks-capital","organization/bridj","investedIn"
"organization/frog-capital","organization/ecommera","investedIn"
"organization/frog-capital","organization/ecommera","investedIn"
"organization/frontline-ventures","organization/boxever","investedIn"
"organization/frost-data-capital","organization/maana","investedIn"
"organization/frost-data-capital","organization/sourcethought","investedIn"
"organization/frost-data-capital","organization/ubix-labs","investedIn"
"organization/frost-data-capital","organization/jointly-health-3","investedIn"
"organization/frost-data-capital","organization/geniedb","investedIn"
"organization/frost-data-capital","organization/predixion-software","investedIn"
"organization/frost-data-capital","organization/maana","investedIn"
"organization/frost-data-capital","organization/ubix-labs","investedIn"
"organization/frost-data-capital","organization/osprey-data","investedIn"
"organization/frost-data-capital","organization/segone-inc","investedIn"
"organization/frost-data-capital","organization/cirro","investedIn"
"organization/frost-data-capital","organization/jointly-health-3","investedIn"
"organization/frost-data-capital","organization/exara","investedIn"
"organization/frost-data-capital","organization/sourcethought","investedIn"
"organization/frost-data-capital","organization/ubix-labs","investedIn"
"organization/frost-data-capital","organization/sourcethought","investedIn"
"organization/frost-data-capital","organization/jointly-health-3","investedIn"
"organization/frost-data-capital","organization/penzata","investedIn"
"organization/frost-data-capital","organization/pingthings","investedIn"
"organization/frost-data-capital","organization/segone-inc","investedIn"
"organization/frost-data-capital","organization/sourcethought","investedIn"
"organization/frost-data-capital","organization/exara","investedIn"
"organization/frost-data-capital","organization/maana","investedIn"
"organization/fuel-capital","organization/mesosphere","investedIn"
"organization/fuel-capital","organization/mesosphere","investedIn"
"organization/gabriel-investments","organization/sidecar","investedIn"
"organization/gabriel-investments","organization/sidecar","investedIn"
"organization/galileo-partners","organization/bi-sam-technologies","investedIn"
"organization/garnett-helfrich-capital","organization/sparql-city","investedIn"
"organization/garnett-ventures","organization/punchh","investedIn"
"organization/garnett-ventures","organization/curriculet","investedIn"
"organization/garnett-ventures","organization/stellar-loyalty","investedIn"
"organization/ge-ventures","organization/predixion-software","investedIn"
"organization/ge-ventures","organization/maana","investedIn"
"organization/ge-ventures","organization/cirro","investedIn"
"organization/ge-ventures","organization/maana","investedIn"
"organization/gemini-israel-funds","organization/optier","investedIn"
"organization/gemini-israel-funds","organization/optier","investedIn"
"organization/genacast-ventures","organization/mortar-data","investedIn"
"organization/gener8tor","organization/beekeeper-data","investedIn"
"organization/general-electric","organization/pingthings","investedIn"
"organization/genesis-partners","organization/sisense","investedIn"
"organization/genesis-partners","organization/sisense","investedIn"
"organization/genesis-partners","organization/sisense","investedIn"
"organization/georgian-partners","organization/terapeak","investedIn"
"organization/georgian-partners","organization/razorsight","investedIn"
"organization/georgian-partners","organization/shopify","investedIn"
"organization/georgian-partners","organization/polar-me","investedIn"
"organization/georgian-partners","organization/41st-parameter","investedIn"
"organization/georgian-partners","organization/kony","investedIn"
"organization/georgian-partners","organization/scribblelive","investedIn"
"organization/georgian-partners","organization/shopify","investedIn"
"organization/georgian-partners","organization/top-hat-monocle","investedIn"
"organization/georgian-partners","organization/kony","investedIn"
"organization/georgian-partners","organization/vision-critical","investedIn"
"organization/georgian-partners","organization/freshbooks","investedIn"
"organization/georgian-partners","organization/esentire","investedIn"
"organization/georgian-partners","organization/scribblelive","investedIn"
"organization/giza-polish-ventures","organization/cognitum","investedIn"
"organization/giza-venture-capital","organization/mintigo","investedIn"
"organization/giza-venture-capital","organization/mintigo","investedIn"
"organization/global-founders-capital","organization/kredito","investedIn"
"organization/globespan-capital-partners","organization/bityota","investedIn"
"organization/goldman-sachs","organization/terracota","investedIn"
"organization/goldman-sachs","organization/terracota","investedIn"
"organization/goldman-sachs","organization/guavus","investedIn"
"organization/goldman-sachs","organization/guavus","investedIn"
"organization/goldman-sachs","organization/context-relevant","investedIn"
"organization/google-capital","organization/mapr-technologies","investedIn"
"organization/google-ventures","organization/corduro","investedIn"
"organization/google-ventures","organization/predilytics","investedIn"
"organization/google-ventures","organization/map-d","investedIn"
"organization/gothic-ventures","organization/evoapp","investedIn"
"organization/granite-ventures","organization/sense-platform","investedIn"
"organization/great-oaks-venture-capital","organization/mortar-data","investedIn"
"organization/green-visor-capital","organization/fiscalnote","investedIn"
"organization/greycroft-partners","organization/joyent","investedIn"
"organization/greylock","organization/adku","investedIn"
"organization/greylock","organization/typesafe","investedIn"
"organization/greylock","organization/sumo-logic","investedIn"
"organization/greylock","organization/typesafe","investedIn"
"organization/greylock","organization/sumo-logic","investedIn"
"organization/greylock","organization/sumo-logic","investedIn"
"organization/grp-partners-2","organization/zestfinance","investedIn"
"organization/grp-partners-2","organization/zestfinance","investedIn"
"organization/gsv-capital","organization/silicon-valley-data-science","investedIn"
"organization/h-farm","organization/tykli","investedIn"
"organization/h2-investment-properties","organization/kredito","investedIn"
"organization/h2-investments","organization/kredito","investedIn"
"organization/hadron-global-partners","organization/hiplogiq","investedIn"
"organization/hadron-global-partners","organization/hiplogiq","investedIn"
"organization/hasso-plattner-ventures","organization/hitfox-group","investedIn"
"organization/heritage-provider-network","organization/gns-healthcare","investedIn"
"organization/high-tech-gruenderfonds","organization/data-virtuality","investedIn"
"organization/highbar-ventures","organization/goto-metrics","investedIn"
"organization/highland-capital-partners","organization/predilytics","investedIn"
"organization/highland-capital-partners-europe","organization/intersec","investedIn"
"organization/hitfox-group","organization/apploop-2","investedIn"
"organization/hitfox-group","organization/memorado","investedIn"
"organization/hive-technologies","organization/flutura-solutions","investedIn"
"organization/holtzbrinck-ventures","organization/hitfox-group","investedIn"
"organization/horizons-ventures","organization/imagini","investedIn"
"organization/horizons-ventures","organization/meteo-logic","investedIn"
"organization/horizons-ventures","organization/rubikloud","investedIn"
"organization/hsbc","organization/wandisco","investedIn"
"organization/hummer-winblad-venture-partners","organization/karmasphere","investedIn"
"organization/hummer-winblad-venture-partners","organization/karmasphere","investedIn"
"organization/hummer-winblad-venture-partners","organization/karmasphere","investedIn"
"organization/hyde-park-angels","organization/food-genius","investedIn"
"organization/hyde-park-venture-partners","organization/food-genius","investedIn"
"organization/hyde-park-venture-partners","organization/food-genius","investedIn"
"organization/hyde-park-venture-partners","organization/base-crm","investedIn"
"organization/i2a-fund","organization/base-crm","investedIn"
"organization/i2a-fund","organization/base-crm","investedIn"
"organization/i2a-fund","organization/food-genius","investedIn"
"organization/i2a-fund","organization/base-crm","investedIn"
"organization/ia-ventures","organization/recorded-future","investedIn"
"organization/ia-ventures","organization/vectra-networks","investedIn"
"organization/ia-ventures","organization/the-trade-desk","investedIn"
"organization/ia-ventures","organization/my-city-way","investedIn"
"organization/ia-ventures","organization/billguard","investedIn"
"organization/ia-ventures","organization/recorded-future","investedIn"
"organization/ia-ventures","organization/metamarkets","investedIn"
"organization/ia-ventures","organization/yipit","investedIn"
"organization/ia-ventures","organization/fluidinfo","investedIn"
"organization/ia-ventures","organization/savingstar","investedIn"
"organization/ia-ventures","organization/banksimple","investedIn"
"organization/ia-ventures","organization/newscred","investedIn"
"organization/ia-ventures","organization/datapop","investedIn"
"organization/ia-ventures","organization/sulia","investedIn"
"organization/ia-ventures","organization/my-city-way","investedIn"
"organization/ia-ventures","organization/kohort","investedIn"
"organization/ia-ventures","organization/placeiq","investedIn"
"organization/ia-ventures","organization/datadog","investedIn"
"organization/ia-ventures","organization/metamarkets","investedIn"
"organization/ia-ventures","organization/yipit","investedIn"
"organization/ia-ventures","organization/lore","investedIn"
"organization/ia-ventures","organization/datasift","investedIn"
"organization/ia-ventures","organization/banksimple","investedIn"
"organization/ia-ventures","organization/thinknear","investedIn"
"organization/ia-ventures","organization/techstars","investedIn"
"organization/ia-ventures","organization/billguard","investedIn"
"organization/ia-ventures","organization/placeiq","investedIn"
"organization/ia-ventures","organization/recorded-future","investedIn"
"organization/ia-ventures","organization/next-big-sound","investedIn"
"organization/ia-ventures","organization/lore","investedIn"
"organization/ia-ventures","organization/vectra-networks","investedIn"
"organization/ia-ventures","organization/visual-revenue","investedIn"
"organization/ia-ventures","organization/savingstar","investedIn"
"organization/ia-ventures","organization/drawn-to-scale","investedIn"
"organization/ia-ventures","organization/transferwise","investedIn"
"organization/ia-ventures","organization/datapop","investedIn"
"organization/ia-ventures","organization/metamarkets","investedIn"
"organization/ia-ventures","organization/datasift","investedIn"
"organization/ia-ventures","organization/lua-technologies","investedIn"
"organization/ia-ventures","organization/kinsa-inc","investedIn"
"organization/ia-ventures","organization/twice","investedIn"
"organization/ia-ventures","organization/sulia","investedIn"
"organization/ia-ventures","organization/datasift","investedIn"
"organization/ia-ventures","organization/amicus","investedIn"
"organization/ia-ventures","organization/datadog","investedIn"
"organization/ia-ventures","organization/consmr","investedIn"
"organization/ia-ventures","organization/signifyd","investedIn"
"organization/ia-ventures","organization/flatiron-health","investedIn"
"organization/ia-ventures","organization/memsql","investedIn"
"organization/ia-ventures","organization/newscred","investedIn"
"organization/ia-ventures","organization/placeiq","investedIn"
"organization/ia-ventures","organization/transferwise","investedIn"
"organization/ia-ventures","organization/digitalocean","investedIn"
"organization/ia-ventures","organization/sulia","investedIn"
"organization/ia-ventures","organization/vectra-networks","investedIn"
"organization/ia-ventures","organization/datasift","investedIn"
"organization/ia-ventures","organization/twice","investedIn"
"organization/ia-ventures","organization/newscred","investedIn"
"organization/ia-ventures","organization/datadog","investedIn"
"organization/ia-ventures","organization/placeiq","investedIn"
"organization/ia-ventures","organization/transcriptic","investedIn"
"organization/ia-ventures","organization/the-trade-desk","investedIn"
"organization/ia-ventures","organization/digitalocean","investedIn"
"organization/ia-ventures","organization/updater","investedIn"
"organization/ia-ventures","organization/x-ai","investedIn"
"organization/ia-ventures","organization/transferwise","investedIn"
"organization/ia-ventures","organization/vectra-networks","investedIn"
"organization/ia-ventures","organization/datarobot","investedIn"
"organization/ideo","organization/food-genius","investedIn"
"organization/ideo","organization/food-genius","investedIn"
"organization/idg-ventures","organization/wecash","investedIn"
"organization/idg-ventures-india","organization/peel-works","investedIn"
"organization/ignition-partners","organization/bluedata-software","investedIn"
"organization/illuminate-ventures","organization/sense-platform","investedIn"
"organization/imagine-k12","organization/learnsprout","investedIn"
"organization/in-q-tel","organization/platfora","investedIn"
"organization/in-q-tel","organization/platfora","investedIn"
"organization/in-q-tel","organization/platfora","investedIn"
"organization/in-q-tel","organization/memsql","investedIn"
"organization/index-ventures","organization/pentaho","investedIn"
"organization/index-ventures","organization/pentaho","investedIn"
"organization/index-ventures","organization/optier","investedIn"
"organization/index-ventures","organization/base-crm","investedIn"
"organization/index-ventures","organization/pentaho","investedIn"
"organization/index-ventures","organization/base-crm","investedIn"
"organization/industrifonden","organization/burt","investedIn"
"organization/informatica","organization/rainstor","investedIn"
"organization/ing-corporate-investments","organization/bright-computing","investedIn"
"organization/ing-group","organization/ngdata","investedIn"
"organization/innovation-endeavors","organization/identified-com","investedIn"
"organization/innovation-endeavors","organization/datorama","investedIn"
"organization/innovation-endeavors","organization/datorama","investedIn"
"organization/innovation-ventures","organization/sidecar","investedIn"
"organization/innovation-ventures","organization/sidecar","investedIn"
"organization/innovation-works","organization/eeme","investedIn"
"organization/inovia-capital","organization/granify","investedIn"
"organization/inovia-capital","organization/granify","investedIn"
"organization/institutional-venture-partners","organization/aster-data-systems","investedIn"
"organization/institutional-venture-partners","organization/aster-data-systems","investedIn"
"organization/intec-it-capital","organization/metaps","investedIn"
"organization/intel-capital","organization/joyent","investedIn"
"organization/intel-capital","organization/joyent","investedIn"
"organization/intel-capital","organization/guavus","investedIn"
"organization/intel-capital","organization/joyent","investedIn"
"organization/intel-capital","organization/guavus","investedIn"
"organization/intel-capital","organization/guavas","investedIn"
"organization/intel-capital","organization/guavus","investedIn"
"organization/intel-capital","organization/maana","investedIn"
"organization/intel-capital","organization/bluedata-software","investedIn"
"organization/intel-capital","organization/coldlight-solutions","investedIn"
"organization/intel-capital","organization/fortscale","investedIn"
"organization/intel-capital","organization/guavus","investedIn"
"organization/intel-capital","organization/maana","investedIn"
"organization/intel-capital","organization/joyent","investedIn"
"organization/intertrust-technologies","organization/marinexplore","investedIn"
"organization/interwest-partners","organization/splice-machine","investedIn"
"organization/inventive-innovations","organization/greenbird-integration-technology","investedIn"
"organization/inventure-oy","organization/cyberlightning-ltd","investedIn"
"organization/inventus-capital-partners","organization/peel-works","investedIn"
"organization/investor-growth-capital","organization/guavus","investedIn"
"organization/investor-growth-capital","organization/guavus","investedIn"
"organization/invus-financial-advisors","organization/opera-solutions","investedIn"
"organization/jafco-ventures","organization/aster-data-systems","investedIn"
"organization/jafco-ventures","organization/aster-data-systems","investedIn"
"organization/jafco-ventures","organization/zephyr-health","investedIn"
"organization/jge-capital-management","organization/opera-solutions","investedIn"
"organization/jtdk","organization/red-carrots-studio","investedIn"
"organization/jump-capital","organization/zettics","investedIn"
"organization/jumpstart-ventures","organization/base-crm","investedIn"
"organization/jungle-ventures","organization/crayon-data-pte-ltd","investedIn"
"organization/juniper-networks","organization/typesafe","investedIn"
"organization/kalaari-capital","organization/germin8","investedIn"
"organization/kapor-capital","organization/ginger-io","investedIn"
"organization/kayne-partners","organization/coldlight-solutions","investedIn"
"organization/kd-capital-l-l-c","organization/food-genius","investedIn"
"organization/kennet-venture-partners","organization/kapow-technologies","investedIn"
"organization/kennet-venture-partners","organization/kapow-technologies","investedIn"
"organization/kensington-capital","organization/zestfinance","investedIn"
"organization/kgc-capital","organization/salespredict","investedIn"
"organization/khosla-ventures","organization/parstream","investedIn"
"organization/khosla-ventures","organization/ginger-io","investedIn"
"organization/khosla-ventures","organization/pymetrics","investedIn"
"organization/khosla-ventures","organization/parstream","investedIn"
"organization/khosla-ventures","organization/lumiata","investedIn"
"organization/khosla-ventures","organization/memsql","investedIn"
"organization/kite-ventures","organization/hitfox-group","investedIn"
"organization/klass-capital","organization/granify","investedIn"
"organization/klass-capital","organization/granify","investedIn"
"organization/kleiner-perkins-caufield-byers","organization/datameer","investedIn"
"organization/kleiner-perkins-caufield-byers","organization/mesosphere","investedIn"
"organization/kleiner-perkins-caufield-byers","organization/datameer","investedIn"
"organization/kleiner-perkins-caufield-byers","organization/zephyr-health","investedIn"
"organization/kreos-capital","organization/kredito","investedIn"
"organization/kreos-capital","organization/kredito","investedIn"
"organization/lakewest-venture-partners","organization/food-genius","investedIn"
"organization/launchcapital","organization/ginger-io","investedIn"
"organization/launchub","organization/next-points","investedIn"
"organization/launchub","organization/transmetrics","investedIn"
"organization/legal-general","organization/wandisco","investedIn"
"organization/lehman-brothers","organization/marklogic","investedIn"
"organization/lehman-brothers","organization/marklogic","investedIn"
"organization/lg-innovation-ventures","organization/joyent","investedIn"
"organization/liberty-global","organization/joyent","investedIn"
"organization/lifeline-ventures","organization/airstone-labs","investedIn"
"organization/lighthouse-capital-partners","organization/transera-communications","investedIn"
"organization/lighthouse-capital-partners","organization/zestfinance","investedIn"
"organization/lightspeed-venture-partners","organization/optier","investedIn"
"organization/lightspeed-venture-partners","organization/optier","investedIn"
"organization/lightspeed-venture-partners","organization/optier","investedIn"
"organization/lightspeed-venture-partners","organization/optier","investedIn"
"organization/lightspeed-venture-partners","organization/fusion-io","investedIn"
"organization/lightspeed-venture-partners","organization/mapr-technologies","investedIn"
"organization/lightspeed-venture-partners","organization/fusion-io","investedIn"
"organization/lightspeed-venture-partners","organization/bloomreach","investedIn"
"organization/lightspeed-venture-partners","organization/zestfinance","investedIn"
"organization/lightspeed-venture-partners","organization/mapr-technologies","investedIn"
"organization/lightspeed-venture-partners","organization/zestfinance","investedIn"
"organization/lightspeed-venture-partners","organization/bloomreach","investedIn"
"organization/lightspeed-venture-partners","organization/numedii","investedIn"
"organization/lightspeed-venture-partners","organization/mapr-technologies","investedIn"
"organization/lightspeed-venture-partners","organization/zestfinance","investedIn"
"organization/lightspeed-venture-partners","organization/jut-inc","investedIn"
"organization/lightspeed-venture-partners","organization/mapr-technologies","investedIn"
"organization/logispring","organization/groupvisual-io","investedIn"
"organization/lucas-venture-group","organization/reverb-technologies","investedIn"
"organization/lucas-venture-group","organization/chegg","investedIn"
"organization/lucas-venture-group","organization/reverb-technologies","investedIn"
"organization/lucas-venture-group","organization/chegg","investedIn"
"organization/lucas-venture-group","organization/reputation-com","investedIn"
"organization/lucas-venture-group","organization/reverb-technologies","investedIn"
"organization/lucas-venture-group","organization/touchofmodern","investedIn"
"organization/lucas-venture-group","organization/liquidspace","investedIn"
"organization/madrona-venture-group","organization/context-relevant","investedIn"
"organization/madrona-venture-group","organization/context-relevant","investedIn"
"organization/madrona-venture-group","organization/graphlab","investedIn"
"organization/madrona-venture-group","organization/context-relevant","investedIn"
"organization/madrona-venture-group","organization/context-relevant","investedIn"
"organization/mag-fund","organization/sidecar","investedIn"
"organization/magma-venture-partners","organization/xplenty","investedIn"
"organization/marker","organization/datorama","investedIn"
"organization/mars-investment-accelerator-fund","organization/rubikloud","investedIn"
"organization/matrix-partners","organization/inflection","investedIn"
"organization/matrix-partners","organization/zestfinance","investedIn"
"organization/matrix-partners","organization/sqrrl","investedIn"
"organization/matrix-partners","organization/zestfinance","investedIn"
"organization/matrix-partners","organization/sqrrl","investedIn"
"organization/mayfield-fund","organization/mapr-technologies","investedIn"
"organization/mayfield-fund","organization/mapr-technologies","investedIn"
"organization/media-camp","organization/channelmeter","investedIn"
"organization/menlo-ventures","organization/paraccel","investedIn"
"organization/menlo-ventures","organization/paraccel","investedIn"
"organization/menlo-ventures","organization/takipi","investedIn"
"organization/mercato-partners","organization/fusion-io","investedIn"
"organization/mercury-fund","organization/infochimps","investedIn"
"organization/mercury-fund","organization/infochimps","investedIn"
"organization/mercury-fund","organization/infochimps","investedIn"
"organization/meritech-capital-partners","organization/fusion-io","investedIn"
"organization/mfi-capital","organization/infochimps","investedIn"
"organization/mindful-investors","organization/bina-technologies","investedIn"
"organization/miramar-venture-partners","organization/predixion-software","investedIn"
"organization/miramar-venture-partners","organization/predixion-software","investedIn"
"organization/miramar-venture-partners","organization/predixion-software","investedIn"
"organization/miramar-venture-partners","organization/cirro","investedIn"
"organization/mission-ventures","organization/alpine-data-labs","investedIn"
"organization/mission-ventures","organization/alpine-data-labs","investedIn"
"organization/mitsui","organization/gns-healthcare","investedIn"
"organization/mitsui-sumitomo-insurance-company","organization/metaps","investedIn"
"organization/mohr-davidow-ventures","organization/paraccel","investedIn"
"organization/mohr-davidow-ventures","organization/paraccel","investedIn"
"organization/mohr-davidow-ventures","organization/paraccel","investedIn"
"organization/mohr-davidow-ventures","organization/gridiron-systems","investedIn"
"organization/mohr-davidow-ventures","organization/splice-machine","investedIn"
"organization/mohr-davidow-ventures","organization/karmasphere","investedIn"
"organization/mohr-davidow-ventures","organization/splice-machine","investedIn"
"organization/morado-ventures-partners","organization/justone-database-inc","investedIn"
"organization/morgan-stanley","organization/kapow-technologies","investedIn"
"organization/morgan-stanley","organization/optier","investedIn"
"organization/motorola-solutions-venture-capital","organization/kxen","investedIn"
"organization/naya-ventures","organization/motivity-labs","investedIn"
"organization/naya-ventures","organization/oyokey","investedIn"
"organization/naya-ventures","organization/snapone-inc","investedIn"
"organization/naya-ventures","organization/minetta-brook","investedIn"
"organization/naya-ventures","organization/appnique","investedIn"
"organization/naya-ventures","organization/altia-systems","investedIn"
"organization/naya-ventures","organization/zoomingo","investedIn"
"organization/naya-ventures","organization/poslavu","investedIn"
"organization/naya-ventures","organization/keeptrax","investedIn"
"organization/naya-ventures","organization/boxfish","investedIn"
"organization/naya-ventures","organization/glympse","investedIn"
"organization/ndrc","organization/boxever","investedIn"
"organization/neostella-capital","organization/metaps","investedIn"
"organization/neu-venture-capital","organization/lucky-sort","investedIn"
"organization/new-enterprise-associates","organization/pentaho","investedIn"
"organization/new-enterprise-associates","organization/pentaho","investedIn"
"organization/new-enterprise-associates","organization/fusion-io","investedIn"
"organization/new-enterprise-associates","organization/fusion-io","investedIn"
"organization/new-enterprise-associates","organization/mapr-technologies","investedIn"
"organization/new-enterprise-associates","organization/fusion-io","investedIn"
"organization/new-enterprise-associates","organization/memsql","investedIn"
"organization/new-enterprise-associates","organization/mapr-technologies","investedIn"
"organization/new-enterprise-associates","organization/wibidata","investedIn"
"organization/new-enterprise-associates","organization/aerospike","investedIn"
"organization/new-enterprise-associates","organization/bloomreach","investedIn"
"organization/new-enterprise-associates","organization/pentaho","investedIn"
"organization/new-enterprise-associates","organization/zoomdata","investedIn"
"organization/new-enterprise-associates","organization/wibidata","investedIn"
"organization/new-enterprise-associates","organization/graphlab","investedIn"
"organization/new-enterprise-associates","organization/zoomdata","investedIn"
"organization/new-enterprise-associates","organization/mapr-technologies","investedIn"
"organization/new-enterprise-associates","organization/fiscalnote","investedIn"
"organization/new-enterprise-associates","organization/crowdchat","investedIn"
"organization/new-enterprise-associates","organization/aerospike","investedIn"
"organization/new-enterprise-associates","organization/mapr-technologies","investedIn"
"organization/new-enterprise-associates","organization/databricks","investedIn"
"organization/new-enterprise-associates","organization/zoomdata","investedIn"
"organization/new-york-life-insurance-co","organization/context-relevant","investedIn"
"organization/newfund-management","organization/polyspot","investedIn"
"organization/newspring-capital","organization/velocidata","investedIn"
"organization/next-world-capital","organization/datameer","investedIn"
"organization/nextstage-capital","organization/kxen","investedIn"
"organization/nextstage-capital","organization/sidecar","investedIn"
"organization/nextstage-capital","organization/sidecar","investedIn"
"organization/nextview-ventures","organization/bridj","investedIn"
"organization/nexus-venture-partners","organization/0xdata","investedIn"
"organization/nexus-venture-partners","organization/0xdata","investedIn"
"organization/nippon-venture-capital","organization/metaps","investedIn"
"organization/nissay-capital","organization/flydata","investedIn"
"organization/nissay-capital","organization/flydata","investedIn"
"organization/nonami-investments","organization/springbot","investedIn"
"organization/north-bridge-venture-partners","organization/zettics","investedIn"
"organization/north-bridge-venture-partners","organization/zettics","investedIn"
"organization/north-bridge-venture-partners","organization/cazena","investedIn"
"organization/northcap","organization/kapow-technologies","investedIn"
"organization/northgate-capital","organization/marklogic","investedIn"
"organization/northgate-capital","organization/zestfinance","investedIn"
"organization/northzone-ventures","organization/imagini","investedIn"
"organization/northzone-ventures","organization/imagini","investedIn"
"organization/norwest-venture-partners","organization/pontis","investedIn"
"organization/norwest-venture-partners","organization/1010data","investedIn"
"organization/norwest-venture-partners","organization/insightsone","investedIn"
"organization/norwest-venture-partners","organization/exabeam","investedIn"
"organization/novabase-capital","organization/feedzai","investedIn"
"organization/nvidia","organization/map-d","investedIn"
"organization/oca-ventures","organization/base-crm","investedIn"
"organization/oca-ventures","organization/base-crm","investedIn"
"organization/oca-ventures","organization/base-crm","investedIn"
"organization/odyssee-venture","organization/fastconnect","investedIn"
"organization/olive-ventures","organization/food-genius","investedIn"
"organization/omidyar-network","organization/cignifi","investedIn"
"organization/omidyar-network","organization/cignifi","investedIn"
"organization/openair-ventures","organization/zettics","investedIn"
"organization/openair-ventures","organization/zettics","investedIn"
"organization/opus-capital","organization/sisense","investedIn"
"organization/opus-capital","organization/sisense","investedIn"
"organization/opus-capital","organization/sisense","investedIn"
"organization/orascom-tmt-investments","organization/joyent","investedIn"
"organization/osage-ventures","organization/sidecar","investedIn"
"organization/pacven-walden-ventures","organization/paraccel","investedIn"
"organization/palomar-ventures","organization/predixion-software","investedIn"
"organization/palomar-ventures","organization/predixion-software","investedIn"
"organization/pelion-venture-partners","organization/fusion-io","investedIn"
"organization/peninsula-equity-partners","organization/seecontrol","investedIn"
"organization/peregrine-ventures","organization/marketyze","investedIn"
"organization/pitango-venture-capital","organization/optier","investedIn"
"organization/pitango-venture-capital","organization/optier","investedIn"
"organization/pitango-venture-capital","organization/optier","investedIn"
"organization/pitango-venture-capital","organization/optier","investedIn"
"organization/pitango-venture-capital","organization/optier","investedIn"
"organization/pitango-venture-capital","organization/optier","investedIn"
"organization/pitango-venture-capital","organization/salespredict","investedIn"
"organization/plug-and-play-ventures","organization/graphdive","investedIn"
"organization/plug-and-play-ventures","organization/ngdata","investedIn"
"organization/plug-and-play-ventures","organization/graphdive","investedIn"
"organization/plug-and-play-ventures","organization/efinancial-communications","investedIn"
"organization/plug-and-play-ventures","organization/fiscalnote","investedIn"
"organization/plug-and-play-ventures","organization/graphdive","investedIn"
"organization/plug-and-play-ventures","organization/predikt","investedIn"
"organization/point-nine-capital","organization/kredito","investedIn"
"organization/point-nine-capital","organization/kredito","investedIn"
"organization/point-nine-capital","organization/kredito","investedIn"
"organization/point-nine-capital","organization/kredito","investedIn"
"organization/polaris-partners","organization/nextcode-health","investedIn"
"organization/polaris-partners","organization/boxever","investedIn"
"organization/polytech-ventures","organization/typesafe","investedIn"
"organization/presidio-stx","organization/terracota","investedIn"
"organization/presidio-ventures","organization/karmasphere","investedIn"
"organization/prime-technology-ventures","organization/bright-computing","investedIn"
"organization/pritzker-group-venture-capital","organization/food-genius","investedIn"
"organization/pritzker-group-venture-capital","organization/food-genius","investedIn"
"organization/pritzker-group-venture-capital","organization/food-genius","investedIn"
"organization/prova-investments","organization/evoapp","investedIn"
"organization/qualcomm-ventures","organization/mapr-technologies","investedIn"
"organization/questmark","organization/guavus","investedIn"
"organization/questmark","organization/guavus","investedIn"
"organization/raptor-ventures","organization/sociocast-networks","investedIn"
"organization/razors-edge-fund","organization/zoomdata","investedIn"
"organization/razors-edge-fund","organization/zoomdata","investedIn"
"organization/redpoint-ventures","organization/ebureau","investedIn"
"organization/redpoint-ventures","organization/ebureau","investedIn"
"organization/redpoint-ventures","organization/datameer","investedIn"
"organization/redpoint-ventures","organization/mapr-technologies","investedIn"
"organization/redpoint-ventures","organization/datameer","investedIn"
"organization/redpoint-ventures","organization/mapr-technologies","investedIn"
"organization/redpoint-ventures","organization/datameer","investedIn"
"organization/redpoint-ventures","organization/mapr-technologies","investedIn"
"organization/rembrant-venture-partners","organization/concurrent-inc","investedIn"
"organization/rembrant-venture-partners","organization/concurrent-inc","investedIn"
"organization/rembrant-venture-partners","organization/concurrent-inc","investedIn"
"organization/reventon-b-v","organization/cept-systems","investedIn"
"organization/rising-tide-fund","organization/womply","investedIn"
"organization/rising-tide-fund","organization/womply","investedIn"
"organization/rising-tide-fund","organization/grantoo","investedIn"
"organization/robert-bosch-venture-capital","organization/alpine-data-labs","investedIn"
"organization/robin-hood-ventures","organization/sidecar","investedIn"
"organization/rock-health","organization/ginger-io","investedIn"
"organization/rock-health","organization/canceriq","investedIn"
"organization/rogers-venture-partners","organization/rainstor","investedIn"
"organization/rolling-bay-ventures","organization/context-relevant","investedIn"
"organization/romulus-capital","organization/ginger-io","investedIn"
"organization/romulus-capital","organization/ginger-io","investedIn"
"organization/rre-ventures","organization/base-crm","investedIn"
"organization/rsl-venture-partners","organization/salespredict","investedIn"
"organization/rtp-ventures","organization/gridgain-systems","investedIn"
"organization/rtp-ventures","organization/gridgain-systems","investedIn"
"organization/rtp-ventures","organization/sisense","investedIn"
"organization/ru-net-holdings","organization/gridgain-systems","investedIn"
"organization/runa-capital","organization/domosayt","investedIn"
"organization/saints-capital","organization/kxen","investedIn"
"organization/samsung-ventures","organization/learnsprout","investedIn"
"organization/sandbox-industries","organization/lumiata","investedIn"
"organization/sansei-capital-investment","organization/metaps","investedIn"
"organization/sap-ventures","organization/feedzai","investedIn"
"organization/sb-ventures","organization/evoapp","investedIn"
"organization/science","organization/everysignal","investedIn"
"organization/sequoia-capital","organization/marklogic","investedIn"
"organization/sequoia-capital","organization/marklogic","investedIn"
"organization/sequoia-capital","organization/pontis","investedIn"
"organization/sequoia-capital","organization/aster-data-systems","investedIn"
"organization/sequoia-capital","organization/marklogic","investedIn"
"organization/sequoia-capital","organization/pontis","investedIn"
"organization/sequoia-capital","organization/aster-data-systems","investedIn"
"organization/sequoia-capital","organization/marklogic","investedIn"
"organization/sequoia-capital","organization/aster-data-systems","investedIn"
"organization/sequoia-capital","organization/mu-sigma","investedIn"
"organization/sequoia-capital","organization/mellmo","investedIn"
"organization/sequoia-capital","organization/mintigo","investedIn"
"organization/sequoia-capital","organization/marklogic","investedIn"
"organization/sequoia-capital","organization/mintigo","investedIn"
"organization/sequoia-capital","organization/sumo-logic","investedIn"
"organization/sg-vc","organization/salespredict","investedIn"
"organization/shasta-ventures","organization/typesafe","investedIn"
"organization/sierra-ventures","organization/alpine-data-labs","investedIn"
"organization/sierra-ventures","organization/bina-technologies","investedIn"
"organization/sierra-ventures","organization/treasure-data","investedIn"
"organization/sierra-ventures","organization/alpine-data-labs","investedIn"
"organization/silicon-straits","organization/lift12","investedIn"
"organization/silicon-valley-bank","organization/paraccel","investedIn"
"organization/silicon-valley-bank","organization/mapr-technologies","investedIn"
"organization/silver-lake-partners","organization/opera-solutions","investedIn"
"organization/singtel-innov8","organization/guavus","investedIn"
"organization/skta-innopartners","organization/n42","investedIn"
"organization/smbc-venture-capital","organization/metaps","investedIn"
"organization/sniper-investments","organization/ngdata","investedIn"
"organization/sniper-investments","organization/ngdata","investedIn"
"organization/social-starts","organization/lucky-sort","investedIn"
"organization/social-starts","organization/flydata","investedIn"
"organization/social-starts","organization/granify","investedIn"
"organization/sofinnova-ventures","organization/kxen","investedIn"
"organization/sofinnova-ventures","organization/guavus","investedIn"
"organization/sofinnova-ventures","organization/guavus","investedIn"
"organization/sofinnova-ventures","organization/guavas","investedIn"
"organization/sofinnova-ventures","organization/guavus","investedIn"
"organization/sofinnova-ventures","organization/guavus","investedIn"
"organization/software-ag","organization/datameer","investedIn"
"organization/sopris-capital","organization/federated-sample","investedIn"
"organization/spitzcool","organization/synerscope","investedIn"
"organization/split-rock-partners","organization/ebureau","investedIn"
"organization/split-rock-partners","organization/ebureau","investedIn"
"organization/stage-one-capital","organization/infochimps","investedIn"
"organization/stage-one-capital","organization/infochimps","investedIn"
"organization/stanford-management","organization/seecontrol","investedIn"
"organization/stanford-university","organization/alpine-data-labs","investedIn"
"organization/stanford-university","organization/autogrid","investedIn"
"organization/start-capital","organization/graphdive","investedIn"
"organization/start-capital","organization/graphdive","investedIn"
"organization/start-fund","organization/memsql","investedIn"
"organization/start-up-chile","organization/escapeswithyou","investedIn"
"organization/start-up-chile","organization/dazo","investedIn"
"organization/start-up-chile","organization/gpnx","investedIn"
"organization/startupbootcamp","organization/getbulb","investedIn"
"organization/steamboat-ventures","organization/kapow-technologies","investedIn"
"organization/steamboat-ventures","organization/zettics","investedIn"
"organization/steamboat-ventures","organization/zettics","investedIn"
"organization/steamboat-ventures","organization/zettics","investedIn"
"organization/steamboat-ventures","organization/zettics","investedIn"
"organization/storm-ventures","organization/transera-communications","investedIn"
"organization/storm-ventures","organization/transera-communications","investedIn"
"organization/storm-ventures","organization/transera-communications","investedIn"
"organization/storm-ventures","organization/rainstor","investedIn"
"organization/storm-ventures","organization/rainstor","investedIn"
"organization/suffolk-equity-partners","organization/bridj","investedIn"
"organization/sumitomo-corporation-equity-asia","organization/alpine-data-labs","investedIn"
"organization/sumitomo-ventures","organization/fusion-io","investedIn"
"organization/susa-ventures","organization/zephyr-health","investedIn"
"organization/sutter-hill-ventures","organization/inflection","investedIn"
"organization/sutter-hill-ventures","organization/platfora","investedIn"
"organization/sutter-hill-ventures","organization/sumo-logic","investedIn"
"organization/sutter-hill-ventures","organization/platfora","investedIn"
"organization/sutter-hill-ventures","organization/sumo-logic","investedIn"
"organization/sutter-hill-ventures","organization/platfora","investedIn"
"organization/sutter-hill-ventures","organization/sumo-logic","investedIn"
"organization/sv-angel","organization/aster-data-systems","investedIn"
"organization/sv-angel","organization/wibidata","investedIn"
"organization/sv-angel","organization/memsql","investedIn"
"organization/sv-angel","organization/wibidata","investedIn"
"organization/swarth-group","organization/fortscale","investedIn"
"organization/swarth-group","organization/fortscale","investedIn"
"organization/tahincioglu-ventures","organization/8digits","investedIn"
"organization/tao-venture-partners","organization/paraccel","investedIn"
"organization/tao-venture-partners","organization/paraccel","investedIn"
"organization/tech-mahindra","organization/fixstream-network","investedIn"
"organization/technologiegrnderfonds-sachsen","organization/data-virtuality","investedIn"
"organization/techoperators","organization/springbot","investedIn"
"organization/techstars","organization/ginger-io","investedIn"
"organization/techstars","organization/mortar-data","investedIn"
"organization/techstars","organization/databox","investedIn"
"organization/tekes","organization/cyberlightning-ltd","investedIn"
"organization/telefonica-digital","organization/boku","investedIn"
"organization/telefonica-digital","organization/box","investedIn"
"organization/telefonica-ventures","organization/joyent","investedIn"
"organization/tenaya-capital","organization/marklogic","investedIn"
"organization/tenaya-capital","organization/ebureau","investedIn"
"organization/tenaya-capital","organization/marklogic","investedIn"
"organization/tenaya-capital","organization/platfora","investedIn"
"organization/tengelmann-e-commerce-beteiligungs","organization/hitfox-group","investedIn"
"organization/the-artesian-group","organization/content-savvy","investedIn"
"organization/the-artesian-group","organization/content-savvy","investedIn"
"organization/the-bulb","organization/we-are-cloud","investedIn"
"organization/the-dow-chemical-company","organization/rainstor","investedIn"
"organization/the-dow-chemical-company","organization/rainstor","investedIn"
"organization/the-social-capital-partnership","organization/bityota","investedIn"
"organization/the-social-capital-partnership","organization/base-crm","investedIn"
"organization/the-social-capital-partnership","organization/data-elite","investedIn"
"organization/the-social-capital-partnership","organization/base-crm","investedIn"
"organization/the-social-internet-fund","organization/gamesalad","investedIn"
"organization/the-social-internet-fund","organization/yashi","investedIn"
"organization/the-social-internet-fund","organization/optimal","investedIn"
"organization/the-social-internet-fund","organization/appcelerator","investedIn"
"organization/the-social-internet-fund","organization/sift-shopping","investedIn"
"organization/the-social-internet-fund","organization/copromote","investedIn"
"organization/the-social-internet-fund","organization/triple-lift","investedIn"
"organization/toba-capital","organization/predixion-software","investedIn"
"organization/toba-capital","organization/cirro","investedIn"
"organization/tola-capital","organization/opera-solutions","investedIn"
"organization/tola-capital","organization/parstream","investedIn"
"organization/transamerica-ventures","organization/0xdata","investedIn"
"organization/transcosmos","organization/twelvefoldmedia","investedIn"
"organization/transcosmos","organization/twelvefoldmedia","investedIn"
"organization/translink-capital","organization/guavus","investedIn"
"organization/transmedia-capital","organization/relevvant","investedIn"
"organization/transmedia-capital","organization/identified-com","investedIn"
"organization/trentorise","organization/spaziodati","investedIn"
"organization/triangle-peak-partners","organization/fusion-io","investedIn"
"organization/trinity-ventures","organization/gridiron-systems","investedIn"
"organization/true-global-ventures","organization/polyspot","investedIn"
"organization/true-ventures","organization/adku","investedIn"
"organization/true-ventures","organization/concurrent-inc","investedIn"
"organization/true-ventures","organization/nodeable","investedIn"
"organization/true-ventures","organization/ginger-io","investedIn"
"organization/true-ventures","organization/terraechos","investedIn"
"organization/true-ventures","organization/ginger-io","investedIn"
"organization/true-ventures","organization/airstone-labs","investedIn"
"organization/true-ventures","organization/concurrent-inc","investedIn"
"organization/true-ventures","organization/concurrent-inc","investedIn"
"organization/trump-group-ventures","organization/marketyze","investedIn"
"organization/ttv-capital","organization/springbot","investedIn"
"organization/two-sigma-investments","organization/ufora","investedIn"
"organization/umc-capital","organization/alpine-data-labs","investedIn"
"organization/university-of-maryland","organization/fiscalnote","investedIn"
"organization/us-venture-partners","organization/karmasphere","investedIn"
"organization/us-venture-partners","organization/karmasphere","investedIn"
"organization/us-venture-partners","organization/karmasphere","investedIn"
"organization/v-rde-partners","organization/kredito","investedIn"
"organization/valar-ventures","organization/granify","investedIn"
"organization/valar-ventures","organization/granify","investedIn"
"organization/vantagepoint-capital-partners","organization/identified-com","investedIn"
"organization/venturecapital-de","organization/kognitio","investedIn"
"organization/viola-credit","organization/optier","investedIn"
"organization/viola-credit","organization/optier","investedIn"
"organization/visionnaire-ventures","organization/fiscalnote","investedIn"
"organization/voodoo-ventures","organization/federated-sample","investedIn"
"organization/voyager-capital","organization/zettics","investedIn"
"organization/voyager-capital","organization/zettics","investedIn"
"organization/voyager-capital","organization/autogrid","investedIn"
"organization/voyager-capital","organization/zettics","investedIn"
"organization/voyager-capital","organization/autogrid","investedIn"
"organization/vulcan-capital","organization/context-relevant","investedIn"
"organization/vulcan-capital","organization/context-relevant","investedIn"
"organization/waarde-capital","organization/xplenty","investedIn"
"organization/walden-international","organization/paraccel","investedIn"
"organization/walden-international","organization/paraccel","investedIn"
"organization/walden-international","organization/paraccel","investedIn"
"organization/wayra","organization/nubimetrics","investedIn"
"organization/wayra","organization/dattch","investedIn"
"organization/wayra","organization/econodata","investedIn"
"organization/webb-investment-network","organization/bityota","investedIn"
"organization/webb-investment-network","organization/bityota","investedIn"
"organization/wellington-partners","organization/justone-database-inc","investedIn"
"organization/west-coast-capital","organization/ecommera","investedIn"
"organization/west-coast-capital","organization/ecommera","investedIn"
"organization/western-technology-investment","organization/seecontrol","investedIn"
"organization/western-technology-investment","organization/twelvefoldmedia","investedIn"
"organization/western-technology-investment","organization/ecommera","investedIn"
"organization/wi-harper-group","organization/think-big-analytics","investedIn"
"organization/wilbanks-smith-thomas","organization/evoapp","investedIn"
"organization/wilson-sonsini-goodrich-rosati","organization/seecontrol","investedIn"
"organization/wing-venture-capital","organization/platfora","investedIn"
"organization/wing-venture-capital","organization/insightsone","investedIn"
"organization/wing-venture-capital","organization/platfora","investedIn"
"organization/wing-venture-capital","organization/jut-inc","investedIn"
"organization/wipro","organization/opera-solutions","investedIn"
"organization/wipro","organization/opera-solutions","investedIn"
"organization/work-bench","organization/context-relevant","investedIn"
"organization/workday","organization/datameer","investedIn"
"organization/wpp","organization/ecommera","investedIn"
"organization/xange-private-equity","organization/sinequa","investedIn"
"organization/xange-private-equity","organization/kxen","investedIn"
"organization/xg-ventures","organization/adku","investedIn"
"organization/xg-ventures","organization/adku","investedIn"
"organization/y-combinator","organization/infogami","investedIn"
"organization/y-combinator","organization/memsql","investedIn"
"organization/y-combinator","organization/bigcalc","investedIn"
"organization/y-combinator","organization/bayes-impact","investedIn"
"organization/yandex","organization/salespredict","investedIn"
"organization/yl-ventures","organization/clicktale","investedIn"
"organization/yl-ventures","organization/fasterweb","investedIn"
"organization/yl-ventures","organization/seculert","investedIn"
"organization/yl-ventures","organization/upstream-commerce","investedIn"
"organization/yl-ventures","organization/6scan","investedIn"
"organization/yl-ventures","organization/blazemeter","investedIn"
"organization/yl-ventures","organization/seculert","investedIn"
"organization/yl-ventures","organization/6scan","investedIn"
"organization/yl-ventures","organization/upstream-commerce","investedIn"
"organization/yl-ventures","organization/firelayers","investedIn"
"organization/yl-ventures","organization/blazemeter","investedIn"
"organization/yl-ventures","organization/hexadite","investedIn"
"organization/youngbrains","organization/kredito","investedIn"
"organization/zirngast","organization/cept-systems","investedIn"
"organization/zodius-capital","organization/antuit","investedIn"
"organization/zodius-capital","organization/culture-machine","investedIn"
"organization/zodius-capital","organization/bigbasket-com","investedIn"
"organization/zpark-venture","organization/koemei","investedIn"
"organization/zpark-venture","organization/enplug","investedIn"
"organization/zpark-venture","organization/coinify-inc","investedIn"
"organization/zpark-venture","organization/unbabel","investedIn"
"organization/zpark-venture","organization/popapp","investedIn"
"person/adam-caplan","organization/granify","investedIn"
"person/adam-riggs","organization/lucky-sort","investedIn"
"person/adam-wiggins","organization/treasure-data","investedIn"
"person/alex-edelstein","organization/servio","investedIn"
"person/alex-payne","organization/lucky-sort","investedIn"
"person/alexander-tamas","organization/identified-com","investedIn"
"person/alireza-masrour","organization/fiscalnote","investedIn"
"person/anand-babu-ab-periasamy","organization/treasure-data","investedIn"
"person/anand-rajaraman","organization/aster-data-systems","investedIn"
"person/anand-rajaraman","organization/data-elite","investedIn"
"person/andrew-palmer","organization/pymetrics","investedIn"
"person/andy-phillips","organization/dattch","investedIn"
"person/andy-rankin","organization/cirro","investedIn"
"person/ash-bhardwaj","organization/0xdata","investedIn"
"person/ashton-kutcher","organization/memsql","investedIn"
"person/audrey-maclean","organization/silicon-valley-data-science","investedIn"
"person/augusta-giovannoli","organization/tykli","investedIn"
"person/b7inc-peter-thorp","organization/zoomdata","investedIn"
"person/ben-ling","organization/learnsprout","investedIn"
"person/bill-draper","organization/identified-com","investedIn"
"person/bill-draper","organization/identified-com","investedIn"
"person/bill-tai","organization/treasure-data","investedIn"
"person/bill-tai","organization/treasure-data","investedIn"
"person/bill-warner","organization/ginger-io","investedIn"
"person/bob-pasker","organization/terracota","investedIn"
"person/bob-pittman","organization/pymetrics","investedIn"
"person/bob-romney","organization/maana","investedIn"
"person/bobby-yazdani","organization/sociocast-networks","investedIn"
"person/brad-jones-2","organization/cirro","investedIn"
"person/chamath-palihapitiya","organization/identified-com","investedIn"
"person/chris-dixon","organization/bloomreach","investedIn"
"person/chris-mcgill","organization/zoomdata","investedIn"
"person/christopher-galvin","organization/velocidata","investedIn"
"person/christy-shaffer","organization/evoapp","investedIn"
"person/christy-shaffer","organization/evoapp","investedIn"
"person/conor-stanley","organization/boxever","investedIn"
"person/dan-gilbert","organization/sociocast-networks","investedIn"
"person/dan-scheinman","organization/treasure-data","investedIn"
"person/dan-scheinman","organization/think-big-analytics","investedIn"
"person/david-cheriton","organization/aster-data-systems","investedIn"
"person/david-cheriton","organization/aster-data-systems","investedIn"
"person/david-young","organization/joyent","investedIn"
"person/deebek-ventures","organization/identified-com","investedIn"
"person/doug-imbruce","organization/sociocast-networks","investedIn"
"person/eli-farkash","organization/sisense","investedIn"
"person/elias-zerhouni","organization/evoapp","investedIn"
"person/eric-chin","organization/silicon-valley-data-science","investedIn"
"person/eric-schmidt","organization/wibidata","investedIn"
"person/eric-schmidt","organization/wibidata","investedIn"
"person/erik-moore","organization/relevvant","investedIn"
"person/fabrice-grinda","organization/granify","investedIn"
"person/felix-haas","organization/kredito","investedIn"
"person/frank-quattrone","organization/silicon-valley-data-science","investedIn"
"person/franois-stieger","organization/typesafe","investedIn"
"person/fredrik-astrup","organization/marinexplore","investedIn"
"person/gary-bloom","organization/marklogic","investedIn"
"person/geoff-entress","organization/context-relevant","investedIn"
"person/giordano-bruno-contestabile","organization/granify","investedIn"
"person/guy-oseary","organization/memsql","investedIn"
"person/harris-barton","organization/silicon-valley-data-science","investedIn"
"person/heiko-hubertz","organization/hitfox-group","investedIn"
"person/heiko-hubertz","organization/kredito","investedIn"
"person/hemang-gadhia","organization/zoomdata","investedIn"
"person/henry-kaestner","organization/evoapp","investedIn"
"person/howard-teich","organization/geostellar","investedIn"
"person/itzhak-fisher","organization/taptica","investedIn"
"person/ivar-siimar","organization/marinexplore","investedIn"
"person/james-joaquin","organization/ginger-io","investedIn"
"person/james-lindenbaum","organization/treasure-data","investedIn"
"person/jamie-macdonald","organization/granify","investedIn"
"person/janis-krums","organization/memsql","investedIn"
"person/jared-kopf","organization/granify","investedIn"
"person/jay-virdy","organization/zoomdata","investedIn"
"person/jeff-hammerbacher","organization/pymetrics","investedIn"
"person/jeff-rusinow","organization/relevvant","investedIn"
"person/jerry-neumann","organization/granify","investedIn"
"person/jerry-yang","organization/treasure-data","investedIn"
"person/jerry-yang","organization/zendrive","investedIn"
"person/jill-preotle","organization/bridj","investedIn"
"person/jim-mclean","organization/silicon-valley-data-science","investedIn"
"person/jim-ziperski","organization/evoapp","investedIn"
"person/joe-desimone","organization/evoapp","investedIn"
"person/joe-zawadzki","organization/sociocast-networks","investedIn"
"person/joel-peterson","organization/identified-com","investedIn"
"person/john-glynn","organization/identified-com","investedIn"
"person/john-kensey","organization/maana","investedIn"
"person/jonathan-james","organization/granify","investedIn"
"person/justin-tan-2","organization/learnsprout","investedIn"
"person/karl-jacob","organization/memsql","investedIn"
"person/kh-lim","organization/lift12","investedIn"
"person/kimberly-jenkins","organization/evoapp","investedIn"
"person/kiyoshi-nishikawa","organization/flydata","investedIn"
"person/kiyoshi-nishikawa","organization/flydata","investedIn"
"person/lars-erik-baustad","organization/marinexplore","investedIn"
"person/luke-shepard","organization/learnsprout","investedIn"
"person/magid-abraham","organization/zoomdata","investedIn"
"person/marco-bergmann","organization/memsql","investedIn"
"person/marek-kiisa","organization/marinexplore","investedIn"
"person/mark-cuban","organization/fiscalnote","investedIn"
"person/mark-larosa-2","organization/memsql","investedIn"
"person/matt-turck","organization/mortar-data","investedIn"
"person/max-levchin","organization/zendrive","investedIn"
"person/michael-brehm","organization/kredito","investedIn"
"person/michael-g-rubin","organization/sidecar","investedIn"
"person/michael-g-rubin","organization/sidecar","investedIn"
"person/michael-g-rubin","organization/sidecar","investedIn"
"person/michael-kim","organization/silicon-valley-data-science","investedIn"
"person/michael-marks","organization/0xdata","investedIn"
"person/mike-olson","organization/wibidata","investedIn"
"person/mitch-kapor","organization/relevvant","investedIn"
"person/naguib-sawiris","organization/graphdive","investedIn"
"person/neil-kataria","organization/zoomdata","investedIn"
"person/ngi-group","organization/metaps","investedIn"
"person/nick-koudas","organization/granify","investedIn"
"person/nilesh-bansal","organization/granify","investedIn"
"person/nils-holger-henning","organization/kredito","investedIn"
"person/norman-packard","organization/lucky-sort","investedIn"
"person/orion-henry","organization/treasure-data","investedIn"
"person/paige-craig","organization/identified-com","investedIn"
"person/paige-craig","organization/identified-com","investedIn"
"person/paul-buchheit","organization/memsql","investedIn"
"person/paul-buyink","organization/synerscope","investedIn"
"person/pejman-nozad","organization/graphdive","investedIn"
"person/peter-de-roetth","organization/nara-me","investedIn"
"person/peter-thiel","organization/joyent","investedIn"
"person/peter-thorp","organization/zoomdata","investedIn"
"person/philip-fung","organization/learnsprout","investedIn"
"person/raj-sandhu","organization/identified-com","investedIn"
"person/rajesh-ambati","organization/0xdata","investedIn"
"person/rakesh-mathur","organization/0xdata","investedIn"
"person/ravi-mantha","organization/crayon-data-pte-ltd","investedIn"
"person/ravi-thakran","organization/crayon-data-pte-ltd","investedIn"
"person/raymond-tonsing","organization/memsql","investedIn"
"person/regis-mckenna","organization/aerospike","investedIn"
"person/richard-dale","organization/ginger-io","investedIn"
"person/richard-dale","organization/mortar-data","investedIn"
"person/rick-stone","organization/evoapp","investedIn"
"person/roger-bamford","organization/splice-machine","investedIn"
"person/roger-j-sippl","organization/splice-machine","investedIn"
"person/roham-gharegozlou","organization/graphdive","investedIn"
"person/ron-conway","organization/aster-data-systems","investedIn"
"person/ron-conway","organization/data-elite","investedIn"
"person/ron-garret","organization/memsql","investedIn"
"person/russell-cosentino","organization/zoomdata","investedIn"
"person/ryan-allis","organization/evoapp","investedIn"
"person/saad-al-barrak","organization/red-lambda","investedIn"
"person/safa-rashtchy","organization/bina-technologies","investedIn"
"person/sam-altman","organization/memsql","investedIn"
"person/scott-banister","organization/concurrent-inc","investedIn"
"person/sean-glass","organization/zoomdata","investedIn"
"person/shlomo-kramer","organization/sumo-logic","investedIn"
"person/shlomo-kramer","organization/exabeam","investedIn"
"person/shogo-kawada","organization/flydata","investedIn"
"person/shogo-kawada","organization/flydata","investedIn"
"person/sizhao-yang","organization/identified-com","investedIn"
"person/sizhao-yang","organization/treasure-data","investedIn"
"person/sky-dayton","organization/identified-com","investedIn"
"person/stefan-glaenzer","organization/kredito","investedIn"
"person/steve-nelson","organization/evoapp","investedIn"
"person/tadhg-otoole","organization/boxever","investedIn"
"person/takanobu-yamamoto","organization/lift12","investedIn"
"person/terry-hsiao","organization/zoomdata","investedIn"
"person/terry-mcguire","organization/pymetrics","investedIn"
"person/tim-buckley","organization/evoapp","investedIn"
"person/tim-ferriss","organization/zendrive","investedIn"
"person/timothy-draper","organization/identified-com","investedIn"
"person/timothy-draper","organization/identified-com","investedIn"
"person/tom-darden","organization/evoapp","investedIn"
"person/tom-mcinerney","organization/memsql","investedIn"
"person/tom-mcmurray","organization/evoapp","investedIn"
"person/tom-mcmurray-2","organization/evoapp","investedIn"
"person/tom-oconnell","organization/granify","investedIn"
"person/ty-curry","organization/ginger-io","investedIn"
"person/varsha-rao","organization/identified-com","investedIn"
"person/vince-barrett","organization/zoomdata","investedIn"
"person/walt-winshall","organization/ginger-io","investedIn"
"person/yannick-pons","organization/dattch","investedIn"
"person/yukihiro-matsumoto","organization/treasure-data","investedIn"
"person/zao-yang","organization/identified-com","investedIn"