"type","name","path"
"Organization","CrunchBase Venture Program","organization/crunchbase-venture-program"
"Organization","SAP Startup Focus","organization/sap-startup-focus"
"Organization","CrunchBase Venture Program","organization/crunchbase-venture-program"
"Person","Roberto Uriarte","person/roberto-uriarte"
"Organization","CrunchBase Venture Program","organization/crunchbase-venture-program"
"Organization","CrunchBase Venture Program","organization/crunchbase-venture-program"
"Organization","CrunchBase Venture Program","organization/crunchbase-venture-program"
"Organization","CrunchBase Venture Program","organization/crunchbase-venture-program"