"type","title","path"
"ImageAsset",,"image/upload/v1397201709/c458c7fc6e4c8ddc7d19bc73c8d23a35.png"
"ImageAsset",,"image/upload/v1397201109/5fcb686e39b0c9466a5d0990ee3402ae.gif"
"ImageAsset",,"image/upload/v1412856972/m8xgt8t1iqdhcxj9zoxx.png"
"ImageAsset",,"image/upload/v1397194832/d04a1e6fab99f68c79221095cc6c5445.jpg"
"ImageAsset",,"image/upload/v1405764766/p1v8qxwkoabdu7ifcn1g.jpg"
"ImageAsset",,"image/upload/v1397189288/823fcb0ce65d50aa4f1a64556053b35a.png"
"ImageAsset",,"image/upload/v1397180358/edd794ea0199b3c9633f5a3ff945723e.png"
"ImageAsset",,"image/upload/v1397195962/91df0157cb6ad59d02034792e6b50c97.png"
"ImageAsset",,"image/upload/v1397189275/fd90f4260f0c5ccf5efee74dcdb01912.png"
"ImageAsset",,"image/upload/v1407025987/xra9gcbfrfj3lfbvpwp9.png"
"ImageAsset",,"image/upload/v1397191984/70c01bf6ac92b8684e21b182950521bf.png"
"ImageAsset",,"image/upload/v1397180328/2dd4dea8efcda16deb32895dd6c61e8e.png"
"ImageAsset",,"image/upload/v1397183456/187b715dc053b834620feefac2cdb444.jpg"
"ImageAsset",,"image/upload/v1397750505/7199a780e4f4c5fa717611f135c4cf3b.png"
"ImageAsset",,"image/upload/v1397180763/c9986b81fc84939071eea7817f872966.jpg"
"ImageAsset",,"image/upload/v1397184538/e9b82b0466811cddc88148f4445a64dc.png"
"ImageAsset",,"image/upload/v1397187165/042255180df94690cce87800f9f5b475.png"
"ImageAsset",,"image/upload/v1406898973/vb9nulijtegazxqjlvrh.png"
"ImageAsset",,"image/upload/v1407949348/bj258qmkbbelopvcyrhd.png"
"ImageAsset",,"image/upload/v1397754968/e6360b7a88e61f3f60ebe6c7ddd9603a.png"
"ImageAsset",,"image/upload/v1409038362/rlfv8gkbqart74iqttde.png"
"ImageAsset",,"image/upload/v1397179137/97bba0f3669c68e7089ead32cc297b40.jpg"
"ImageAsset",,"image/upload/v1410093534/cmmpct8vopftqjypfsx7.png"
"ImageAsset",,"image/upload/v1399279928/dwulb6vadshb4tyntknb.jpg"
"ImageAsset",,"image/upload/v1397191858/5dd672ea28e153061cbec8020c96000f.png"
"ImageAsset",,"image/upload/v1397750527/c904cb0be90500f68e152ca4e3e84195.gif"
"ImageAsset",,"image/upload/v1400751279/rmppbyqfimndn73jp4lt.jpg"
"ImageAsset",,"image/upload/v1413544750/kl5ewnltqzutogw4dj66.png"
"ImageAsset",,"image/upload/v1397178839/dc0ca8ba36184053a3d5c8f782ba52d1.png"
"ImageAsset",,"image/upload/v1413325856/pwoy6uvvjlontozjjrqh.png"
"ImageAsset",,"image/upload/v1413489501/ttxwpa0hs83jjhen5rtr.png"
"ImageAsset",,"image/upload/v1397194164/68086c2d16424bd0bb7a3fb1a332e0e8.png"
"ImageAsset",,"image/upload/v1412227309/pbujajhw4ezhyyuxl6jz.jpg"
"ImageAsset",,"image/upload/v1402521701/uijehi5dlvr6kndriyck.png"
"ImageAsset",,"image/upload/v1397751554/917453addd4a406742257f2e2bcf470c.png"
"ImageAsset",,"image/upload/v1397203514/7aeebafadf9876548509894d3c7973ae.jpg"
"ImageAsset",,"image/upload/v1397201428/2f9f11ec91acda5a390815da667826c1.png"
"ImageAsset",,"image/upload/v1397184992/81beb763823110f87b04b85827e9bda5.png"
"ImageAsset",,"image/upload/v1397183158/1e9655267aa23e752dcfff05bd34405c.jpg"
"ImageAsset",,"image/upload/v1397208842/064bd49487e8574f958ed606d73dcf05.jpg"
"ImageAsset",,"image/upload/v1397185482/e59b931a1dbeee6a910e8904bb0da009.jpg"
"ImageAsset",,"image/upload/v1397197739/672539d1abcbe8118e15a6c643d3b916.png"
"ImageAsset",,"image/upload/v1397760817/2098f5ece5c1b3875de89f030ba1254f.png"
"ImageAsset",,"image/upload/v1397182158/52da4f727583edab37d3165cb26bf6dd.jpg"
"ImageAsset",,"image/upload/v1409622417/huuryydvqkpw2wkoojqc.jpg"
"ImageAsset",,"image/upload/v1397188271/5581cacb5d7d3db4480e85a5bf5f7427.png"
"ImageAsset",,"image/upload/v1397189906/c0b6fdd1629b9a4c2e6c38f824d0346e.png"
"ImageAsset",,"image/upload/v1408672413/dry8fpdgilrnsllebrn0.png"
"ImageAsset",,"image/upload/v1397198824/6aabbee6ef410ccc39d544e5a85743fb.png"
"ImageAsset",,"image/upload/v1406900303/fgmabxkcn2nci40kxlpw.png"
"ImageAsset",,"image/upload/v1406524679/yeeqq1dpgd9vupceajtj.png"
"ImageAsset",,"image/upload/v1397191649/ab7a83890ca3dc2cd4fdfa46fb11f418.png"
"ImageAsset",,"image/upload/v1397187302/80accb9976c8c9330e32f05170879c77.png"
"ImageAsset",,"image/upload/v1397202070/e54e7a042402cfb868a3a7968702039c.png"
"ImageAsset",,"image/upload/v1397209112/fecd09dc440b5672039f9cc8429c06a4.jpg"
"ImageAsset",,"image/upload/v1412959695/dfwvzv88rktvjdjvwqut.png"
"ImageAsset",,"image/upload/v1404331117/btvrv6pp6xutjmi7ec9p.png"
"ImageAsset",,"image/upload/v1409556518/pgsy8bwfhkb2iqcgnigz.png"
"ImageAsset",,"image/upload/v1404764942/foj2jvszoiduazi26gxy.png"
"ImageAsset",,"image/upload/v1397203398/926371a941d3731ccfadb04e8d46a29a.png"
"ImageAsset",,"image/upload/v1397188818/12128bb6aa41667c662892928e7dacdb.png"
"ImageAsset",,"image/upload/v1402388032/idskuxr82u0hgishfakb.jpg"
"ImageAsset",,"image/upload/v1417102380/z2xat4o8lkzfeoo4aewt.png"
"ImageAsset",,"image/upload/v1397750952/2d047c5e78393e02dc0c9a0dd0f63af2.png"
"ImageAsset",,"image/upload/v1401516013/li19svd0zpoafjpju4sl.png"
"ImageAsset",,"image/upload/v1405507945/ol00u36i7s5xkoscjoou.png"
"ImageAsset",,"image/upload/v1397185474/74b45053962b2cbfaf7df139f6f163ee.png"
"ImageAsset",,"image/upload/v1397186947/530df38659ca76643308dfa61805832a.png"
"ImageAsset",,"image/upload/v1413622231/n7hch4zpu2obxqpqwppn.png"
"ImageAsset",,"image/upload/v1402479745/d6bcabxddg2heldhqjz2.png"
"ImageAsset",,"image/upload/v1397181903/32cf1ee5ecceb7a1306ca56668a12f1b.jpg"
"ImageAsset",,"image/upload/v1397182523/83875ce1067d2f38fa45a58861342e37.jpg"
"ImageAsset",,"image/upload/v1411740626/fjdbzzb7gaxci7z667s8.png"
"ImageAsset",,"image/upload/v1397189915/8c72d97bde567feb6a70a0271c2c598b.jpg"
"ImageAsset",,"image/upload/v1397764883/b1625ef15a4ac54bc100540c8d242e3a.png"
"ImageAsset",,"image/upload/v1409407296/vi70e2pcadl2twfntun6.png"
"ImageAsset",,"image/upload/v1397752523/00a68027bfd467c660e91c7553bd45bd.png"
"ImageAsset",,"image/upload/v1397182522/4f9d3f33f7a8d9cd8ecda1a8a7df129e.png"
"ImageAsset",,"image/upload/v1397187599/1eb9fc970a31044f5cbc8f5a9598206f.gif"
"ImageAsset",,"image/upload/v1406224299/fa02czbtczw7viaeynud.png"
"ImageAsset",,"image/upload/v1397185599/2ac70ed930c8473175339aceb2fd942c.jpg"
"ImageAsset",,"image/upload/v1397183245/319a3df49340b57b529d2d099203c955.png"
"ImageAsset",,"image/upload/v1397197718/de8de22684dd78e1ff40a04113353017.jpg"
"ImageAsset",,"image/upload/v1413178096/zmnrtibj8ooef66estcc.jpg"
"ImageAsset",,"image/upload/v1415624235/muzo42uvjmshvk9zmkxk.png"
"ImageAsset",,"image/upload/v1397181721/f1430be803de57b5c8b27cf9b4553f37.png"
"ImageAsset",,"image/upload/v1397181240/4f8bbbf3a8781a2166c59b01eab57318.png"
"ImageAsset",,"image/upload/v1397191235/d72ad0b6986f5228f8422a41d1c41ef1.png"
"ImageAsset",,"image/upload/v1397763696/bfef2a5d769b3312123c715f42742d0a.png"
"ImageAsset",,"image/upload/v1397184418/d0f5162e91187733f00d10d38ab2ff8c.png"
"ImageAsset",,"image/upload/v1416376683/hrexnk6qjzxp7arn7qm2.png"
"ImageAsset",,"image/upload/v1397203174/e85154d5743fec7f6f3abcd055f8dc5f.png"
"ImageAsset",,"image/upload/v1397201212/af30be7c7ae59edbd0a763835c4d031d.png"
"ImageAsset",,"image/upload/v1397200649/7be0085433d412afdffd958ec81a0b1b.png"
"ImageAsset",,"image/upload/v1397750878/20f77daa6d77caa8ee674b6fd00a1576.png"
"ImageAsset",,"image/upload/v1399319979/xge7ubxx21ztalfegn0q.png"
"ImageAsset",,"image/upload/v1405506987/ddwxobbnhm40rz1ewtx1.png"
"ImageAsset",,"image/upload/v1397180520/c4a70c74a0ff3c809786c40ab3e43790.jpg"
"ImageAsset",,"image/upload/v1399870556/bhayauufvyz3sewjffxp.jpg"
"ImageAsset",,"image/upload/v1416176354/ycealv5h5spp23fkuifh.jpg"
"ImageAsset",,"image/upload/v1397208771/53c9acd7042f19f6648291dd8bdd0156.jpg"
"ImageAsset",,"image/upload/v1397178964/8da32d4161081bcc443e60ae3beaa92b.png"
"ImageAsset",,"image/upload/v1397192018/690b1a35a019365faf0c87c5e66a80ac.jpg"
"ImageAsset",,"image/upload/v1398270782/abx2ydnt8xsmzf02rzcb.png"
"ImageAsset",,"image/upload/v1397187558/9d10945c46353e7ea6ffc5de075bfa21.png"
"ImageAsset",,"image/upload/v1397762315/60a722ba77c3a16f3e7b6a1f04402de4.png"
"ImageAsset",,"image/upload/v1416479664/zqmkkxtldhyamji2kcg6.jpg"
"ImageAsset",,"image/upload/v1397178953/410379f33ff41e98c61c1d030ee24859.jpg"
"ImageAsset",,"image/upload/v1404909160/gbdccqi0uvxphtgmx8tq.png"
"ImageAsset",,"image/upload/v1397185889/dcb3f0f69cd5c80a1d1d2a14c4fa9f09.jpg"
"ImageAsset",,"image/upload/v1397182203/19da7bd1f8fe1d27d872579c7961e1bb.png"
"ImageAsset",,"image/upload/v1397196348/72d09d3a99782bc2f84a3fa7ac1358d6.png"
"ImageAsset",,"image/upload/v1399491291/pg0s2dkw7jx7myb1rqz8.png"
"ImageAsset",,"image/upload/v1416486918/gfkgnb7zevw9azda5qap.jpg"
"ImageAsset",,"image/upload/v1397761715/c48a32a05f1c5f13c8d8a0157f3a6c1b.jpg"
"ImageAsset",,"image/upload/v1406741983/p8zraemdj47j47l4wufn.png"
"ImageAsset",,"image/upload/v1397190661/3c8629856340e1e4b52c5929aa1efc80.jpg"
"ImageAsset",,"image/upload/v1397185979/666a022c1cec758726923a954ab79458.png"
"ImageAsset",,"image/upload/v1410920631/wkvctxuhbyakzyvjsqie.jpg"
"ImageAsset",,"image/upload/v1397194157/efdb8f9b8f72aba8ff008d8c665cc469.jpg"
"ImageAsset",,"image/upload/v1397209070/785b257cc61a4321b81c5da54a15f696.jpg"
"ImageAsset",,"image/upload/v1397187933/f12cc4b1f1c2aaf8a3a08e606715651d.png"
"ImageAsset",,"image/upload/v1397198805/cf69b8ac6d7dd1863a004a8044c685c5.png"
"ImageAsset",,"image/upload/v1397208209/d6a14c4e98d63d5e34da245555c2e684.jpg"
"ImageAsset",,"image/upload/v1397184359/067c3233b77e6a7a31c5f05fdf13bd12.png"
"ImageAsset",,"image/upload/v1400783075/wwhevb3vre3f6lmuzodr.png"
"ImageAsset",,"image/upload/v1400029360/ge2td2odhbqpo7xt1i95.png"
"ImageAsset",,"image/upload/v1412876132/btjvgllfl53pmxomxcxm.jpg"
"ImageAsset",,"image/upload/v1397191781/676a6aedee861b5eda3439314edbad6c.png"
"ImageAsset",,"image/upload/v1402894729/wddmjq98lkxstrrppkdq.png"
"ImageAsset",,"image/upload/v1397186736/90ed0bbc107fc53371e5aedf3172e816.jpg"
"ImageAsset",,"image/upload/v1397187047/c92ad19518a8903b741a1563e502e3e3.png"
"ImageAsset",,"image/upload/v1397194284/840bed326362e37b20527a494654d19b.png"
"ImageAsset",,"image/upload/v1400030091/n9lds5wa2prslazcjhma.jpg"
"ImageAsset",,"image/upload/v1397181599/dc85c2bbd9affec45aefb521ab217564.jpg"
"ImageAsset",,"image/upload/v1397195777/13cf1f7ddff5e30996731153020e92f1.png"
"ImageAsset",,"image/upload/v1397203128/7b455ad60e0993a1c78ab26a76fc6d44.gif"
"ImageAsset",,"image/upload/v1397181119/37ff97de1245c4d0a4476c5e23ad3dab.png"
"ImageAsset",,"image/upload/v1406804907/no6sndo3sdilkgdjahrj.png"
"ImageAsset",,"image/upload/v1413571522/uapofsxnsn93zivydbhv.png"
"ImageAsset",,"image/upload/v1397181204/7f59d4c096cc3a51b97f94a2cd3f6ced.png"
"ImageAsset",,"image/upload/v1397188203/bff6e073493d25bcb5687127b45ecf2f.png"
"ImageAsset",,"image/upload/v1406024418/brj4ia9jnybnrbgmaivp.png"
"ImageAsset",,"image/upload/v1399716476/pgpctv557gtus9ybytoy.jpg"
"ImageAsset",,"image/upload/v1403602979/hdvidgzwl8ncucfykvjz.jpg"
"ImageAsset",,"image/upload/v1397193053/a450bcbcfc8e42ad89c528db08e0dbc0.png"
"ImageAsset",,"image/upload/v1397189680/eab3cefd2087d2cbc7e059366725c62a.jpg"
"ImageAsset",,"image/upload/v1397193049/ec0fe43a9073dcd43241dfdcf56f2d6b.png"
"ImageAsset",,"image/upload/v1397203088/cceb79f2a6a3a7a61b4778bac5d79e73.png"
"ImageAsset",,"image/upload/v1397189714/a0b8a11985082cbbdc698dc376883401.png"
"ImageAsset",,"image/upload/v1397181441/00fc47a4540255e07f251df7880f1311.png"
"ImageAsset",,"image/upload/v1397751196/1f1eb2750719e973a0a053776cb77428.jpg"
"ImageAsset",,"image/upload/v1398468061/t0ncwmylztubsmtm9i4b.png"
"ImageAsset",,"image/upload/v1397179866/64e77b7718260da88a1d266ac489c067.png"
"ImageAsset",,"image/upload/v1397183824/219e4e09bf0313d6e550ba1f7ad1c2aa.png"
"ImageAsset",,"image/upload/v1397753279/7dbc1b1a7389234f14625d9c748a1ddd.jpg"
"ImageAsset",,"image/upload/v1397189627/b1231587b8eae7f94b264dea3686fda3.jpg"
"ImageAsset",,"image/upload/v1408724715/x8womqjgpxelogswytog.png"
"ImageAsset",,"image/upload/v1413292907/gya5pwvq8b8rbdphojgd.png"
"ImageAsset",,"image/upload/v1403516750/niuhy2uynu7k75v40t9q.png"
"ImageAsset",,"image/upload/v1415705808/tlyzjm5xnbmhkk4svxp3.png"
"ImageAsset",,"image/upload/v1397180636/9f8942139b489727dc00c98b4f6177a0.png"
"ImageAsset",,"image/upload/v1397183780/fc3caa6d336584c71bc579b87672c324.png"
"ImageAsset",,"image/upload/v1397750367/57f3324fdd2227a08e2f63d9a17be0f1.jpg"
"ImageAsset",,"image/upload/v1397191459/b06445e99a188e5d42f39d56bc4e4172.jpg"
"ImageAsset",,"image/upload/v1397189166/a0efbe4f38f678854fd83ee2e9a73c4d.png"
"ImageAsset",,"image/upload/v1413210876/rbqfopsdzo9nynukzyub.png"
"ImageAsset",,"image/upload/v1397185356/c3ef7c08f4e640247e520aa06f382f53.png"
"ImageAsset",,"image/upload/v1403867892/bw8l8ehccvqz7gxkkckf.jpg"
"ImageAsset",,"image/upload/v1408674638/rmalqpardow5ctqmwocl.jpg"
"ImageAsset",,"image/upload/v1410434772/pqlo0vubrt7nwilplyjt.png"
"ImageAsset",,"image/upload/v1413101432/zldkb8hhzeymfy02ynqk.png"
"ImageAsset",,"image/upload/v1397184718/4b2ec70ee6e31a467b4442ff9a488a01.jpg"
"ImageAsset",,"image/upload/v1411361443/tjmmei9hi8ykbfmjp4y4.png"
"ImageAsset",,"image/upload/v1397189606/d1e7ce66422394857ac8d62585594f46.jpg"
"ImageAsset",,"image/upload/v1401113407/wh43b38lfl0losysl7q5.png"
"ImageAsset",,"image/upload/v1397194675/12e180dd20630da60f781726a4a162d1.jpg"
"ImageAsset",,"image/upload/v1397183983/1fd5b06601e80e1be66de8a18ea27c0a.png"
"ImageAsset",,"image/upload/v1399055901/sgprnuhxbxuszrpk1tt2.png"
"ImageAsset",,"image/upload/v1397192242/5a9db9fa4aee43738e438ac8ebc26940.png"
"ImageAsset",,"image/upload/v1402488055/bptruftamdlrjlag54h7.png"
"ImageAsset",,"image/upload/v1397183167/ba40c8fb7513d9e2b2e422106f8b64ee.png"
"ImageAsset",,"image/upload/v1403258397/dfzv98wfswq5bmqa43cm.png"
"ImageAsset",,"image/upload/v1397182462/ce108b1b48c6786cb290df6575a8845e.png"
"ImageAsset",,"image/upload/v1397188529/ca82c1334b809ac09b7326bb65f3b55b.jpg"
"ImageAsset",,"image/upload/v1409007478/e9ox8dft6ynyilh8avjz.png"
"ImageAsset",,"image/upload/v1402402050/s0mjeu4o5vfhg6xmlm51.png"
"ImageAsset",,"image/upload/v1397193223/c59d287eb1f94bfbe3db5652d1d1b410.png"
"ImageAsset",,"image/upload/v1397190320/25aa36407f03c67ed9934ed21ce9f223.png"
"ImageAsset",,"image/upload/v1416248980/fwjm1rboq2ngbzbt2rgt.png"
"ImageAsset",,"image/upload/v1411485395/htoyscvrtn9q4cf1l8sy.png"
"ImageAsset",,"image/upload/v1397193828/e1e02212c50dd467dc20bdd95a0b3fe4.png"
"ImageAsset",,"image/upload/v1403090072/i0nh2yukdlrsnt2rvo7u.png"
"ImageAsset",,"image/upload/v1417094139/wgbga3ul86vvtsmsupqj.png"
"ImageAsset",,"image/upload/v1397180976/2da4ce4c6ad29bc38cccdb310f8c8712.png"
"ImageAsset",,"image/upload/v1397182821/ab9debc4454822da86863604b9bfd8f8.png"
"ImageAsset",,"image/upload/v1397181416/e6ee77e83926bf08828d3bc1d1895ccd.png"
"ImageAsset",,"image/upload/v1397189583/ba438fa2774db32eeaebd9f9da450280.png"
"ImageAsset",,"image/upload/v1397180361/c4fd6ad90767f5b6d4195827525925e3.png"
"ImageAsset",,"image/upload/v1397749336/6889b5a9178f4ae98a9db2f72e76d0ce.png"
"ImageAsset",,"image/upload/v1399272330/kxjxbpqq14ztmnzeo5xy.png"
"ImageAsset",,"image/upload/v1397206347/be726bbfa20a0d2b1234f93d1e01283b.jpg"
"ImageAsset",,"image/upload/v1410516974/ahma95iwmg0k5dibqjqe.png"
"ImageAsset",,"image/upload/v1397193952/08c20a028fa8fb889179fcfe8889fda9.png"
"ImageAsset",,"image/upload/v1410376528/v8ixrpfo6bevvyf2fw7r.png"
"ImageAsset",,"image/upload/v1397749368/b31a19443d7c1dd5949d7545bc44efb8.png"
"ImageAsset",,"image/upload/v1397751909/f7bf5d546d06a0db34dd6f8c68eb9e43.png"
"ImageAsset",,"image/upload/v1404385795/vbk00zpyqhckfesmop9q.jpg"
"ImageAsset",,"image/upload/v1412294138/leg6flgybx8vyqgc85v7.png"
"ImageAsset",,"image/upload/v1397202508/5c38889cb02f18eea7f538a463d4c020.png"
"ImageAsset",,"image/upload/v1397180271/f782c18d9f933eb40a2bcb4df72ee205.jpg"
"ImageAsset",,"image/upload/v1407341479/e8h5rkwhe0cnfsmwhppf.jpg"
"ImageAsset",,"image/upload/v1400524408/flncurzfju49l6uqpwpv.png"
"ImageAsset",,"image/upload/v1413861442/f2971jd93xff6l541vic.png"
"ImageAsset",,"image/upload/v1415283461/dqxeoi9zqblhqlffrgfq.png"
"ImageAsset",,"image/upload/v1397184871/ae82f9088a66426bfca65615c97026eb.gif"
"ImageAsset",,"image/upload/v1402039406/jusz11gd3nsfrnkhvfz6.png"
"ImageAsset",,"image/upload/v1397178582/a8f3a45a73aa9c13395d0be7c17b17dc.jpg"
"ImageAsset",,"image/upload/v1397763684/88825652ad9317d7d16d7711adf94122.png"
"ImageAsset",,"image/upload/v1397186883/bab616130daf3573902ed23f1e22a7b9.png"
"ImageAsset",,"image/upload/v1397193784/ccfb315c1ac2a6bfea4db11313dab34d.gif"
"ImageAsset",,"image/upload/v1397192238/3a94096496dd610c6765520d6cc0c793.jpg"
"ImageAsset",,"image/upload/v1397198693/f3b14bd12ef289b1411fd41c40d605f3.png"
"ImageAsset",,"image/upload/v1397189893/b7019b164d66e7f6a8687e67ec793a99.png"
"ImageAsset",,"image/upload/v1414450313/lleyq7ysdgvbdy0fuect.jpg"
"ImageAsset",,"image/upload/v1414535877/hixtss8prvlqfh3hsfes.png"
"ImageAsset",,"image/upload/v1397185456/2a8faff314f3ebade7747a7ca13b6227.png"
"ImageAsset",,"image/upload/v1410602651/oobbyprdz5v48t3sczqy.png"
"ImageAsset",,"image/upload/v1398443081/zncs9rpzkr6jnskx1hsm.png"
"ImageAsset",,"image/upload/v1397186465/e500583e5a6e72b2b7501a18890995dc.png"
"ImageAsset",,"image/upload/v1397188985/05c087935b859f449de5c33565fa0d39.png"
"ImageAsset",,"image/upload/v1397193290/880c6dafa67e5bbae03e68a4c72836ae.jpg"
"ImageAsset",,"image/upload/v1398230121/gp62d0ja3ovlfif643lu.png"
"ImageAsset",,"image/upload/v1399618361/mvzjmivp0glkoxpgjefc.png"
"ImageAsset",,"image/upload/v1397191289/3726de97949e657f8f7ebd03c6a857e2.png"
"ImageAsset",,"image/upload/v1410948863/wur3uvfkic9zvkr4bgsx.jpg"
"ImageAsset",,"image/upload/v1397192006/91e1d67556b8ed141d31498652bbc05c.png"
"ImageAsset",,"image/upload/v1397187344/8360d1b13bd1c6b4961728c053fcb914.png"
"ImageAsset",,"image/upload/v1397181092/93033821f1bd8a67535e8ee86a76c46b.jpg"
"ImageAsset",,"image/upload/v1397192305/895d643abd6e3fac8c7efb2d6edb3330.png"
"ImageAsset",,"image/upload/v1397750255/0be0f8487536cc78e9cad7efe9a835b5.png"
"ImageAsset",,"image/upload/v1397189423/993ffa0ba3cce41b0015a17120f43b2e.png"
"ImageAsset",,"image/upload/v1398741911/ytpvvttrvdhjqzl5odjf.png"
"ImageAsset",,"image/upload/v1397751287/76f4c0e0aff2dd60deff1b434ef1bad2.png"
"ImageAsset",,"image/upload/v1397184866/819610759b65e7982bbdb5cf90e729b9.png"
"ImageAsset",,"image/upload/v1415887392/gpmomlbkq3x6e1eagici.jpg"
"ImageAsset",,"image/upload/v1397188513/50e6e1fed3cce3b649bfde962fc51414.png"
"ImageAsset",,"image/upload/v1401872108/doxtlid4yvuvtoiazcti.jpg"
"ImageAsset",,"image/upload/v1397197343/2b22edc50169cff1fc1215f4a1b68d50.png"
"ImageAsset",,"image/upload/v1416811307/mcqpstl5xd0wjsjqmvft.png"
"ImageAsset",,"image/upload/v1415596281/qqvdvzcrdh1echsykgrj.jpg"
"ImageAsset",,"image/upload/v1397203411/0feb8a5385389cffa6cd899374d1114b.jpg"
"ImageAsset",,"image/upload/v1409859054/nzamglppzrslz3gozsh3.png"
"ImageAsset",,"image/upload/v1397189182/514dcdfdedc3309724cedbf2808d7bd8.png"
"ImageAsset",,"image/upload/v1397188475/f8810ea55e39a1b299bd21a164d50184.jpg"
"ImageAsset",,"image/upload/v1397188779/01845c170a0797a18565959f846dc43a.png"
"ImageAsset",,"image/upload/v1411757805/ts8pojt9a9acg7vmhesc.jpg"
"ImageAsset",,"image/upload/v1397198694/14487eed325f2ef000c09e2d542cb078.jpg"
"ImageAsset",,"image/upload/v1397191146/d6fbe53223d1e7f67f15d5fbb61c1cd1.gif"
"ImageAsset",,"image/upload/v1397181063/47bc523a1b2d38af94684580cf4ca357.jpg"
"ImageAsset",,"image/upload/v1397750177/664236eb65cc66962f11615bbc4cf871.png"
"ImageAsset",,"image/upload/v1397752034/d4bb78b80f7eb52ef05b618f9e40a7bb.jpg"
"ImageAsset",,"image/upload/v1397203176/c7cf4ff770924c0a0ad5d830c214ef6e.jpg"
"ImageAsset",,"image/upload/v1412272895/yylubzj1ici8kjlmlqnn.jpg"
"ImageAsset",,"image/upload/v1397183470/eb7e5b5e25f76d2dc31f63bc36aa4404.png"
"ImageAsset",,"image/upload/v1400073624/ugn73sic0j7wmbnjbb0d.png"
"ImageAsset",,"image/upload/v1397200814/b53373978fc583389b5e5d0f58f7141a.jpg"
"ImageAsset",,"image/upload/v1397202313/b67793131cfb036e4810b8e474e57614.png"
"ImageAsset",,"image/upload/v1398865218/vaadfujxxxpnwbose7m7.png"
"ImageAsset",,"image/upload/v1397192534/f200e829d42bdd91a12aaa4eec88fa5b.png"
"ImageAsset",,"image/upload/v1406703213/q3vhaavurkqvkuecmedt.jpg"
"ImageAsset",,"image/upload/v1397751337/647aed3940a174506e136a8e2d8d59cf.jpg"
"ImageAsset",,"image/upload/v1397186296/287e1050fe4c2784de52ead66256bc33.png"
"ImageAsset",,"image/upload/v1397184406/0bb19826705654c132bd978871c58cac.jpg"
"ImageAsset",,"image/upload/v1397181926/27622c8551b287a14c16e591d38b2da0.jpg"
"ImageAsset",,"image/upload/v1397180416/edd015c42bf7ecc3ccfba4b912c75c53.png"
"ImageAsset",,"image/upload/v1397755191/456211a9fff7e76de1edbac0f569661c.png"
"ImageAsset",,"image/upload/v1397181011/e358e21bf86963498c8ebe938f2d4507.png"
"ImageAsset",,"image/upload/v1397181463/435d5ef9b67972e3216867c6d71e0d87.jpg"
"ImageAsset",,"image/upload/v1397182786/06bdfa7d41c9824244a81893760fa225.png"
"ImageAsset",,"image/upload/v1397185787/5c7ab759f6cd728370ea9f08dafaa32f.png"
"ImageAsset",,"image/upload/v1411067045/sijenankveuau2lk4nlz.png"
"ImageAsset",,"image/upload/v1399454165/nrgv3uouaktwfxyfm6mb.png"
"ImageAsset",,"image/upload/v1399222775/owq98uvzygc6jabsztgz.png"
"ImageAsset",,"image/upload/v1397182685/de9ad9a72c72821356f4f5b5c8ffb887.jpg"
"ImageAsset",,"image/upload/v1406720554/blbnocurgdfsvhgedrl9.jpg"
"ImageAsset",,"image/upload/v1397751144/241e908acbc61911f6006d9a8a97f3a8.png"
"ImageAsset",,"image/upload/v1397189595/841915d6320988f43521e98f5e5cdb4c.png"
"ImageAsset",,"image/upload/v1401349119/htvlsguakzrwe2kyszbh.png"
"ImageAsset",,"image/upload/v1397750344/f68875e1999fdeb636a98b11df1429dd.jpg"
"ImageAsset",,"image/upload/v1397187199/0124d22e076b6f7f6ba8271cbbce7e4d.jpg"
"ImageAsset",,"image/upload/v1406048060/oz1egznflr3l6iyarqp5.png"
"ImageAsset",,"image/upload/v1397188027/9777a89c1e0474439e979469d000c7a9.png"
"ImageAsset",,"image/upload/v1397180907/6a31f2e68a5a1d7f0a7b1d9d8b7c305b.jpg"
"ImageAsset",,"image/upload/v1397197559/7c69a6714ac39a393b965dbec01358b2.png"
"ImageAsset",,"image/upload/v1407722628/o1pivmmxt2ju4cwximcw.png"
"ImageAsset",,"image/upload/v1402413308/txatds2huqbdwxb4vtja.jpg"
"ImageAsset",,"image/upload/v1397762337/4e012d1bee2f7e10d6231475c2d8752d.tiff"
"ImageAsset",,"image/upload/v1399042145/ogi7hk8hqrthxktpfh8y.png"
"ImageAsset",,"image/upload/v1415291570/fa2phyxlxw5bxjv7ceau.png"
"ImageAsset",,"image/upload/v1397189186/f03cf653072eda0f0df001c059d8977f.png"
"ImageAsset",,"image/upload/v1397185412/fa7a097e94ef3036ba6346f861613b31.jpg"
"ImageAsset",,"image/upload/v1397198084/5468f72a3f4a9ef1cd10d4b613d049a8.png"
"ImageAsset",,"image/upload/v1409720161/ujjz0jma0xozdeeengb7.jpg"
"ImageAsset",,"image/upload/v1397753912/292b19bece846403b7a5075482a6c141.jpg"
"ImageAsset",,"image/upload/v1397179148/bf37c6519574fda7f0b1386961822bd2.bmp"
"ImageAsset",,"image/upload/v1397185739/a93370223bdcb526ee3e5a82e3de5134.jpg"
"ImageAsset",,"image/upload/v1407279641/tdby1lhqwx7bcierlqv4.png"
"ImageAsset",,"image/upload/v1404225762/tkc6yjuqjxrm427b9vv5.jpg"
"ImageAsset",,"image/upload/v1397192365/2342e18013c5768468ef9dd8b803ac89.jpg"
"ImageAsset",,"image/upload/v1401832797/foc2atiobuuqylne11zd.png"
"ImageAsset",,"image/upload/v1397186688/b691ee05109e099e0cfceb4712865f4b.png"
"ImageAsset",,"image/upload/v1397184202/a994ed1997096eb0dfeee178667d3bf1.png"
"ImageAsset",,"image/upload/v1397190082/eb4c595ccac2abdc936dea62b3df720c.png"
"ImageAsset",,"image/upload/v1397181169/f34930ee963e1d0cf323d6851580b8b9.png"
"ImageAsset",,"image/upload/v1397179081/9f96f49e35ac706871c1557a1d7d725b.jpg"
"ImageAsset",,"image/upload/v1411733761/zvn85yxftu8sfplur7g9.png"
"ImageAsset",,"image/upload/v1397752057/08608c67c36e293e02590dc7350b219b.png"
"ImageAsset",,"image/upload/v1397189365/a602a0f8caeb2b301f0d07d2e08e1593.png"
"ImageAsset",,"image/upload/v1397199813/fe3f77d01412a64fcbeb6a048733c9f1.png"
"ImageAsset",,"image/upload/v1407892981/y5hvtwp0gbnpgp6rbcut.png"
"ImageAsset",,"image/upload/v1397185473/dafa52fa2c8254d5d460885da4652e8c.png"
"ImageAsset",,"image/upload/v1398356233/qmpmczv23moimwrksjf7.png"
"ImageAsset",,"image/upload/v1397192485/ca15fd815ad3101d6f681e066fdd1413.jpg"
"ImageAsset",,"image/upload/v1399539183/l6kl0pcyg7qyf3ieg3uy.png"
"ImageAsset",,"image/upload/v1397184030/81cd046ea8a55b816388eac5fb40900d.png"
"ImageAsset",,"image/upload/v1397198479/e85a11956a6f6eee343dee657492bf8e.png"
"ImageAsset",,"image/upload/v1397184341/c94642c65877f9a00bec01751e5df4ae.jpg"
"ImageAsset",,"image/upload/v1409603603/dpc5sgymrbvfi2blj0ik.jpg"
"ImageAsset",,"image/upload/v1397181487/c0a7e6aaeb7b9105ba592dae830ef366.jpg"
"ImageAsset",,"image/upload/v1408017546/nl9763oeglhiv863im3e.jpg"
"ImageAsset",,"image/upload/v1397187171/cb7af6de1caa6364c95a774150d5dcf5.png"
"ImageAsset",,"image/upload/v1404920349/sebplm9wjnjnomv9iwpz.png"
"ImageAsset",,"image/upload/v1397202548/23fc6caa32e087fd8b1e7a0fb47847b2.png"
"ImageAsset",,"image/upload/v1397752711/717f98325ed9fe9446932ea375668aa1.jpg"
"ImageAsset",,"image/upload/v1397186616/4066e8678b30632188dde31aec898379.png"
"ImageAsset",,"image/upload/v1397184461/b5c865c1d5c43dcf1fac2e8fef7eb372.png"
"ImageAsset",,"image/upload/v1397187368/5fb2e9f250b513928e212875fea322df.png"
"ImageAsset",,"image/upload/v1416444318/fzvb3td1vj9vxghjaykm.png"
"ImageAsset",,"image/upload/v1401025468/klg0dknakbrbvlopzxe9.png"
"ImageAsset",,"image/upload/v1397199925/5c23c9efc38e1b909a08d5d98421de64.jpg"
"ImageAsset",,"image/upload/v1397184009/20d396376ea7fdd77f73e9e5a51e5403.png"
"ImageAsset",,"image/upload/v1414077761/mx8ionrwhzagcejikzoc.jpg"
"ImageAsset",,"image/upload/v1416899340/gf1susimazomssepmdn2.png"
"ImageAsset",,"image/upload/v1406808773/xi10ahhglhglqzsl4oye.png"
"ImageAsset",,"image/upload/v1409604835/kolrfrdevis7attamhxm.png"
"ImageAsset",,"image/upload/v1408449646/hyzo8ijnfvqtby2fwsz6.png"
"ImageAsset",,"image/upload/v1397187006/03e07a211a8d6e1e714f6f017e8e3c5a.png"
"ImageAsset",,"image/upload/v1397751601/77d42776ba157de83bca1350e6b18d07.jpg"
"ImageAsset",,"image/upload/v1397203329/ee5fd99d3eb7d010cf7878510ac6c043.png"
"ImageAsset",,"image/upload/v1397187955/1468b8911cf8e5680a74583baf86d200.jpg"
"ImageAsset",,"image/upload/v1397192149/ea147c05a5c4760d70f61c3a48bc17e1.png"
"ImageAsset",,"image/upload/v1397204172/dd4ae16fd82829179b989f2957d60793.jpg"
"ImageAsset",,"image/upload/v1397191147/9c9192160925365b41c5225b9c19b121.png"
"ImageAsset",,"image/upload/v1397195629/523992fcd38a770ae0b7f432cd411cd1.jpg"
"ImageAsset",,"image/upload/v1397182785/38325f2d9821bfea2499d40531a2f677.png"
"ImageAsset",,"image/upload/v1397188335/c6eaf6090e33fbee1f7077faadb8a6ce.jpg"
"ImageAsset",,"image/upload/v1397202747/5274c6497a916ad1b3124f9dec5d1cea.jpg"
"ImageAsset",,"image/upload/v1416008312/mbjwwfqfnaqoqqbbqvrd.png"
"ImageAsset",,"image/upload/v1406020967/psyu2qhrwlvxtxscst6m.png"
"ImageAsset",,"image/upload/v1397200768/176462e2d01187eafef56d75ca172455.png"
"ImageAsset",,"image/upload/v1411631999/gz537y1vnmvqzxg3b1z8.png"
"ImageAsset",,"image/upload/v1403116719/fek68a05qx0v48iq0d4q.jpg"
"ImageAsset",,"image/upload/v1397186820/1a11c68d9c2601b71172adfe42bba99d.jpg"
"ImageAsset",,"image/upload/v1397184484/d9e589a9a0fb9500694072cf4393279c.png"
"ImageAsset",,"image/upload/v1414424373/bxfdfqztgl9l8n0uydgv.png"
"ImageAsset",,"image/upload/v1397184327/92c1e0d01ca19f460a7301b48ce57345.jpg"
"ImageAsset",,"image/upload/v1398230295/besba31awp9vmdrxxyl1.png"
"ImageAsset",,"image/upload/v1397751033/38f97e78f8569e6537422827bb8662c4.jpg"
"ImageAsset",,"image/upload/v1397755327/0cb9b64e852da67f067ca4c90b015bd5.png"
"ImageAsset",,"image/upload/v1406796256/jthssqyvmo1cn0dqjfz3.png"
"ImageAsset",,"image/upload/v1410624412/gj3dl0fspe6mzwplsojj.jpg"
"ImageAsset",,"image/upload/v1416466588/hnkm0yqimibdxm7jkujh.png"
"ImageAsset",,"image/upload/v1397183000/99f6c1ff437975559c48af897bd00317.png"
"ImageAsset",,"image/upload/v1414388914/ppomsq51yfht3xn5trya.png"
"ImageAsset",,"image/upload/v1407783856/xmhbd7ugvyijbjuc5b0m.jpg"
"ImageAsset",,"image/upload/v1397753743/2e3e76386d768be8a79c94e900fa2ef9.png"
"ImageAsset",,"image/upload/v1397749355/28a0d122576bb504d59e0e9425dac0f6.png"
"ImageAsset",,"image/upload/v1399613622/xyygr20j6ixbl3iajnas.png"
"ImageAsset",,"image/upload/v1397187473/d411be2f915ce18a9fd6ee30323fe1cd.jpg"
"ImageAsset",,"image/upload/v1397184351/7a6ed0ff547b2fb18431b1ebf905004c.png"
"ImageAsset",,"image/upload/v1412016090/vtfmmfobj3y1daafwpcf.png"
"ImageAsset",,"image/upload/v1405746386/x6xvq2sxj47mqcjpad2s.png"
"ImageAsset",,"image/upload/v1397200387/3216ba320fa14903c34c654e95919df1.jpg"
"ImageAsset",,"image/upload/v1397180523/55760f30ef77af5b7f6004b1936d3d4e.png"
"ImageAsset",,"image/upload/v1397765702/1f95ed936e3cf13db7a41a9526bbab1e.png"
"ImageAsset",,"image/upload/v1408759840/do14w9jwav7mipj5gaw3.png"
"ImageAsset",,"image/upload/v1397751353/225f6179253309afde6588fe7500efb6.png"
"ImageAsset",,"image/upload/v1399804428/wtgpmkzo1jbj7w5hnxyh.jpg"
"ImageAsset",,"image/upload/v1397193046/c4a9997755573c95f969e8e0d0a62f78.png"
"ImageAsset",,"image/upload/v1414577643/yzlzp68xeqqiati3rcid.png"
"ImageAsset",,"image/upload/v1408330006/kzwzjftx9uscfy7slrba.jpg"
"ImageAsset",,"image/upload/v1412272788/lh1c9nkyaluvv5ramf5z.png"
"ImageAsset",,"image/upload/v1397185614/6e0ec58191fe1e59579b174af5349438.png"
"ImageAsset",,"image/upload/v1397180489/2da54282db752df12f68db214ea4d89b.gif"
"ImageAsset",,"image/upload/v1416396967/smg2hpn1k48njihgprau.png"
"ImageAsset",,"image/upload/v1398280608/x2ul4h2zqusk0qhqgmz3.png"
"ImageAsset",,"image/upload/v1414923064/i1ipfnjuspy4sbrb9jxa.png"
"ImageAsset",,"image/upload/v1410527067/bhbwniedoeie5m8xxc4z.png"
"ImageAsset",,"image/upload/v1397187643/e53416f9252f8b1e3cfd7d7aa1378000.png"
"ImageAsset",,"image/upload/v1405731556/aalxpstbews9wlj1mqsl.jpg"
"ImageAsset",,"image/upload/v1397184840/07644479649fe593fa058e5276745a8d.png"
"ImageAsset",,"image/upload/v1410739594/s94azxkw5hj0alctn2m7.png"
"ImageAsset",,"image/upload/v1416881908/imnymgjciaz0mzktdqjd.jpg"
"ImageAsset",,"image/upload/v1397187737/6e9d2c91fe30dfe03df886014b0268f1.jpg"
"ImageAsset",,"image/upload/v1397764411/c114e8dbe6dbb9cc40ce16ffefd59029.png"
"ImageAsset",,"image/upload/v1407761719/dzbvcrmuf9kifwolpwn7.png"
"ImageAsset",,"image/upload/v1402548659/wdmgrv7ugw9hhc5zf7cf.png"
"ImageAsset",,"image/upload/v1415386391/igdjerncky40pqsvno03.jpg"
"ImageAsset",,"image/upload/v1408696003/q1qb7bec2u0olelw0mpe.png"
"ImageAsset",,"image/upload/v1406632957/rgxommnegotpdcbsp4mw.jpg"
"ImageAsset",,"image/upload/v1397185930/d49f6a6c34e21308ce859442fa56dcb8.png"
"ImageAsset",,"image/upload/v1398231015/e2ha3pgqeclbqjlairei.png"
"ImageAsset",,"image/upload/v1397191408/cda2820bf506ad6147af8d91a1d90490.png"
"ImageAsset",,"image/upload/v1397194612/6d38f0ec4dbc44d6ef0ea3612c13cb84.png"
"ImageAsset",,"image/upload/v1407415912/nzbjomnbtajqpuhigtya.jpg"
"ImageAsset",,"image/upload/v1407860062/z3lpeple6gjtfrg6wkbg.jpg"
"ImageAsset",,"image/upload/v1397191630/7515f889e1aedfda8799959f2509a614.png"
"ImageAsset",,"image/upload/v1397180406/56359c2b51d4cf49756e374377c86795.jpg"
"ImageAsset",,"image/upload/v1397202531/2a963d33efe9c51cfddaf7d843bd7061.png"
"ImageAsset",,"image/upload/v1397193938/3997f13c22c52812086ba082ba3cd2de.png"
"ImageAsset",,"image/upload/v1397181311/f2e57223d0c8002d4a9aee6f46c38b0d.png"
"ImageAsset",,"image/upload/v1397185965/00761f22acdc78121a17403f059b93b5.png"
"ImageAsset",,"image/upload/v1406524216/otjkb23fojchd80nkvmz.png"
"ImageAsset",,"image/upload/v1414876865/hjxqfxqif5fihdf2ktss.jpg"
"ImageAsset",,"image/upload/v1397197679/16be2a54f11b4c7db9148670f4ef225a.png"
"ImageAsset",,"image/upload/v1397763949/60810bb8b5b05ea6b16f85b949073064.png"
"ImageAsset",,"image/upload/v1397193168/3a77244106829f684e6b16a88d561dc4.jpg"
"ImageAsset",,"image/upload/v1397181947/73d5e45e4b1f4af0b15f251b527f0719.jpg"
"ImageAsset",,"image/upload/v1397200095/47f248a05f33996df21c725315937499.png"
"ImageAsset",,"image/upload/v1397186953/aa57fc9a0267aa61058c72ef83dcaf9a.png"
"ImageAsset",,"image/upload/v1405653862/ajjgrayi5njoxrf1qkod.png"
"ImageAsset",,"image/upload/v1397183418/63230318b3b58bf20b2624bbcb8c79b3.png"
"ImageAsset",,"image/upload/v1397750521/82eb3c36083599c58d76d95aeaaf41a1.png"
"ImageAsset",,"image/upload/v1413569991/njtt6mp2ohypafva5ogn.png"
"ImageAsset",,"image/upload/v1397188578/8e8c746292decf6491792995bf6f5184.png"
"ImageAsset",,"image/upload/v1406124474/vomqmossaj1j2ruma7up.png"
"ImageAsset",,"image/upload/v1400185311/rgyzi9memzgcoioythor.jpg"
"ImageAsset",,"image/upload/v1403707051/v1d2brf0qil85xwkfr6t.png"
"ImageAsset",,"image/upload/v1397187763/b977941f7422200b0c94590a34967537.png"
"ImageAsset",,"image/upload/v1397208000/b9a11b1dcf5358e3221dedde33f3a396.png"
"ImageAsset",,"image/upload/v1397197847/231542a61f761630f4ab1e3c3ef4863e.png"
"ImageAsset",,"image/upload/v1397181256/0fd4ce75d075089fc4c6be2aa9a10871.png"
"ImageAsset",,"image/upload/v1397201113/76f42075d975b91979c34b940a718e1b.png"
"ImageAsset",,"image/upload/v1397205204/72f05bc3c349bee6eec2e29f5cee0ed4.png"
"ImageAsset",,"image/upload/v1397751267/6dab1551582162f02c0d95e8dab08cf4.jpg"
"ImageAsset",,"image/upload/v1397185210/79348a9d58d89da56d88e823edad6f1b.png"
"ImageAsset",,"image/upload/v1397199606/ec93cad34106f447d2643f0df0d76bd0.jpg"
"ImageAsset",,"image/upload/v1413245165/fcdxdidk4jzpyvl6dk0t.jpg"
"ImageAsset",,"image/upload/v1397185062/1fb6636e57ec45dac7069de0d184f46e.png"
"ImageAsset",,"image/upload/v1405696726/vwsngboosm0taweweofe.png"
"ImageAsset",,"image/upload/v1397181963/592e317efdb03ae4dc94c50a03d8a823.png"
"ImageAsset",,"image/upload/v1397187315/23171d30aae0fc7fafae6854c19f1f7b.jpg"
"ImageAsset",,"image/upload/v1397186321/37756c4bf938a7df0fdeaacf1dfe4a5e.jpg"
"ImageAsset",,"image/upload/v1397198710/c83d1671e3b0b6d6e7f44f3e46005bc5.png"
"ImageAsset",,"image/upload/v1397754186/8adf0716e625887d4110306a61da0128.jpg"
"ImageAsset",,"image/upload/v1397749351/1cfbb97ad7557a097b6e23daca425d48.png"
"ImageAsset",,"image/upload/v1397761298/8db4081b40c171d46edda6d9502fbebe.png"
"ImageAsset",,"image/upload/v1409752746/jyrdhpehaybzlocn6zwz.png"
"ImageAsset",,"image/upload/v1405036201/sgsn6d1rtlcecbqf8d7q.png"
"ImageAsset",,"image/upload/v1397188184/123e6b71bf16e4e5c838605af011ce88.png"
"ImageAsset",,"image/upload/v1399314248/g8dyjlnzcseo6lkbnlrs.png"
"ImageAsset",,"image/upload/v1397756272/1c828674c512ca879aa3ca012a99bd1a.png"
"ImageAsset",,"image/upload/v1403299585/zkliixuqm9zhhoatfrjx.png"
"ImageAsset",,"image/upload/v1406232742/ot8i5jebbweank3uelxn.png"
"ImageAsset",,"image/upload/v1397181274/5dac7ca93d13ca36c14e6ffe6cfe53a8.jpg"
"ImageAsset",,"image/upload/v1397182111/e19a7dc9dbc527c9a842ed3d89d3cad4.jpg"
"ImageAsset",,"image/upload/v1397187545/182f0323c628d0ada3d148916252636e.jpg"
"ImageAsset",,"image/upload/v1397190693/61fcb05fac54533fe357c3443a48cd12.png"
"ImageAsset",,"image/upload/v1397188079/1d6170c4bee510e1481250a72695102d.jpg"
"ImageAsset",,"image/upload/v1406152544/tcykiikkrrd58glimvtp.png"
"ImageAsset",,"image/upload/v1397754081/a62e7034e0d5c33b11f8b1654e5916e7.png"
"ImageAsset",,"image/upload/v1397182894/4da4eb3d58a5280efa732210afd2ff70.jpg"
"ImageAsset",,"image/upload/v1404106077/soii16jqqsk5zstxfdb3.png"
"ImageAsset",,"image/upload/v1397193408/1c2d06d31b909238b71cb41dcbe9ecbd.png"
"ImageAsset",,"image/upload/v1397178703/203d1b20976b157bdca31cdc7d0b124e.png"
"ImageAsset",,"image/upload/v1413545202/tzx5nv9wnmpyp07pphlf.png"
"ImageAsset",,"image/upload/v1401881145/h8yxcivvm4rp31m5r391.png"
"ImageAsset",,"image/upload/v1414562653/spmp7hggtqkpv26tzb1m.png"
"ImageAsset",,"image/upload/v1412148152/eyc2wjcjoyb01cjgkqr5.jpg"
"ImageAsset",,"image/upload/v1397752593/6f94a01c7e4810d2d27b81b442157af8.jpg"
"ImageAsset",,"image/upload/v1401097522/h4ra0fnr2kunbw1wjpko.jpg"
"ImageAsset",,"image/upload/v1398246626/bbupsrx9bfodu04tt6j0.png"
"ImageAsset",,"image/upload/v1397751555/b7276259ccc2e399efb3e671bff92d8d.png"
"ImageAsset",,"image/upload/v1397181520/1c8d5f668408d6e79306f9852bdea61e.png"
"ImageAsset",,"image/upload/v1397207142/c34a589a86cf29735b3b6a2f60b107c8.jpg"
"ImageAsset",,"image/upload/v1416726204/qnprrklbvisquai271kv.png"
"ImageAsset",,"image/upload/v1397187859/2ebb9f305dfbac0d09c038ce1731835e.jpg"
"ImageAsset",,"image/upload/v1398229408/wq1rssb5qjehuaykc7ev.png"
"ImageAsset",,"image/upload/v1397188311/5547db31f14d434cdeb1631f703131fb.png"
"ImageAsset",,"image/upload/v1416803694/w4hbvpoulangofgxzi5e.png"
"ImageAsset",,"image/upload/v1397178901/55a03e66cf8212d65726740b416f14a2.jpg"
"ImageAsset",,"image/upload/v1398972121/nzt84jgvztkvfljdqgtz.png"
"ImageAsset",,"image/upload/v1397185062/09387ed28a9060252b5cc421174e9838.png"
"ImageAsset",,"image/upload/v1397184768/f9ed6d01081a101ec31ace621721c130.png"
"ImageAsset",,"image/upload/v1397191799/ec59cfe550aca0fdbef5defa71ff0499.jpg"
"ImageAsset",,"image/upload/v1402660131/sxud6ngf53pxaxirhffn.jpg"
"ImageAsset",,"image/upload/v1397182076/8f3b7d2ce7dabdcb2001f6777966d6fb.png"
"ImageAsset",,"image/upload/v1397208492/ea17dcc3bd72fded4ed1eb0775e0d7ca.jpg"
"ImageAsset",,"image/upload/v1397184599/5a0a894628c5c9b3d919dc6bb9d856fa.jpg"
"ImageAsset",,"image/upload/v1406539049/viunexsyfyog9akmz24a.png"
"ImageAsset",,"image/upload/v1397190817/eb37b36d1d4691a3337f3ccbf66e01d6.png"
"ImageAsset",,"image/upload/v1407164856/lo4mezql58hrxc67zso3.png"
"ImageAsset",,"image/upload/v1397195810/2d88edf000624aea20bcab998b36c813.png"
"ImageAsset",,"image/upload/v1397200912/218e28e4a916ab19142ffaa7b20f6fd2.jpg"
"ImageAsset",,"image/upload/v1397195584/ef4a5189ac58d5f514ffc1c80e847e7b.jpg"
"ImageAsset",,"image/upload/v1397754087/5ec72727ea89b1c9e7a64019dd2f1da9.png"
"ImageAsset",,"image/upload/v1397190528/64b4e2a35a46e41daa8b12d60fd60fb2.png"
"ImageAsset",,"image/upload/v1397180678/a14ad99656147bb63b8a703aabeddd6c.png"
"ImageAsset",,"image/upload/v1397183067/1d7609e0fda2cdd80ff11ff280f2b871.png"
"ImageAsset",,"image/upload/v1397198527/7c56cf9626d39edb976fa6d1be947129.gif"
"ImageAsset",,"image/upload/v1407145015/v8osvsrp5xpdnd3ug28v.png"
"ImageAsset",,"image/upload/v1397198663/5cf64d8b9abfae9b1eef7ea9e5ae22ad.png"
"ImageAsset",,"image/upload/v1406286266/w4twirux2ren8ojn7rpz.png"
"ImageAsset",,"image/upload/v1405602803/kecqetxcujirkyzakxkh.jpg"
"ImageAsset",,"image/upload/v1397192212/b170288feb89554c7a2f355c45037db3.jpg"
"ImageAsset",,"image/upload/v1397186732/99e2372d705b50b3b497d8074ba7e10b.png"
"ImageAsset",,"image/upload/v1397191403/1d83e7bfad5bcb45f936c558c25520f2.jpg"
"ImageAsset",,"image/upload/v1397750663/cd70b0ee570405b57faee9fa740b54c3.png"
"ImageAsset",,"image/upload/v1397192251/a997bfd5f50f0deb2abe3e12374053bf.jpg"
"ImageAsset",,"image/upload/v1397755481/4ddce3ebf3dbc9a00f1086c2d40a0a78.png"
"ImageAsset",,"image/upload/v1397181649/559cb7c735fb666da79453b8bdb41807.png"