"path","name","type"
"location/california/eb879a83c91a121e0bb8829782dbcf04","California","Region"
"location/aragon/36f8777a1560286e911a9963aaf6edc1","Aragon","Region"
"location/texas/54e9e76a1847d13700a7ed1aab624b78","Texas","Region"
"location/buenos-aires/fffb836e7b646c741716b6b692d12221","Buenos Aires","Region"
"location/massachusetts/98c62fd921489dd7d767b27fa0816b97","Massachusetts","Region"
"location/new-york/83ead471332bd02e67b767279aed075b","New York","Region"
"location/california/eb879a83c91a121e0bb8829782dbcf04","California","Region"
"location/london-city-of/79eb923b9e93e0db2fe075f0c430c2cb","London, City of","Region"
"location/florida/7d27a7401eba06ba8941078f0789d387","Florida","Region"
"location/new-hampshire/ac44d13aac69263bc0be659ffe484574","New Hampshire","Region"
"location/illinois/e9d5dbb22921eb4d674977cb42bbf790","Illinois","Region"
"location/ile-de-france/104bf8833a6103f9b51aba1d9a4d2c62","Ile-de-France","Region"
"location/ile-de-france/104bf8833a6103f9b51aba1d9a4d2c62","Ile-de-France","Region"
"location/california/eb879a83c91a121e0bb8829782dbcf04","California","Region"
"location/california/eb879a83c91a121e0bb8829782dbcf04","California","Region"
"location/na---south-africa/2955f27e25892d82f9face4aa8e907b7","NA - South Africa","Region"
"location/ontario/452160a8eaea9fb811fe78c5935ec12e","Ontario","Region"
"location/ontario/452160a8eaea9fb811fe78c5935ec12e","Ontario","Region"
"location/karnataka/cd79504e3c0a954fa3c6094f46c0d524","Karnataka","Region"
"location/california/eb879a83c91a121e0bb8829782dbcf04","California","Region"
"location/california/eb879a83c91a121e0bb8829782dbcf04","California","Region"
"location/california/eb879a83c91a121e0bb8829782dbcf04","California","Region"
"location/kerala/42c992211644d1125da90f39bf1e7165","Kerala","Region"
"location/pennsylvania/45f8ca9499bf3a2d795f3c1e74072327","Pennsylvania","Region"
"location/california/eb879a83c91a121e0bb8829782dbcf04","California","Region"
"location/louisiana/2285a5a1d3ac5dbcee04da4954884ad1","Louisiana","Region"
"location/attiki/71fa0865bf2b26fcc3356f95564f26d0","Attiki","Region"
"location/london-city-of/79eb923b9e93e0db2fe075f0c430c2cb","London, City of","Region"
"location/california/eb879a83c91a121e0bb8829782dbcf04","California","Region"
"location/california/eb879a83c91a121e0bb8829782dbcf04","California","Region"
"location/california/eb879a83c91a121e0bb8829782dbcf04","California","Region"
"location/dhaka/4b80b91018cf470bd3f02081283c2a96","Dhaka","Region"
"location/new-york/83ead471332bd02e67b767279aed075b","New York","Region"
"location/karnataka/cd79504e3c0a954fa3c6094f46c0d524","Karnataka","Region"
"location/california/eb879a83c91a121e0bb8829782dbcf04","California","Region"
"location/massachusetts/98c62fd921489dd7d767b27fa0816b97","Massachusetts","Region"
"location/california/eb879a83c91a121e0bb8829782dbcf04","California","Region"
"location/new-south-wales/77c6ba3a1ceb046a4567fc3d755c2d79","New South Wales","Region"
"location/california/eb879a83c91a121e0bb8829782dbcf04","California","Region"
"location/oregon/c1fd8422b7e3a70d83af8d9403df589a","Oregon","Region"
"location/beijing/ad56d3e42b67bf00615e25a24a95ae0d","Beijing","Region"
"location/attiki/71fa0865bf2b26fcc3356f95564f26d0","Attiki","Region"
"location/new-york/83ead471332bd02e67b767279aed075b","New York","Region"
"location/california/eb879a83c91a121e0bb8829782dbcf04","California","Region"
"location/region-metropolitana/5e0a46416954b5671006ee21f667cc0b","Region Metropolitana","Region"
"location/karnataka/cd79504e3c0a954fa3c6094f46c0d524","Karnataka","Region"
"location/california/eb879a83c91a121e0bb8829782dbcf04","California","Region"
"location/new-hampshire/ac44d13aac69263bc0be659ffe484574","New Hampshire","Region"
"location/california/eb879a83c91a121e0bb8829782dbcf04","California","Region"
"location/colorado/056b6b3909ea2c8527aff54b58a28072","Colorado","Region"
"location/california/eb879a83c91a121e0bb8829782dbcf04","California","Region"
"location/california/eb879a83c91a121e0bb8829782dbcf04","California","Region"
"location/tel-aviv/4f5fab467bca9a1bba1a70368c5337b9","Tel Aviv","Region"
"location/texas/54e9e76a1847d13700a7ed1aab624b78","Texas","Region"
"location/dublin/e401019b70f746eef7f33331a2528672","Dublin","Region"
"location/california/eb879a83c91a121e0bb8829782dbcf04","California","Region"
"location/california/eb879a83c91a121e0bb8829782dbcf04","California","Region"
"location/london-city-of/79eb923b9e93e0db2fe075f0c430c2cb","London, City of","Region"
"location/california/eb879a83c91a121e0bb8829782dbcf04","California","Region"
"location/california/eb879a83c91a121e0bb8829782dbcf04","California","Region"
"location/utrecht/adf4569b1d15d1c044871f0a65eff747","Utrecht","Region"
"location/california/eb879a83c91a121e0bb8829782dbcf04","California","Region"
"location/oslo/55b063f46e9f595837290f5de62c1da8","Oslo","Region"
"location/vilniaus-apskritis/12763865f08ce400bdcc4ca092bc9b6f","Vilniaus Apskritis","Region"
"location/lombardia/5187794153a6524d701df43138753701","Lombardia","Region"
"location/london-city-of/79eb923b9e93e0db2fe075f0c430c2cb","London, City of","Region"
"location/bayern/eec7d129cacaeeae1bd7d8449e855904","Bayern","Region"
"location/california/eb879a83c91a121e0bb8829782dbcf04","California","Region"
"location/virginia/ba972fec7acf7c8443161ab2425cc6be","Virginia","Region"
"location/maharashtra/9f01ca747cd77b8cf741828699d920a2","Maharashtra","Region"
"location/missouri/51a065b805d51a283fcd1ad143f1f725","Missouri","Region"
"location/colorado/056b6b3909ea2c8527aff54b58a28072","Colorado","Region"
"location/grad-zagreb/d09789a66f3705d47a23de053fd910b5","Grad Zagreb","Region"
"location/california/eb879a83c91a121e0bb8829782dbcf04","California","Region"
"location/bratislava/8016af4615d75d325edc976f622e19f4","Bratislava","Region"
"location/london-city-of/79eb923b9e93e0db2fe075f0c430c2cb","London, City of","Region"
"location/ile-de-france/104bf8833a6103f9b51aba1d9a4d2c62","Ile-de-France","Region"
"location/baden-wurttemberg/635e079b43d8c89d403a7fbc14055f8b","Baden-Wurttemberg","Region"
"location/new-york/83ead471332bd02e67b767279aed075b","New York","Region"
"location/california/eb879a83c91a121e0bb8829782dbcf04","California","Region"
"location/gelderland/bb0cf1184e3bace41b2faf49b3244705","Gelderland","Region"
"location/canakkale/ea9c10192225ba96b8b38445976f25df","Canakkale","Region"
"location/florida/7d27a7401eba06ba8941078f0789d387","Florida","Region"
"location/california/eb879a83c91a121e0bb8829782dbcf04","California","Region"
"location/california/eb879a83c91a121e0bb8829782dbcf04","California","Region"
"location/ile-de-france/104bf8833a6103f9b51aba1d9a4d2c62","Ile-de-France","Region"
"location/texas/54e9e76a1847d13700a7ed1aab624b78","Texas","Region"
"location/new-york/83ead471332bd02e67b767279aed075b","New York","Region"
"location/british-columbia/7eaa00725485a02b26f4cc2df1ea8f34","British Columbia","Region"
"location/halton/aafd7b654d132a74be72d434f5a3a145","Halton","Region"
"location/california/eb879a83c91a121e0bb8829782dbcf04","California","Region"
"location/california/eb879a83c91a121e0bb8829782dbcf04","California","Region"
"location/california/eb879a83c91a121e0bb8829782dbcf04","California","Region"
"location/california/eb879a83c91a121e0bb8829782dbcf04","California","Region"
"location/california/eb879a83c91a121e0bb8829782dbcf04","California","Region"
"location/new-jersey/625bdda20f438348c41c7654bfbecd02","New Jersey","Region"
"location/washington/86caa7e091fbce586e4cd58e799dd2bd","Washington","Region"
"location/kerala/42c992211644d1125da90f39bf1e7165","Kerala","Region"
"location/california/eb879a83c91a121e0bb8829782dbcf04","California","Region"
"location/pennsylvania/45f8ca9499bf3a2d795f3c1e74072327","Pennsylvania","Region"
"location/massachusetts/98c62fd921489dd7d767b27fa0816b97","Massachusetts","Region"
"location/tel-aviv/4f5fab467bca9a1bba1a70368c5337b9","Tel Aviv","Region"
"location/piemonte/b94a23b569215aba9f653e4177e7bfc3","Piemonte","Region"
"location/illinois/e9d5dbb22921eb4d674977cb42bbf790","Illinois","Region"
"location/massachusetts/98c62fd921489dd7d767b27fa0816b97","Massachusetts","Region"
"location/georgia/e5e9da40cf545c78963be6d5a2efe686","Georgia","Region"
"location/new-york/83ead471332bd02e67b767279aed075b","New York","Region"
"location/seoul-t-ukpyolsi/afe8dc4fe7211e88f8f18d5d5a8fbd42","Seoul-t'ukpyolsi","Region"
"location/idaho/4980ed7fbc751b23a403ea6abc923182","Idaho","Region"
"location/madrid/9a50db39921ac06fc84ee84084c94381","Madrid","Region"
"location/harjumaa/0f48d843cbeaeed13bb32a40f3b24bca","Harjumaa","Region"
"location/california/eb879a83c91a121e0bb8829782dbcf04","California","Region"
"location/california/eb879a83c91a121e0bb8829782dbcf04","California","Region"
"location/florida/7d27a7401eba06ba8941078f0789d387","Florida","Region"
"location/california/eb879a83c91a121e0bb8829782dbcf04","California","Region"
"location/mississippi/b43d86a75993c558e30d3eb7ab163ef5","Mississippi","Region"
"location/ohio/68ce1e7ecec0870b92a9134b2dc2a3e0","Ohio","Region"
"location/california/eb879a83c91a121e0bb8829782dbcf04","California","Region"
"location/california/eb879a83c91a121e0bb8829782dbcf04","California","Region"
"location/karnataka/cd79504e3c0a954fa3c6094f46c0d524","Karnataka","Region"
"location/california/eb879a83c91a121e0bb8829782dbcf04","California","Region"
"location/london-city-of/79eb923b9e93e0db2fe075f0c430c2cb","London, City of","Region"
"location/california/eb879a83c91a121e0bb8829782dbcf04","California","Region"
"location/bratislava/8016af4615d75d325edc976f622e19f4","Bratislava","Region"
"location/goias/67e256f32b823cf1ed34a2cb33b04014","Goias","Region"
"location/central-region/0fc1fa956e0764f98c57c41bf17f1b91","Central Region","Region"
"location/new-york/83ead471332bd02e67b767279aed075b","New York","Region"
"location/illinois/e9d5dbb22921eb4d674977cb42bbf790","Illinois","Region"
"location/istanbul/875467b892a85af41c428e9809f15659","Istanbul","Region"
"location/andhra-pradesh/1f3abd8200a656c56dd94c5fff22ef8f","Andhra Pradesh","Region"
"location/tokyo/ee6ee543afd455958c2bffd3ea11a243","Tokyo","Region"
"location/california/eb879a83c91a121e0bb8829782dbcf04","California","Region"
"location/maharashtra/9f01ca747cd77b8cf741828699d920a2","Maharashtra","Region"
"location/california/eb879a83c91a121e0bb8829782dbcf04","California","Region"
"location/north-carolina/f967e66732ce6748d7e075e756617ccd","North Carolina","Region"
"location/new-york/83ead471332bd02e67b767279aed075b","New York","Region"
"location/california/eb879a83c91a121e0bb8829782dbcf04","California","Region"
"location/california/eb879a83c91a121e0bb8829782dbcf04","California","Region"
"location/tel-aviv/4f5fab467bca9a1bba1a70368c5337b9","Tel Aviv","Region"
"location/california/eb879a83c91a121e0bb8829782dbcf04","California","Region"
"location/new-hampshire/ac44d13aac69263bc0be659ffe484574","New Hampshire","Region"
"location/california/eb879a83c91a121e0bb8829782dbcf04","California","Region"
"location/illinois/e9d5dbb22921eb4d674977cb42bbf790","Illinois","Region"
"location/hong-kong-island/469929a567e769c1b274088b78de23a2","Hong Kong Island","Region"
"location/california/eb879a83c91a121e0bb8829782dbcf04","California","Region"
"location/new-york/83ead471332bd02e67b767279aed075b","New York","Region"
"location/california/eb879a83c91a121e0bb8829782dbcf04","California","Region"
"location/na---south-africa/2955f27e25892d82f9face4aa8e907b7","NA - South Africa","Region"
"location/massachusetts/98c62fd921489dd7d767b27fa0816b97","Massachusetts","Region"
"location/washington/86caa7e091fbce586e4cd58e799dd2bd","Washington","Region"
"location/seoul-t-ukpyolsi/afe8dc4fe7211e88f8f18d5d5a8fbd42","Seoul-t'ukpyolsi","Region"
"location/california/eb879a83c91a121e0bb8829782dbcf04","California","Region"
"location/tel-aviv/4f5fab467bca9a1bba1a70368c5337b9","Tel Aviv","Region"
"location/berlin/dcc0539e638afda2022907d53b4e96a9","Berlin","Region"
"location/languedoc-roussillon/c2aff465ad1f9e9a3f52a1189a7d51f9","Languedoc-Roussillon","Region"
"location/california/eb879a83c91a121e0bb8829782dbcf04","California","Region"
"location/southern-finland/2291746faf26cd75e9b5b64e9df61781","Southern Finland","Region"
"location/california/eb879a83c91a121e0bb8829782dbcf04","California","Region"
"location/california/eb879a83c91a121e0bb8829782dbcf04","California","Region"
"location/california/eb879a83c91a121e0bb8829782dbcf04","California","Region"
"location/bayern/eec7d129cacaeeae1bd7d8449e855904","Bayern","Region"
"location/california/eb879a83c91a121e0bb8829782dbcf04","California","Region"
"location/massachusetts/98c62fd921489dd7d767b27fa0816b97","Massachusetts","Region"
"location/massachusetts/98c62fd921489dd7d767b27fa0816b97","Massachusetts","Region"
"location/new-york/83ead471332bd02e67b767279aed075b","New York","Region"
"location/california/eb879a83c91a121e0bb8829782dbcf04","California","Region"
"location/new-york/83ead471332bd02e67b767279aed075b","New York","Region"
"location/dhaka/4b80b91018cf470bd3f02081283c2a96","Dhaka","Region"
"location/new-york/83ead471332bd02e67b767279aed075b","New York","Region"
"location/california/eb879a83c91a121e0bb8829782dbcf04","California","Region"
"location/budapest/21c66403d359d2ce88275180dd5f0664","Budapest","Region"
"location/ile-de-france/104bf8833a6103f9b51aba1d9a4d2c62","Ile-de-France","Region"
"location/lombardia/5187794153a6524d701df43138753701","Lombardia","Region"
"location/central-region/0fc1fa956e0764f98c57c41bf17f1b91","Central Region","Region"
"location/california/eb879a83c91a121e0bb8829782dbcf04","California","Region"
"location/california/eb879a83c91a121e0bb8829782dbcf04","California","Region"
"location/karnataka/cd79504e3c0a954fa3c6094f46c0d524","Karnataka","Region"
"location/ile-de-france/104bf8833a6103f9b51aba1d9a4d2c62","Ile-de-France","Region"
"location/london-city-of/79eb923b9e93e0db2fe075f0c430c2cb","London, City of","Region"
"location/california/eb879a83c91a121e0bb8829782dbcf04","California","Region"
"location/california/eb879a83c91a121e0bb8829782dbcf04","California","Region"
"location/vilniaus-apskritis/12763865f08ce400bdcc4ca092bc9b6f","Vilniaus Apskritis","Region"
"location/california/eb879a83c91a121e0bb8829782dbcf04","California","Region"
"location/hong-kong-island/469929a567e769c1b274088b78de23a2","Hong Kong Island","Region"
"location/texas/54e9e76a1847d13700a7ed1aab624b78","Texas","Region"
"location/california/eb879a83c91a121e0bb8829782dbcf04","California","Region"
"location/illinois/e9d5dbb22921eb4d674977cb42bbf790","Illinois","Region"
"location/california/eb879a83c91a121e0bb8829782dbcf04","California","Region"
"location/new-york/83ead471332bd02e67b767279aed075b","New York","Region"
"location/california/eb879a83c91a121e0bb8829782dbcf04","California","Region"
"location/vastra-gotaland/e733771a8d9514a91e9c95998ee0c789","Vastra Gotaland","Region"
"location/california/eb879a83c91a121e0bb8829782dbcf04","California","Region"
"location/washington/86caa7e091fbce586e4cd58e799dd2bd","Washington","Region"
"location/central-region/0fc1fa956e0764f98c57c41bf17f1b91","Central Region","Region"
"location/california/eb879a83c91a121e0bb8829782dbcf04","California","Region"
"location/london-city-of/79eb923b9e93e0db2fe075f0c430c2cb","London, City of","Region"
"location/london-city-of/79eb923b9e93e0db2fe075f0c430c2cb","London, City of","Region"
"location/california/eb879a83c91a121e0bb8829782dbcf04","California","Region"
"location/new-jersey/625bdda20f438348c41c7654bfbecd02","New Jersey","Region"
"location/california/eb879a83c91a121e0bb8829782dbcf04","California","Region"
"location/uttar-pradesh/8aafc11851a6cfa1ff1852729f8c82aa","Uttar Pradesh","Region"
"location/massachusetts/98c62fd921489dd7d767b27fa0816b97","Massachusetts","Region"
"location/california/eb879a83c91a121e0bb8829782dbcf04","California","Region"
"location/california/eb879a83c91a121e0bb8829782dbcf04","California","Region"
"location/utrecht/adf4569b1d15d1c044871f0a65eff747","Utrecht","Region"
"location/california/eb879a83c91a121e0bb8829782dbcf04","California","Region"
"location/maharashtra/9f01ca747cd77b8cf741828699d920a2","Maharashtra","Region"
"location/jujuy/4dc3144374898ab30e8c0ae84ea0ac4c","Jujuy","Region"
"location/london-city-of/79eb923b9e93e0db2fe075f0c430c2cb","London, City of","Region"
"location/seoul-t-ukpyolsi/afe8dc4fe7211e88f8f18d5d5a8fbd42","Seoul-t'ukpyolsi","Region"
"location/karnataka/cd79504e3c0a954fa3c6094f46c0d524","Karnataka","Region"
"location/california/eb879a83c91a121e0bb8829782dbcf04","California","Region"
"location/california/eb879a83c91a121e0bb8829782dbcf04","California","Region"
"location/california/eb879a83c91a121e0bb8829782dbcf04","California","Region"
"location/london-city-of/79eb923b9e93e0db2fe075f0c430c2cb","London, City of","Region"
"location/washington/86caa7e091fbce586e4cd58e799dd2bd","Washington","Region"
"location/north-dakota/b41be322b928f674fad914a376442fec","North Dakota","Region"
"location/california/eb879a83c91a121e0bb8829782dbcf04","California","Region"
"location/tel-aviv/4f5fab467bca9a1bba1a70368c5337b9","Tel Aviv","Region"
"location/california/eb879a83c91a121e0bb8829782dbcf04","California","Region"
"location/north-carolina/f967e66732ce6748d7e075e756617ccd","North Carolina","Region"
"location/massachusetts/98c62fd921489dd7d767b27fa0816b97","Massachusetts","Region"
"location/southern-finland/2291746faf26cd75e9b5b64e9df61781","Southern Finland","Region"
"location/massachusetts/98c62fd921489dd7d767b27fa0816b97","Massachusetts","Region"
"location/british-columbia/7eaa00725485a02b26f4cc2df1ea8f34","British Columbia","Region"
"location/karnataka/cd79504e3c0a954fa3c6094f46c0d524","Karnataka","Region"
"location/new-york/83ead471332bd02e67b767279aed075b","New York","Region"
"location/quebec/c4cd6f0c10e6c97e3e20e5be9405c146","Quebec","Region"
"location/sachsen/11296b18bf1baa3f87cf38b117977c36","Sachsen","Region"
"location/california/eb879a83c91a121e0bb8829782dbcf04","California","Region"
"location/central-region/0fc1fa956e0764f98c57c41bf17f1b91","Central Region","Region"
"location/district-of-columbia/f54a6bb57ddf98f79b0864348cedd3fd","District of Columbia","Region"
"location/massachusetts/98c62fd921489dd7d767b27fa0816b97","Massachusetts","Region"
"location/berlin/dcc0539e638afda2022907d53b4e96a9","Berlin","Region"
"location/new-york/83ead471332bd02e67b767279aed075b","New York","Region"
"location/london-city-of/79eb923b9e93e0db2fe075f0c430c2cb","London, City of","Region"
"location/oslo/55b063f46e9f595837290f5de62c1da8","Oslo","Region"
"location/california/eb879a83c91a121e0bb8829782dbcf04","California","Region"
"location/massachusetts/98c62fd921489dd7d767b27fa0816b97","Massachusetts","Region"
"location/catalonia/d1cdb4c43409cf3a48f6e6777c6b4663","Catalonia","Region"
"location/california/eb879a83c91a121e0bb8829782dbcf04","California","Region"
"location/wien/6f11ce94c714f7f47cbe6cc58e8d36f4","Wien","Region"
"location/california/eb879a83c91a121e0bb8829782dbcf04","California","Region"
"location/karnataka/cd79504e3c0a954fa3c6094f46c0d524","Karnataka","Region"
"location/london-city-of/79eb923b9e93e0db2fe075f0c430c2cb","London, City of","Region"
"location/maharashtra/9f01ca747cd77b8cf741828699d920a2","Maharashtra","Region"
"location/massachusetts/98c62fd921489dd7d767b27fa0816b97","Massachusetts","Region"
"location/california/eb879a83c91a121e0bb8829782dbcf04","California","Region"
"location/california/eb879a83c91a121e0bb8829782dbcf04","California","Region"
"location/california/eb879a83c91a121e0bb8829782dbcf04","California","Region"
"location/sachsen-anhalt/687ad244ce3875964b2779e310a2d6dd","Sachsen-Anhalt","Region"
"location/california/eb879a83c91a121e0bb8829782dbcf04","California","Region"
"location/new-jersey/625bdda20f438348c41c7654bfbecd02","New Jersey","Region"
"location/grad-zagreb/d09789a66f3705d47a23de053fd910b5","Grad Zagreb","Region"
"location/new-south-wales/77c6ba3a1ceb046a4567fc3d755c2d79","New South Wales","Region"
"location/california/eb879a83c91a121e0bb8829782dbcf04","California","Region"
"location/california/eb879a83c91a121e0bb8829782dbcf04","California","Region"
"location/new-york/83ead471332bd02e67b767279aed075b","New York","Region"
"location/new-york/83ead471332bd02e67b767279aed075b","New York","Region"
"location/new-south-wales/77c6ba3a1ceb046a4567fc3d755c2d79","New South Wales","Region"
"location/karnataka/cd79504e3c0a954fa3c6094f46c0d524","Karnataka","Region"
"location/florida/7d27a7401eba06ba8941078f0789d387","Florida","Region"
"location/goias/67e256f32b823cf1ed34a2cb33b04014","Goias","Region"
"location/california/eb879a83c91a121e0bb8829782dbcf04","California","Region"
"location/washington/86caa7e091fbce586e4cd58e799dd2bd","Washington","Region"
"location/maharashtra/9f01ca747cd77b8cf741828699d920a2","Maharashtra","Region"
"location/catalonia/d1cdb4c43409cf3a48f6e6777c6b4663","Catalonia","Region"
"location/new-york/83ead471332bd02e67b767279aed075b","New York","Region"
"location/california/eb879a83c91a121e0bb8829782dbcf04","California","Region"
"location/quebec/c4cd6f0c10e6c97e3e20e5be9405c146","Quebec","Region"
"location/washington/86caa7e091fbce586e4cd58e799dd2bd","Washington","Region"
"location/washington/86caa7e091fbce586e4cd58e799dd2bd","Washington","Region"
"location/california/eb879a83c91a121e0bb8829782dbcf04","California","Region"
"location/georgia/e5e9da40cf545c78963be6d5a2efe686","Georgia","Region"
"location/california/eb879a83c91a121e0bb8829782dbcf04","California","Region"
"location/distrito-federal/5a2261c329739785a4bb8a64e7562b47","Distrito Federal","Region"
"location/california/eb879a83c91a121e0bb8829782dbcf04","California","Region"
"location/hovedstaden/cfa7addd6b5f8fb39968c6f3ad20b487","Hovedstaden","Region"
"location/seoul-t-ukpyolsi/afe8dc4fe7211e88f8f18d5d5a8fbd42","Seoul-t'ukpyolsi","Region"
"location/madrid/9a50db39921ac06fc84ee84084c94381","Madrid","Region"
"location/california/eb879a83c91a121e0bb8829782dbcf04","California","Region"
"location/california/eb879a83c91a121e0bb8829782dbcf04","California","Region"
"location/washington/86caa7e091fbce586e4cd58e799dd2bd","Washington","Region"
"location/zurich/d63a3c1ed300da22915c69b7b8138f75","Zurich","Region"
"location/zurich/d63a3c1ed300da22915c69b7b8138f75","Zurich","Region"
"location/noord-holland/6ea93e7d3475b197f3950f8819baf8e2","Noord-Holland","Region"
"location/tel-aviv/4f5fab467bca9a1bba1a70368c5337b9","Tel Aviv","Region"
"location/massachusetts/98c62fd921489dd7d767b27fa0816b97","Massachusetts","Region"
"location/karnataka/cd79504e3c0a954fa3c6094f46c0d524","Karnataka","Region"
"location/hlavni-mesto-praha/48b6d8bf96e92b3eb8ef705bd479e543","Hlavni mesto Praha","Region"
"location/mazowieckie/6d673abb4f06d4a3565fdd9a4c1710de","Mazowieckie","Region"
"location/california/eb879a83c91a121e0bb8829782dbcf04","California","Region"
"location/california/eb879a83c91a121e0bb8829782dbcf04","California","Region"
"location/california/eb879a83c91a121e0bb8829782dbcf04","California","Region"
"location/berlin/dcc0539e638afda2022907d53b4e96a9","Berlin","Region"
"location/berlin/dcc0539e638afda2022907d53b4e96a9","Berlin","Region"
"location/southern-finland/2291746faf26cd75e9b5b64e9df61781","Southern Finland","Region"
"location/new-york/83ead471332bd02e67b767279aed075b","New York","Region"
"location/massachusetts/98c62fd921489dd7d767b27fa0816b97","Massachusetts","Region"
"location/dhaka/4b80b91018cf470bd3f02081283c2a96","Dhaka","Region"
"location/istanbul/875467b892a85af41c428e9809f15659","Istanbul","Region"
"location/andhra-pradesh/1f3abd8200a656c56dd94c5fff22ef8f","Andhra Pradesh","Region"
"location/london-city-of/79eb923b9e93e0db2fe075f0c430c2cb","London, City of","Region"
"location/ile-de-france/104bf8833a6103f9b51aba1d9a4d2c62","Ile-de-France","Region"
"location/district-of-columbia/f54a6bb57ddf98f79b0864348cedd3fd","District of Columbia","Region"
"location/london-city-of/79eb923b9e93e0db2fe075f0c430c2cb","London, City of","Region"
"location/wien/6f11ce94c714f7f47cbe6cc58e8d36f4","Wien","Region"
"location/new-york/83ead471332bd02e67b767279aed075b","New York","Region"
"location/texas/54e9e76a1847d13700a7ed1aab624b78","Texas","Region"
"location/new-york/83ead471332bd02e67b767279aed075b","New York","Region"
"location/texas/54e9e76a1847d13700a7ed1aab624b78","Texas","Region"
"location/california/eb879a83c91a121e0bb8829782dbcf04","California","Region"
"location/london-city-of/79eb923b9e93e0db2fe075f0c430c2cb","London, City of","Region"
"location/ontario/452160a8eaea9fb811fe78c5935ec12e","Ontario","Region"
"location/missouri/51a065b805d51a283fcd1ad143f1f725","Missouri","Region"
"location/harjumaa/0f48d843cbeaeed13bb32a40f3b24bca","Harjumaa","Region"
"location/tokyo/ee6ee543afd455958c2bffd3ea11a243","Tokyo","Region"
"location/seoul-t-ukpyolsi/afe8dc4fe7211e88f8f18d5d5a8fbd42","Seoul-t'ukpyolsi","Region"
"location/mississippi/b43d86a75993c558e30d3eb7ab163ef5","Mississippi","Region"
"location/malopolskie/1df2bc6567f715cd4316e0f3ae88d361","Malopolskie","Region"
"location/california/eb879a83c91a121e0bb8829782dbcf04","California","Region"
"location/california/eb879a83c91a121e0bb8829782dbcf04","California","Region"
"location/alberta/2b5d0cba91fe88fac9457658a34d2a10","Alberta","Region"
"location/karnataka/cd79504e3c0a954fa3c6094f46c0d524","Karnataka","Region"
"location/california/eb879a83c91a121e0bb8829782dbcf04","California","Region"
"location/london-city-of/79eb923b9e93e0db2fe075f0c430c2cb","London, City of","Region"
"location/lombardia/5187794153a6524d701df43138753701","Lombardia","Region"
"location/california/eb879a83c91a121e0bb8829782dbcf04","California","Region"
"location/alagoas/55795393eb51ffde26c860dc8501d324","Alagoas","Region"
"location/california/eb879a83c91a121e0bb8829782dbcf04","California","Region"
"location/tel-aviv/4f5fab467bca9a1bba1a70368c5337b9","Tel Aviv","Region"
"location/massachusetts/98c62fd921489dd7d767b27fa0816b97","Massachusetts","Region"
"location/ile-de-france/104bf8833a6103f9b51aba1d9a4d2c62","Ile-de-France","Region"
"location/alberta/2b5d0cba91fe88fac9457658a34d2a10","Alberta","Region"
"location/karnataka/cd79504e3c0a954fa3c6094f46c0d524","Karnataka","Region"
"location/shanghai/ab1a28e29effd1ef694c666195fc75df","Shanghai","Region"
"location/maharashtra/9f01ca747cd77b8cf741828699d920a2","Maharashtra","Region"
"location/ile-de-france/104bf8833a6103f9b51aba1d9a4d2c62","Ile-de-France","Region"
"location/california/eb879a83c91a121e0bb8829782dbcf04","California","Region"
"location/birmingham/34a7c1a14d57522b9ed55bed55a1c7c6","Birmingham","Region"
"location/north-carolina/f967e66732ce6748d7e075e756617ccd","North Carolina","Region"
"location/new-york/83ead471332bd02e67b767279aed075b","New York","Region"
"location/sachsen/11296b18bf1baa3f87cf38b117977c36","Sachsen","Region"
"location/wellington/86d11dcc7f5f98a17650ae6751d14c38","Wellington","Region"
"location/california/eb879a83c91a121e0bb8829782dbcf04","California","Region"
"location/massachusetts/98c62fd921489dd7d767b27fa0816b97","Massachusetts","Region"
"location/andhra-pradesh/1f3abd8200a656c56dd94c5fff22ef8f","Andhra Pradesh","Region"
"location/oulu/acfbe77f34a7b6c82b979188b38955ce","Oulu","Region"
"location/california/eb879a83c91a121e0bb8829782dbcf04","California","Region"
"location/ile-de-france/104bf8833a6103f9b51aba1d9a4d2c62","Ile-de-France","Region"
"location/massachusetts/98c62fd921489dd7d767b27fa0816b97","Massachusetts","Region"
"location/midland/4bf3768de0087fed039ad54301392bc1","Midland","Region"
"location/california/eb879a83c91a121e0bb8829782dbcf04","California","Region"
"location/dublin/e401019b70f746eef7f33331a2528672","Dublin","Region"
"location/illinois/e9d5dbb22921eb4d674977cb42bbf790","Illinois","Region"
"location/london-city-of/79eb923b9e93e0db2fe075f0c430c2cb","London, City of","Region"
"location/ontario/452160a8eaea9fb811fe78c5935ec12e","Ontario","Region"
"location/leeds/02fa0fafa6288c9d7afd5900a074069d","Leeds","Region"
"location/california/eb879a83c91a121e0bb8829782dbcf04","California","Region"
"location/california/eb879a83c91a121e0bb8829782dbcf04","California","Region"
"location/california/eb879a83c91a121e0bb8829782dbcf04","California","Region"
"location/yerushalayim/7b2c9e8a031e7efd3d5a081f0168b425","Yerushalayim","Region"
"location/tokyo/ee6ee543afd455958c2bffd3ea11a243","Tokyo","Region"
"location/massachusetts/98c62fd921489dd7d767b27fa0816b97","Massachusetts","Region"
"location/illinois/e9d5dbb22921eb4d674977cb42bbf790","Illinois","Region"
"location/california/eb879a83c91a121e0bb8829782dbcf04","California","Region"
"location/antioquia/34c99c4d5bf215d665a0cf310dcbf0aa","Antioquia","Region"
"location/tokyo/ee6ee543afd455958c2bffd3ea11a243","Tokyo","Region"
"location/pennsylvania/45f8ca9499bf3a2d795f3c1e74072327","Pennsylvania","Region"
"location/new-york/83ead471332bd02e67b767279aed075b","New York","Region"
"location/massachusetts/98c62fd921489dd7d767b27fa0816b97","Massachusetts","Region"
"location/california/eb879a83c91a121e0bb8829782dbcf04","California","Region"
"location/canakkale/ea9c10192225ba96b8b38445976f25df","Canakkale","Region"
"location/london-city-of/79eb923b9e93e0db2fe075f0c430c2cb","London, City of","Region"
"location/florida/7d27a7401eba06ba8941078f0789d387","Florida","Region"
"location/massachusetts/98c62fd921489dd7d767b27fa0816b97","Massachusetts","Region"
"location/texas/54e9e76a1847d13700a7ed1aab624b78","Texas","Region"
"location/california/eb879a83c91a121e0bb8829782dbcf04","California","Region"
"location/california/eb879a83c91a121e0bb8829782dbcf04","California","Region"
"location/stockholms-lan/374fe00281bdde17f5952da924209ec6","Stockholms Lan","Region"
"location/veszprem/e5faa54ee74479f0b355e56b480205ef","Veszprem","Region"
"location/istanbul/875467b892a85af41c428e9809f15659","Istanbul","Region"
"location/london-city-of/79eb923b9e93e0db2fe075f0c430c2cb","London, City of","Region"
"location/ile-de-france/104bf8833a6103f9b51aba1d9a4d2c62","Ile-de-France","Region"
"location/new-york/83ead471332bd02e67b767279aed075b","New York","Region"
"location/district-of-columbia/f54a6bb57ddf98f79b0864348cedd3fd","District of Columbia","Region"
"location/california/eb879a83c91a121e0bb8829782dbcf04","California","Region"
"location/california/eb879a83c91a121e0bb8829782dbcf04","California","Region"
"location/ile-de-france/104bf8833a6103f9b51aba1d9a4d2c62","Ile-de-France","Region"
"location/california/eb879a83c91a121e0bb8829782dbcf04","California","Region"
"location/virginia/ba972fec7acf7c8443161ab2425cc6be","Virginia","Region"
"location/minnesota/2c75f4b58c06f0cc4a6dd780e2b56365","Minnesota","Region"
"location/catalonia/d1cdb4c43409cf3a48f6e6777c6b4663","Catalonia","Region"
"location/massachusetts/98c62fd921489dd7d767b27fa0816b97","Massachusetts","Region"
"location/california/eb879a83c91a121e0bb8829782dbcf04","California","Region"
"location/california/eb879a83c91a121e0bb8829782dbcf04","California","Region"
"location/california/eb879a83c91a121e0bb8829782dbcf04","California","Region"
"location/new-york/83ead471332bd02e67b767279aed075b","New York","Region"
"location/california/eb879a83c91a121e0bb8829782dbcf04","California","Region"
"location/georgia/e5e9da40cf545c78963be6d5a2efe686","Georgia","Region"
"location/california/eb879a83c91a121e0bb8829782dbcf04","California","Region"
"location/london-city-of/79eb923b9e93e0db2fe075f0c430c2cb","London, City of","Region"
"location/virginia/ba972fec7acf7c8443161ab2425cc6be","Virginia","Region"
"location/madrid/9a50db39921ac06fc84ee84084c94381","Madrid","Region"
"location/maharashtra/9f01ca747cd77b8cf741828699d920a2","Maharashtra","Region"
"location/california/eb879a83c91a121e0bb8829782dbcf04","California","Region"
"location/california/eb879a83c91a121e0bb8829782dbcf04","California","Region"
"location/california/eb879a83c91a121e0bb8829782dbcf04","California","Region"
"location/budapest/21c66403d359d2ce88275180dd5f0664","Budapest","Region"
"location/indiana/63b553628d29ae9a03ff2435095d287f","Indiana","Region"
"location/california/eb879a83c91a121e0bb8829782dbcf04","California","Region"
"location/california/eb879a83c91a121e0bb8829782dbcf04","California","Region"
"location/karnataka/cd79504e3c0a954fa3c6094f46c0d524","Karnataka","Region"
"location/california/eb879a83c91a121e0bb8829782dbcf04","California","Region"
"location/california/eb879a83c91a121e0bb8829782dbcf04","California","Region"
"location/maryland/a5720592ddbbd23cdf7271fde141ee19","Maryland","Region"
"location/new-york/83ead471332bd02e67b767279aed075b","New York","Region"
"location/new-york/83ead471332bd02e67b767279aed075b","New York","Region"
"location/california/eb879a83c91a121e0bb8829782dbcf04","California","Region"
"location/hong-kong-island/469929a567e769c1b274088b78de23a2","Hong Kong Island","Region"
"location/arizona/a7afe60f35b618145d3efb86c05d2593","Arizona","Region"
"location/new-york/83ead471332bd02e67b767279aed075b","New York","Region"
"location/kyonggi-do/4629e8746d77d28716bc859c558abef6","Kyonggi-do","Region"
"location/lombardia/5187794153a6524d701df43138753701","Lombardia","Region"
"location/illinois/e9d5dbb22921eb4d674977cb42bbf790","Illinois","Region"
"location/california/eb879a83c91a121e0bb8829782dbcf04","California","Region"
"location/london-city-of/79eb923b9e93e0db2fe075f0c430c2cb","London, City of","Region"
"location/london-city-of/79eb923b9e93e0db2fe075f0c430c2cb","London, City of","Region"
"location/oregon/c1fd8422b7e3a70d83af8d9403df589a","Oregon","Region"
"location/central-region/0fc1fa956e0764f98c57c41bf17f1b91","Central Region","Region"
"location/alagoas/55795393eb51ffde26c860dc8501d324","Alagoas","Region"
"location/north-carolina/f967e66732ce6748d7e075e756617ccd","North Carolina","Region"
"location/california/eb879a83c91a121e0bb8829782dbcf04","California","Region"
"location/new-south-wales/77c6ba3a1ceb046a4567fc3d755c2d79","New South Wales","Region"
"location/georgia/e5e9da40cf545c78963be6d5a2efe686","Georgia","Region"
"location/california/eb879a83c91a121e0bb8829782dbcf04","California","Region"
"location/central-region/0fc1fa956e0764f98c57c41bf17f1b91","Central Region","Region"
"location/illinois/e9d5dbb22921eb4d674977cb42bbf790","Illinois","Region"
"location/california/eb879a83c91a121e0bb8829782dbcf04","California","Region"
"location/t-ai-pei/3baf4149665f66549f1b755528130c98","T'ai-pei","Region"
"location/manitoba/f2dd9f1b988f73cc0f03e21efce42e34","Manitoba","Region"
"location/galway/20970ed4e78c468cd2b8b872f19ebfdf","Galway","Region"
"location/new-york/83ead471332bd02e67b767279aed075b","New York","Region"
"location/berlin/dcc0539e638afda2022907d53b4e96a9","Berlin","Region"
"location/new-york/83ead471332bd02e67b767279aed075b","New York","Region"
"location/new-york/83ead471332bd02e67b767279aed075b","New York","Region"
"location/central-region/0fc1fa956e0764f98c57c41bf17f1b91","Central Region","Region"
"location/california/eb879a83c91a121e0bb8829782dbcf04","California","Region"
"location/london-city-of/79eb923b9e93e0db2fe075f0c430c2cb","London, City of","Region"
"location/ontario/452160a8eaea9fb811fe78c5935ec12e","Ontario","Region"
"location/maharashtra/9f01ca747cd77b8cf741828699d920a2","Maharashtra","Region"
"location/washington/86caa7e091fbce586e4cd58e799dd2bd","Washington","Region"
"location/beijing/ad56d3e42b67bf00615e25a24a95ae0d","Beijing","Region"
"location/madrid/9a50db39921ac06fc84ee84084c94381","Madrid","Region"
"location/zurich/d63a3c1ed300da22915c69b7b8138f75","Zurich","Region"
"location/california/eb879a83c91a121e0bb8829782dbcf04","California","Region"
"location/massachusetts/98c62fd921489dd7d767b27fa0816b97","Massachusetts","Region"
"location/maharashtra/9f01ca747cd77b8cf741828699d920a2","Maharashtra","Region"
"location/ile-de-france/104bf8833a6103f9b51aba1d9a4d2c62","Ile-de-France","Region"
"location/victoria/2c625173255062796d87817b2d619bab","Victoria","Region"
"location/central-region/0fc1fa956e0764f98c57c41bf17f1b91","Central Region","Region"
"location/california/eb879a83c91a121e0bb8829782dbcf04","California","Region"
"location/california/eb879a83c91a121e0bb8829782dbcf04","California","Region"
"location/massachusetts/98c62fd921489dd7d767b27fa0816b97","Massachusetts","Region"
"location/california/eb879a83c91a121e0bb8829782dbcf04","California","Region"
"location/california/eb879a83c91a121e0bb8829782dbcf04","California","Region"
"location/california/eb879a83c91a121e0bb8829782dbcf04","California","Region"
"location/zuid-holland/f8fcab7700143f74127aba52d3f1fa68","Zuid-Holland","Region"
"location/vilniaus-apskritis/12763865f08ce400bdcc4ca092bc9b6f","Vilniaus Apskritis","Region"
"location/istanbul/875467b892a85af41c428e9809f15659","Istanbul","Region"
"location/new-york/83ead471332bd02e67b767279aed075b","New York","Region"
"location/texas/54e9e76a1847d13700a7ed1aab624b78","Texas","Region"
"location/massachusetts/98c62fd921489dd7d767b27fa0816b97","Massachusetts","Region"
"location/goias/67e256f32b823cf1ed34a2cb33b04014","Goias","Region"
"location/alagoas/55795393eb51ffde26c860dc8501d324","Alagoas","Region"
"location/california/eb879a83c91a121e0bb8829782dbcf04","California","Region"
"location/new-york/83ead471332bd02e67b767279aed075b","New York","Region"
"location/alberta/2b5d0cba91fe88fac9457658a34d2a10","Alberta","Region"
"location/california/eb879a83c91a121e0bb8829782dbcf04","California","Region"
"location/maharashtra/9f01ca747cd77b8cf741828699d920a2","Maharashtra","Region"
"location/florida/7d27a7401eba06ba8941078f0789d387","Florida","Region"
"location/hamerkaz/7521baf7376244a42b773b0481b510a1","HaMerkaz","Region"
"location/illinois/e9d5dbb22921eb4d674977cb42bbf790","Illinois","Region"
"location/california/eb879a83c91a121e0bb8829782dbcf04","California","Region"
"location/massachusetts/98c62fd921489dd7d767b27fa0816b97","Massachusetts","Region"
"location/grad-sofiya/e08a641451766066f50dd4bfeb732875","Grad Sofiya","Region"
"location/california/eb879a83c91a121e0bb8829782dbcf04","California","Region"
"location/california/eb879a83c91a121e0bb8829782dbcf04","California","Region"
"location/utah/08b3ad58fc22d6a915c6be18a87af313","Utah","Region"
"location/new-jersey/625bdda20f438348c41c7654bfbecd02","New Jersey","Region"
"location/california/eb879a83c91a121e0bb8829782dbcf04","California","Region"
"location/midtjylland/f66c7c94243e98c8e652daa117cc2e48","Midtjylland","Region"
"location/wisconsin/48b8886e5c62b703e81bffcebec196f3","Wisconsin","Region"
"location/hertford/966e614f7f5b64cffc1310294800ca75","Hertford","Region"
"location/kerala/42c992211644d1125da90f39bf1e7165","Kerala","Region"
"location/new-hampshire/ac44d13aac69263bc0be659ffe484574","New Hampshire","Region"
"location/north-carolina/f967e66732ce6748d7e075e756617ccd","North Carolina","Region"
"location/california/eb879a83c91a121e0bb8829782dbcf04","California","Region"
"location/london-city-of/79eb923b9e93e0db2fe075f0c430c2cb","London, City of","Region"
"location/california/eb879a83c91a121e0bb8829782dbcf04","California","Region"
"location/new-york/83ead471332bd02e67b767279aed075b","New York","Region"
"location/manitoba/f2dd9f1b988f73cc0f03e21efce42e34","Manitoba","Region"
"location/pennsylvania/45f8ca9499bf3a2d795f3c1e74072327","Pennsylvania","Region"
"location/california/eb879a83c91a121e0bb8829782dbcf04","California","Region"
"location/tel-aviv/4f5fab467bca9a1bba1a70368c5337b9","Tel Aviv","Region"
"location/california/eb879a83c91a121e0bb8829782dbcf04","California","Region"
"location/london-city-of/79eb923b9e93e0db2fe075f0c430c2cb","London, City of","Region"
"location/grad-sofiya/e08a641451766066f50dd4bfeb732875","Grad Sofiya","Region"
"location/california/eb879a83c91a121e0bb8829782dbcf04","California","Region"
"location/karnataka/cd79504e3c0a954fa3c6094f46c0d524","Karnataka","Region"
"location/california/eb879a83c91a121e0bb8829782dbcf04","California","Region"
"location/california/eb879a83c91a121e0bb8829782dbcf04","California","Region"
"location/new-hampshire/ac44d13aac69263bc0be659ffe484574","New Hampshire","Region"
"location/massachusetts/98c62fd921489dd7d767b27fa0816b97","Massachusetts","Region"
"location/louisiana/2285a5a1d3ac5dbcee04da4954884ad1","Louisiana","Region"
"location/tamil-nadu/360bdbca1b1a950c1c657d8866553adb","Tamil Nadu","Region"
"location/oslo/55b063f46e9f595837290f5de62c1da8","Oslo","Region"
"location/shanghai/ab1a28e29effd1ef694c666195fc75df","Shanghai","Region"
"location/massachusetts/98c62fd921489dd7d767b27fa0816b97","Massachusetts","Region"
"location/california/eb879a83c91a121e0bb8829782dbcf04","California","Region"
"location/florida/7d27a7401eba06ba8941078f0789d387","Florida","Region"
"location/hessen/1ef4df3e5386ae5beff648fd795c7f2c","Hessen","Region"
"location/california/eb879a83c91a121e0bb8829782dbcf04","California","Region"
"location/california/eb879a83c91a121e0bb8829782dbcf04","California","Region"
"location/ile-de-france/104bf8833a6103f9b51aba1d9a4d2c62","Ile-de-France","Region"
"location/california/eb879a83c91a121e0bb8829782dbcf04","California","Region"
"location/virginia/ba972fec7acf7c8443161ab2425cc6be","Virginia","Region"
"location/california/eb879a83c91a121e0bb8829782dbcf04","California","Region"
"location/california/eb879a83c91a121e0bb8829782dbcf04","California","Region"
"location/tamil-nadu/360bdbca1b1a950c1c657d8866553adb","Tamil Nadu","Region"
"location/california/eb879a83c91a121e0bb8829782dbcf04","California","Region"
"location/california/eb879a83c91a121e0bb8829782dbcf04","California","Region"
"location/london-city-of/79eb923b9e93e0db2fe075f0c430c2cb","London, City of","Region"
"location/utah/08b3ad58fc22d6a915c6be18a87af313","Utah","Region"
"location/massachusetts/98c62fd921489dd7d767b27fa0816b97","Massachusetts","Region"
"location/california/eb879a83c91a121e0bb8829782dbcf04","California","Region"
"location/toscana/62b96df34eb6257b98744641e62058ae","Toscana","Region"
"location/karnataka/cd79504e3c0a954fa3c6094f46c0d524","Karnataka","Region"
"location/pennsylvania/45f8ca9499bf3a2d795f3c1e74072327","Pennsylvania","Region"
"location/oberosterreich/75166eb029ad75183d4ad3a0ff6545ce","Oberosterreich","Region"
"location/virginia/ba972fec7acf7c8443161ab2425cc6be","Virginia","Region"
"location/massachusetts/98c62fd921489dd7d767b27fa0816b97","Massachusetts","Region"
"location/hazafon/e3431ab4158c4bfcea3ab33726c5cd20","HaZafon","Region"
"location/california/eb879a83c91a121e0bb8829782dbcf04","California","Region"
"location/lombardia/5187794153a6524d701df43138753701","Lombardia","Region"
"location/california/eb879a83c91a121e0bb8829782dbcf04","California","Region"
"location/utah/08b3ad58fc22d6a915c6be18a87af313","Utah","Region"
"location/ile-de-france/104bf8833a6103f9b51aba1d9a4d2c62","Ile-de-France","Region"
"location/oost-vlaanderen/97d24f2d2aa4798a3d46013d7003b11f","Oost-Vlaanderen","Region"
"location/massachusetts/98c62fd921489dd7d767b27fa0816b97","Massachusetts","Region"
"location/california/eb879a83c91a121e0bb8829782dbcf04","California","Region"
"location/karnataka/cd79504e3c0a954fa3c6094f46c0d524","Karnataka","Region"
"location/california/eb879a83c91a121e0bb8829782dbcf04","California","Region"
"location/north-carolina/f967e66732ce6748d7e075e756617ccd","North Carolina","Region"
"location/karnataka/cd79504e3c0a954fa3c6094f46c0d524","Karnataka","Region"
"location/haryana/5791883d3b71c28bb39bbf559f26c754","Haryana","Region"
"location/gujarat/2ba26804a4961c95acd6fd0dc8a8ae87","Gujarat","Region"
"location/washington/86caa7e091fbce586e4cd58e799dd2bd","Washington","Region"
"location/sachsen/11296b18bf1baa3f87cf38b117977c36","Sachsen","Region"
"location/texas/54e9e76a1847d13700a7ed1aab624b78","Texas","Region"
"location/california/eb879a83c91a121e0bb8829782dbcf04","California","Region"
"location/new-york/83ead471332bd02e67b767279aed075b","New York","Region"
"location/southern-finland/2291746faf26cd75e9b5b64e9df61781","Southern Finland","Region"
"location/tel-aviv/4f5fab467bca9a1bba1a70368c5337b9","Tel Aviv","Region"
"location/lombardia/5187794153a6524d701df43138753701","Lombardia","Region"
"location/dublin/e401019b70f746eef7f33331a2528672","Dublin","Region"
"location/region-metropolitana/5e0a46416954b5671006ee21f667cc0b","Region Metropolitana","Region"
"location/new-jersey/625bdda20f438348c41c7654bfbecd02","New Jersey","Region"
"location/alagoas/55795393eb51ffde26c860dc8501d324","Alagoas","Region"
"location/london-city-of/79eb923b9e93e0db2fe075f0c430c2cb","London, City of","Region"
"location/maryland/a5720592ddbbd23cdf7271fde141ee19","Maryland","Region"
"location/california/eb879a83c91a121e0bb8829782dbcf04","California","Region"
"location/london-city-of/79eb923b9e93e0db2fe075f0c430c2cb","London, City of","Region"
"location/california/eb879a83c91a121e0bb8829782dbcf04","California","Region"
"location/baden-wurttemberg/635e079b43d8c89d403a7fbc14055f8b","Baden-Wurttemberg","Region"
"location/maharashtra/9f01ca747cd77b8cf741828699d920a2","Maharashtra","Region"
"location/new-york/83ead471332bd02e67b767279aed075b","New York","Region"
"location/london-city-of/79eb923b9e93e0db2fe075f0c430c2cb","London, City of","Region"
"location/california/eb879a83c91a121e0bb8829782dbcf04","California","Region"
"location/california/eb879a83c91a121e0bb8829782dbcf04","California","Region"
"location/karnataka/cd79504e3c0a954fa3c6094f46c0d524","Karnataka","Region"
"location/distrito-federal/5a2261c329739785a4bb8a64e7562b47","Distrito Federal","Region"
"location/wisconsin/48b8886e5c62b703e81bffcebec196f3","Wisconsin","Region"
"location/california/eb879a83c91a121e0bb8829782dbcf04","California","Region"
"location/massachusetts/98c62fd921489dd7d767b27fa0816b97","Massachusetts","Region"
"location/trentino-alto-adige/2ce425ecd3fc9d1b1d0cbc07cf785d4b","Trentino-Alto Adige","Region"
"location/california/eb879a83c91a121e0bb8829782dbcf04","California","Region"
"location/california/eb879a83c91a121e0bb8829782dbcf04","California","Region"
"location/california/eb879a83c91a121e0bb8829782dbcf04","California","Region"
"location/buenos-aires/fffb836e7b646c741716b6b692d12221","Buenos Aires","Region"
"location/california/eb879a83c91a121e0bb8829782dbcf04","California","Region"
"location/attiki/71fa0865bf2b26fcc3356f95564f26d0","Attiki","Region"
"location/california/eb879a83c91a121e0bb8829782dbcf04","California","Region"
"location/virginia/ba972fec7acf7c8443161ab2425cc6be","Virginia","Region"
"location/london-city-of/79eb923b9e93e0db2fe075f0c430c2cb","London, City of","Region"
"location/new-south-wales/77c6ba3a1ceb046a4567fc3d755c2d79","New South Wales","Region"
"location/california/eb879a83c91a121e0bb8829782dbcf04","California","Region"
"location/california/eb879a83c91a121e0bb8829782dbcf04","California","Region"
"location/alagoas/55795393eb51ffde26c860dc8501d324","Alagoas","Region"
"location/hlavni-mesto-praha/48b6d8bf96e92b3eb8ef705bd479e543","Hlavni mesto Praha","Region"
"location/new-york/83ead471332bd02e67b767279aed075b","New York","Region"
"location/victoria/2c625173255062796d87817b2d619bab","Victoria","Region"
"location/oslo/55b063f46e9f595837290f5de62c1da8","Oslo","Region"
"location/california/eb879a83c91a121e0bb8829782dbcf04","California","Region"
"location/california/eb879a83c91a121e0bb8829782dbcf04","California","Region"
"location/california/eb879a83c91a121e0bb8829782dbcf04","California","Region"
"location/oregon/c1fd8422b7e3a70d83af8d9403df589a","Oregon","Region"
"location/california/eb879a83c91a121e0bb8829782dbcf04","California","Region"
"location/buenos-aires/fffb836e7b646c741716b6b692d12221","Buenos Aires","Region"
"location/california/eb879a83c91a121e0bb8829782dbcf04","California","Region"
"location/gujarat/2ba26804a4961c95acd6fd0dc8a8ae87","Gujarat","Region"
"location/oslo/55b063f46e9f595837290f5de62c1da8","Oslo","Region"
"location/quebec/c4cd6f0c10e6c97e3e20e5be9405c146","Quebec","Region"
"location/new-south-wales/77c6ba3a1ceb046a4567fc3d755c2d79","New South Wales","Region"
"location/greenwich/882e65caf7ed7e6e0ed9c4ea478e2bfd","Greenwich","Region"
"location/california/eb879a83c91a121e0bb8829782dbcf04","California","Region"
"location/california/eb879a83c91a121e0bb8829782dbcf04","California","Region"
"location/tamil-nadu/360bdbca1b1a950c1c657d8866553adb","Tamil Nadu","Region"
"location/maharashtra/9f01ca747cd77b8cf741828699d920a2","Maharashtra","Region"
"location/california/eb879a83c91a121e0bb8829782dbcf04","California","Region"
"location/california/eb879a83c91a121e0bb8829782dbcf04","California","Region"
"location/kuala-lumpur/805445caf2874a8b732a833f92d0d804","Kuala Lumpur","Region"
"location/istanbul/875467b892a85af41c428e9809f15659","Istanbul","Region"
"location/texas/54e9e76a1847d13700a7ed1aab624b78","Texas","Region"
"location/california/eb879a83c91a121e0bb8829782dbcf04","California","Region"
"location/massachusetts/98c62fd921489dd7d767b27fa0816b97","Massachusetts","Region"
"location/london-city-of/79eb923b9e93e0db2fe075f0c430c2cb","London, City of","Region"
"location/california/eb879a83c91a121e0bb8829782dbcf04","California","Region"
"location/hamerkaz/7521baf7376244a42b773b0481b510a1","HaMerkaz","Region"
"location/california/eb879a83c91a121e0bb8829782dbcf04","California","Region"
"location/pennsylvania/45f8ca9499bf3a2d795f3c1e74072327","Pennsylvania","Region"
"location/kyonggi-do/4629e8746d77d28716bc859c558abef6","Kyonggi-do","Region"
"location/florida/7d27a7401eba06ba8941078f0789d387","Florida","Region"
"location/california/eb879a83c91a121e0bb8829782dbcf04","California","Region"
"location/texas/54e9e76a1847d13700a7ed1aab624b78","Texas","Region"
"location/california/eb879a83c91a121e0bb8829782dbcf04","California","Region"
"location/california/eb879a83c91a121e0bb8829782dbcf04","California","Region"
"location/california/eb879a83c91a121e0bb8829782dbcf04","California","Region"
"location/tamil-nadu/360bdbca1b1a950c1c657d8866553adb","Tamil Nadu","Region"
"location/zuid-holland/f8fcab7700143f74127aba52d3f1fa68","Zuid-Holland","Region"
"location/california/eb879a83c91a121e0bb8829782dbcf04","California","Region"
"location/new-jersey/625bdda20f438348c41c7654bfbecd02","New Jersey","Region"
"location/grad-sofiya/e08a641451766066f50dd4bfeb732875","Grad Sofiya","Region"
"location/seoul-t-ukpyolsi/afe8dc4fe7211e88f8f18d5d5a8fbd42","Seoul-t'ukpyolsi","Region"
"location/california/eb879a83c91a121e0bb8829782dbcf04","California","Region"
"location/gloucestershire/ffbf80e548dfdc90f4e2a9d231108b4b","Gloucestershire","Region"
"location/berlin/dcc0539e638afda2022907d53b4e96a9","Berlin","Region"
"location/california/eb879a83c91a121e0bb8829782dbcf04","California","Region"
"location/dublin/e401019b70f746eef7f33331a2528672","Dublin","Region"
"location/california/eb879a83c91a121e0bb8829782dbcf04","California","Region"
"location/berlin/dcc0539e638afda2022907d53b4e96a9","Berlin","Region"
"location/mazowieckie/6d673abb4f06d4a3565fdd9a4c1710de","Mazowieckie","Region"
"location/new-york/83ead471332bd02e67b767279aed075b","New York","Region"
"location/florida/7d27a7401eba06ba8941078f0789d387","Florida","Region"
"location/grad-sofiya/e08a641451766066f50dd4bfeb732875","Grad Sofiya","Region"
"location/ile-de-france/104bf8833a6103f9b51aba1d9a4d2c62","Ile-de-France","Region"
"location/dublin/e401019b70f746eef7f33331a2528672","Dublin","Region"
"location/new-south-wales/77c6ba3a1ceb046a4567fc3d755c2d79","New South Wales","Region"
"location/texas/54e9e76a1847d13700a7ed1aab624b78","Texas","Region"
"location/catalonia/d1cdb4c43409cf3a48f6e6777c6b4663","Catalonia","Region"
"location/karnataka/cd79504e3c0a954fa3c6094f46c0d524","Karnataka","Region"
"location/arizona/a7afe60f35b618145d3efb86c05d2593","Arizona","Region"
"location/washington/86caa7e091fbce586e4cd58e799dd2bd","Washington","Region"
"location/victoria/2c625173255062796d87817b2d619bab","Victoria","Region"
"location/madrid/9a50db39921ac06fc84ee84084c94381","Madrid","Region"
"location/california/eb879a83c91a121e0bb8829782dbcf04","California","Region"
"location/madrid/9a50db39921ac06fc84ee84084c94381","Madrid","Region"
"location/harjumaa/0f48d843cbeaeed13bb32a40f3b24bca","Harjumaa","Region"
"location/maryland/a5720592ddbbd23cdf7271fde141ee19","Maryland","Region"
"location/na---south-africa/2955f27e25892d82f9face4aa8e907b7","NA - South Africa","Region"
"location/california/eb879a83c91a121e0bb8829782dbcf04","California","Region"
"location/alberta/2b5d0cba91fe88fac9457658a34d2a10","Alberta","Region"
"location/central-region/0fc1fa956e0764f98c57c41bf17f1b91","Central Region","Region"
"location/minnesota/2c75f4b58c06f0cc4a6dd780e2b56365","Minnesota","Region"
"location/massachusetts/98c62fd921489dd7d767b27fa0816b97","Massachusetts","Region"
"location/piemonte/b94a23b569215aba9f653e4177e7bfc3","Piemonte","Region"
"location/massachusetts/98c62fd921489dd7d767b27fa0816b97","Massachusetts","Region"
"location/new-york/83ead471332bd02e67b767279aed075b","New York","Region"
"location/massachusetts/98c62fd921489dd7d767b27fa0816b97","Massachusetts","Region"
"location/london-city-of/79eb923b9e93e0db2fe075f0c430c2cb","London, City of","Region"
"location/seoul-t-ukpyolsi/afe8dc4fe7211e88f8f18d5d5a8fbd42","Seoul-t'ukpyolsi","Region"
"location/veszprem/e5faa54ee74479f0b355e56b480205ef","Veszprem","Region"
"location/california/eb879a83c91a121e0bb8829782dbcf04","California","Region"
"location/california/eb879a83c91a121e0bb8829782dbcf04","California","Region"
"location/california/eb879a83c91a121e0bb8829782dbcf04","California","Region"
"location/california/eb879a83c91a121e0bb8829782dbcf04","California","Region"
"location/california/eb879a83c91a121e0bb8829782dbcf04","California","Region"
"location/new-york/83ead471332bd02e67b767279aed075b","New York","Region"
"location/wien/6f11ce94c714f7f47cbe6cc58e8d36f4","Wien","Region"
"location/new-york/83ead471332bd02e67b767279aed075b","New York","Region"
"location/minnesota/2c75f4b58c06f0cc4a6dd780e2b56365","Minnesota","Region"
"location/massachusetts/98c62fd921489dd7d767b27fa0816b97","Massachusetts","Region"
"location/mazowieckie/6d673abb4f06d4a3565fdd9a4c1710de","Mazowieckie","Region"
"location/california/eb879a83c91a121e0bb8829782dbcf04","California","Region"
"location/maharashtra/9f01ca747cd77b8cf741828699d920a2","Maharashtra","Region"
"location/california/eb879a83c91a121e0bb8829782dbcf04","California","Region"
"location/florida/7d27a7401eba06ba8941078f0789d387","Florida","Region"
"location/illinois/e9d5dbb22921eb4d674977cb42bbf790","Illinois","Region"
"location/southern-finland/2291746faf26cd75e9b5b64e9df61781","Southern Finland","Region"
"location/massachusetts/98c62fd921489dd7d767b27fa0816b97","Massachusetts","Region"
"location/berlin/dcc0539e638afda2022907d53b4e96a9","Berlin","Region"
"location/tel-aviv/4f5fab467bca9a1bba1a70368c5337b9","Tel Aviv","Region"
"location/west-virginia/0501bdfb4cc1f75713ee889df4919926","West Virginia","Region"
"location/california/eb879a83c91a121e0bb8829782dbcf04","California","Region"
"location/shanghai/ab1a28e29effd1ef694c666195fc75df","Shanghai","Region"
"location/california/eb879a83c91a121e0bb8829782dbcf04","California","Region"
"location/california/eb879a83c91a121e0bb8829782dbcf04","California","Region"
"location/jujuy/4dc3144374898ab30e8c0ae84ea0ac4c","Jujuy","Region"
"location/rhode-island/0b4dddee615bed9bbdfc79d89322881d","Rhode Island","Region"
"location/maharashtra/9f01ca747cd77b8cf741828699d920a2","Maharashtra","Region"
"location/hlavni-mesto-praha/48b6d8bf96e92b3eb8ef705bd479e543","Hlavni mesto Praha","Region"
"location/zuid-holland/f8fcab7700143f74127aba52d3f1fa68","Zuid-Holland","Region"
"location/california/eb879a83c91a121e0bb8829782dbcf04","California","Region"
"location/california/eb879a83c91a121e0bb8829782dbcf04","California","Region"
"location/california/eb879a83c91a121e0bb8829782dbcf04","California","Region"
"location/zuid-holland/f8fcab7700143f74127aba52d3f1fa68","Zuid-Holland","Region"
"location/california/eb879a83c91a121e0bb8829782dbcf04","California","Region"
"location/new-york/83ead471332bd02e67b767279aed075b","New York","Region"
"location/hazafon/e3431ab4158c4bfcea3ab33726c5cd20","HaZafon","Region"
"location/central-region/0fc1fa956e0764f98c57c41bf17f1b91","Central Region","Region"
"location/massachusetts/98c62fd921489dd7d767b27fa0816b97","Massachusetts","Region"
"location/new-york/83ead471332bd02e67b767279aed075b","New York","Region"
"location/hong-kong-island/469929a567e769c1b274088b78de23a2","Hong Kong Island","Region"
"location/central-region/0fc1fa956e0764f98c57c41bf17f1b91","Central Region","Region"
"location/istanbul/875467b892a85af41c428e9809f15659","Istanbul","Region"
"location/california/eb879a83c91a121e0bb8829782dbcf04","California","Region"
"location/london-city-of/79eb923b9e93e0db2fe075f0c430c2cb","London, City of","Region"
"location/district-of-columbia/f54a6bb57ddf98f79b0864348cedd3fd","District of Columbia","Region"
"location/california/eb879a83c91a121e0bb8829782dbcf04","California","Region"
"location/oslo/55b063f46e9f595837290f5de62c1da8","Oslo","Region"
"location/new-jersey/625bdda20f438348c41c7654bfbecd02","New Jersey","Region"
"location/california/eb879a83c91a121e0bb8829782dbcf04","California","Region"
"location/california/eb879a83c91a121e0bb8829782dbcf04","California","Region"
"location/tokyo/ee6ee543afd455958c2bffd3ea11a243","Tokyo","Region"
"location/california/eb879a83c91a121e0bb8829782dbcf04","California","Region"
"location/massachusetts/98c62fd921489dd7d767b27fa0816b97","Massachusetts","Region"
"location/california/eb879a83c91a121e0bb8829782dbcf04","California","Region"
"location/massachusetts/98c62fd921489dd7d767b27fa0816b97","Massachusetts","Region"
"location/montana/6dd1488599b4ac335d73eba00c350776","Montana","Region"
"location/ontario/452160a8eaea9fb811fe78c5935ec12e","Ontario","Region"
"location/trentino-alto-adige/2ce425ecd3fc9d1b1d0cbc07cf785d4b","Trentino-Alto Adige","Region"
"location/california/eb879a83c91a121e0bb8829782dbcf04","California","Region"
"location/tel-aviv/4f5fab467bca9a1bba1a70368c5337b9","Tel Aviv","Region"
"location/seoul-t-ukpyolsi/afe8dc4fe7211e88f8f18d5d5a8fbd42","Seoul-t'ukpyolsi","Region"
"location/quebec/c4cd6f0c10e6c97e3e20e5be9405c146","Quebec","Region"
"location/massachusetts/98c62fd921489dd7d767b27fa0816b97","Massachusetts","Region"
"location/massachusetts/98c62fd921489dd7d767b27fa0816b97","Massachusetts","Region"
"location/mississippi/b43d86a75993c558e30d3eb7ab163ef5","Mississippi","Region"
"location/berlin/dcc0539e638afda2022907d53b4e96a9","Berlin","Region"
"location/florida/7d27a7401eba06ba8941078f0789d387","Florida","Region"
"location/california/eb879a83c91a121e0bb8829782dbcf04","California","Region"
"location/california/eb879a83c91a121e0bb8829782dbcf04","California","Region"
"location/california/eb879a83c91a121e0bb8829782dbcf04","California","Region"
"location/california/eb879a83c91a121e0bb8829782dbcf04","California","Region"
"location/central-region/0fc1fa956e0764f98c57c41bf17f1b91","Central Region","Region"
"location/hlavni-mesto-praha/48b6d8bf96e92b3eb8ef705bd479e543","Hlavni mesto Praha","Region"
"location/texas/54e9e76a1847d13700a7ed1aab624b78","Texas","Region"
"location/california/eb879a83c91a121e0bb8829782dbcf04","California","Region"
"location/southern-finland/2291746faf26cd75e9b5b64e9df61781","Southern Finland","Region"
"location/massachusetts/98c62fd921489dd7d767b27fa0816b97","Massachusetts","Region"
"location/london-city-of/79eb923b9e93e0db2fe075f0c430c2cb","London, City of","Region"
"location/texas/54e9e76a1847d13700a7ed1aab624b78","Texas","Region"
"location/california/eb879a83c91a121e0bb8829782dbcf04","California","Region"
"location/california/eb879a83c91a121e0bb8829782dbcf04","California","Region"
"location/california/eb879a83c91a121e0bb8829782dbcf04","California","Region"
"location/massachusetts/98c62fd921489dd7d767b27fa0816b97","Massachusetts","Region"
"location/california/eb879a83c91a121e0bb8829782dbcf04","California","Region"
"location/seoul-t-ukpyolsi/afe8dc4fe7211e88f8f18d5d5a8fbd42","Seoul-t'ukpyolsi","Region"
"location/nuevo-leon/3bc614597ab5576ff79d964beaf24a5a","Nuevo Leon","Region"
"location/london-city-of/79eb923b9e93e0db2fe075f0c430c2cb","London, City of","Region"
"location/california/eb879a83c91a121e0bb8829782dbcf04","California","Region"
"location/california/eb879a83c91a121e0bb8829782dbcf04","California","Region"
"location/new-york/83ead471332bd02e67b767279aed075b","New York","Region"
"location/catalonia/d1cdb4c43409cf3a48f6e6777c6b4663","Catalonia","Region"
"location/berlin/dcc0539e638afda2022907d53b4e96a9","Berlin","Region"
"location/california/eb879a83c91a121e0bb8829782dbcf04","California","Region"
"location/central-region/0fc1fa956e0764f98c57c41bf17f1b91","Central Region","Region"
"location/wellington/86d11dcc7f5f98a17650ae6751d14c38","Wellington","Region"
"location/virginia/ba972fec7acf7c8443161ab2425cc6be","Virginia","Region"
"location/berlin/dcc0539e638afda2022907d53b4e96a9","Berlin","Region"
"location/new-york/83ead471332bd02e67b767279aed075b","New York","Region"
"location/nordrhein-westfalen/ceb06994fd1b5093dc0e95c8cf80915b","Nordrhein-Westfalen","Region"
"location/new-york/83ead471332bd02e67b767279aed075b","New York","Region"
"location/california/eb879a83c91a121e0bb8829782dbcf04","California","Region"
"location/maharashtra/9f01ca747cd77b8cf741828699d920a2","Maharashtra","Region"
"location/texas/54e9e76a1847d13700a7ed1aab624b78","Texas","Region"
"location/north-carolina/f967e66732ce6748d7e075e756617ccd","North Carolina","Region"
"location/california/eb879a83c91a121e0bb8829782dbcf04","California","Region"
"location/lombardia/5187794153a6524d701df43138753701","Lombardia","Region"
"location/new-york/83ead471332bd02e67b767279aed075b","New York","Region"
"location/seoul-t-ukpyolsi/afe8dc4fe7211e88f8f18d5d5a8fbd42","Seoul-t'ukpyolsi","Region"
"location/ontario/452160a8eaea9fb811fe78c5935ec12e","Ontario","Region"
"location/karnataka/cd79504e3c0a954fa3c6094f46c0d524","Karnataka","Region"
"location/florida/7d27a7401eba06ba8941078f0789d387","Florida","Region"
"location/catalonia/d1cdb4c43409cf3a48f6e6777c6b4663","Catalonia","Region"
"location/california/eb879a83c91a121e0bb8829782dbcf04","California","Region"
"location/london-city-of/79eb923b9e93e0db2fe075f0c430c2cb","London, City of","Region"
"location/new-york/83ead471332bd02e67b767279aed075b","New York","Region"
"location/oslo/55b063f46e9f595837290f5de62c1da8","Oslo","Region"
"location/massachusetts/98c62fd921489dd7d767b27fa0816b97","Massachusetts","Region"
"location/tokyo/ee6ee543afd455958c2bffd3ea11a243","Tokyo","Region"
"location/district-of-columbia/f54a6bb57ddf98f79b0864348cedd3fd","District of Columbia","Region"
"location/texas/54e9e76a1847d13700a7ed1aab624b78","Texas","Region"
"location/rio-de-janeiro/4524dfbe2a2ad358e041a0276d1896f1","Rio de Janeiro","Region"
"location/california/eb879a83c91a121e0bb8829782dbcf04","California","Region"
"location/california/eb879a83c91a121e0bb8829782dbcf04","California","Region"
"location/colorado/056b6b3909ea2c8527aff54b58a28072","Colorado","Region"
"location/illinois/e9d5dbb22921eb4d674977cb42bbf790","Illinois","Region"
"location/hamerkaz/7521baf7376244a42b773b0481b510a1","HaMerkaz","Region"
"location/virginia/ba972fec7acf7c8443161ab2425cc6be","Virginia","Region"
"location/zurich/d63a3c1ed300da22915c69b7b8138f75","Zurich","Region"
"location/washington/86caa7e091fbce586e4cd58e799dd2bd","Washington","Region"
"location/california/eb879a83c91a121e0bb8829782dbcf04","California","Region"
"location/maharashtra/9f01ca747cd77b8cf741828699d920a2","Maharashtra","Region"
"location/massachusetts/98c62fd921489dd7d767b27fa0816b97","Massachusetts","Region"
"location/california/eb879a83c91a121e0bb8829782dbcf04","California","Region"
"location/seoul-t-ukpyolsi/afe8dc4fe7211e88f8f18d5d5a8fbd42","Seoul-t'ukpyolsi","Region"
"location/california/eb879a83c91a121e0bb8829782dbcf04","California","Region"
"location/california/eb879a83c91a121e0bb8829782dbcf04","California","Region"
"location/london-city-of/79eb923b9e93e0db2fe075f0c430c2cb","London, City of","Region"
"location/california/eb879a83c91a121e0bb8829782dbcf04","California","Region"
"location/florida/7d27a7401eba06ba8941078f0789d387","Florida","Region"
"location/north-carolina/f967e66732ce6748d7e075e756617ccd","North Carolina","Region"
"location/tamil-nadu/360bdbca1b1a950c1c657d8866553adb","Tamil Nadu","Region"
"location/california/eb879a83c91a121e0bb8829782dbcf04","California","Region"
"location/pennsylvania/45f8ca9499bf3a2d795f3c1e74072327","Pennsylvania","Region"
"location/district-of-columbia/f54a6bb57ddf98f79b0864348cedd3fd","District of Columbia","Region"
"location/saint-petersburg-city/1cc9ee6afec3ec4bc318dd4bb2964f90","Saint Petersburg City","Region"
"location/massachusetts/98c62fd921489dd7d767b27fa0816b97","Massachusetts","Region"
"location/noord-holland/6ea93e7d3475b197f3950f8819baf8e2","Noord-Holland","Region"
"location/california/eb879a83c91a121e0bb8829782dbcf04","California","Region"
"location/london-city-of/79eb923b9e93e0db2fe075f0c430c2cb","London, City of","Region"
"location/new-york/83ead471332bd02e67b767279aed075b","New York","Region"
"location/louisiana/2285a5a1d3ac5dbcee04da4954884ad1","Louisiana","Region"
"location/sheffield/4f7f6200b0a55570aeb67934915668dd","Sheffield","Region"
"location/new-south-wales/77c6ba3a1ceb046a4567fc3d755c2d79","New South Wales","Region"
"location/florida/7d27a7401eba06ba8941078f0789d387","Florida","Region"
"location/illinois/e9d5dbb22921eb4d674977cb42bbf790","Illinois","Region"
"location/connecticut/53f978947e1260e232c3fdecbdb0dd8b","Connecticut","Region"
"location/andhra-pradesh/1f3abd8200a656c56dd94c5fff22ef8f","Andhra Pradesh","Region"
"location/california/eb879a83c91a121e0bb8829782dbcf04","California","Region"
"location/birmingham/34a7c1a14d57522b9ed55bed55a1c7c6","Birmingham","Region"
"location/maharashtra/9f01ca747cd77b8cf741828699d920a2","Maharashtra","Region"
"location/dublin/e401019b70f746eef7f33331a2528672","Dublin","Region"
"location/berlin/dcc0539e638afda2022907d53b4e96a9","Berlin","Region"
"location/maharashtra/9f01ca747cd77b8cf741828699d920a2","Maharashtra","Region"
"location/washington/86caa7e091fbce586e4cd58e799dd2bd","Washington","Region"
"location/california/eb879a83c91a121e0bb8829782dbcf04","California","Region"
"location/greenwich/882e65caf7ed7e6e0ed9c4ea478e2bfd","Greenwich","Region"
"location/leeds/02fa0fafa6288c9d7afd5900a074069d","Leeds","Region"
"location/ontario/452160a8eaea9fb811fe78c5935ec12e","Ontario","Region"
"location/california/eb879a83c91a121e0bb8829782dbcf04","California","Region"
"location/california/eb879a83c91a121e0bb8829782dbcf04","California","Region"
"location/british-columbia/7eaa00725485a02b26f4cc2df1ea8f34","British Columbia","Region"
"location/district-of-columbia/f54a6bb57ddf98f79b0864348cedd3fd","District of Columbia","Region"
"location/california/eb879a83c91a121e0bb8829782dbcf04","California","Region"
"location/ile-de-france/104bf8833a6103f9b51aba1d9a4d2c62","Ile-de-France","Region"
"location/california/eb879a83c91a121e0bb8829782dbcf04","California","Region"
"location/california/eb879a83c91a121e0bb8829782dbcf04","California","Region"
"location/california/eb879a83c91a121e0bb8829782dbcf04","California","Region"
"location/texas/54e9e76a1847d13700a7ed1aab624b78","Texas","Region"
"location/london-city-of/79eb923b9e93e0db2fe075f0c430c2cb","London, City of","Region"
"location/california/eb879a83c91a121e0bb8829782dbcf04","California","Region"
"location/california/eb879a83c91a121e0bb8829782dbcf04","California","Region"
"location/gelderland/bb0cf1184e3bace41b2faf49b3244705","Gelderland","Region"
"location/georgia/e5e9da40cf545c78963be6d5a2efe686","Georgia","Region"
"location/wisconsin/48b8886e5c62b703e81bffcebec196f3","Wisconsin","Region"
"location/california/eb879a83c91a121e0bb8829782dbcf04","California","Region"
"location/texas/54e9e76a1847d13700a7ed1aab624b78","Texas","Region"
"location/oslo/55b063f46e9f595837290f5de62c1da8","Oslo","Region"
"location/california/eb879a83c91a121e0bb8829782dbcf04","California","Region"
"location/trentino-alto-adige/2ce425ecd3fc9d1b1d0cbc07cf785d4b","Trentino-Alto Adige","Region"
"location/ljubljana-urban-commune/c20a294cecd6244a182eea02c8a7e6fd","Ljubljana Urban Commune","Region"
"location/california/eb879a83c91a121e0bb8829782dbcf04","California","Region"
"location/california/eb879a83c91a121e0bb8829782dbcf04","California","Region"
"location/washington/86caa7e091fbce586e4cd58e799dd2bd","Washington","Region"
"location/colorado/056b6b3909ea2c8527aff54b58a28072","Colorado","Region"
"location/london-city-of/79eb923b9e93e0db2fe075f0c430c2cb","London, City of","Region"
"location/yerushalayim/7b2c9e8a031e7efd3d5a081f0168b425","Yerushalayim","Region"
"location/ile-de-france/104bf8833a6103f9b51aba1d9a4d2c62","Ile-de-France","Region"
"location/california/eb879a83c91a121e0bb8829782dbcf04","California","Region"
"location/massachusetts/98c62fd921489dd7d767b27fa0816b97","Massachusetts","Region"
"location/birmingham/34a7c1a14d57522b9ed55bed55a1c7c6","Birmingham","Region"
"location/california/eb879a83c91a121e0bb8829782dbcf04","California","Region"
"location/region-metropolitana/5e0a46416954b5671006ee21f667cc0b","Region Metropolitana","Region"
"location/california/eb879a83c91a121e0bb8829782dbcf04","California","Region"
"location/california/eb879a83c91a121e0bb8829782dbcf04","California","Region"
"location/nevada/52986cf00e0ff267338f5c09c5b47f65","Nevada","Region"
"location/shanghai/ab1a28e29effd1ef694c666195fc75df","Shanghai","Region"
"location/california/eb879a83c91a121e0bb8829782dbcf04","California","Region"
"location/berlin/dcc0539e638afda2022907d53b4e96a9","Berlin","Region"
"location/bracknell-forest/4a9ef619a5ee6fc8c9dece8ea321bdc3","Bracknell Forest","Region"
"location/bayern/eec7d129cacaeeae1bd7d8449e855904","Bayern","Region"
"location/illinois/e9d5dbb22921eb4d674977cb42bbf790","Illinois","Region"
"location/aragon/36f8777a1560286e911a9963aaf6edc1","Aragon","Region"
"location/california/eb879a83c91a121e0bb8829782dbcf04","California","Region"
"location/karnataka/cd79504e3c0a954fa3c6094f46c0d524","Karnataka","Region"
"location/central-region/0fc1fa956e0764f98c57c41bf17f1b91","Central Region","Region"
"location/shanghai/ab1a28e29effd1ef694c666195fc75df","Shanghai","Region"
"location/california/eb879a83c91a121e0bb8829782dbcf04","California","Region"
"location/massachusetts/98c62fd921489dd7d767b27fa0816b97","Massachusetts","Region"
"location/seoul-t-ukpyolsi/afe8dc4fe7211e88f8f18d5d5a8fbd42","Seoul-t'ukpyolsi","Region"
"location/california/eb879a83c91a121e0bb8829782dbcf04","California","Region"
"location/massachusetts/98c62fd921489dd7d767b27fa0816b97","Massachusetts","Region"
"location/new-york/83ead471332bd02e67b767279aed075b","New York","Region"
"location/california/eb879a83c91a121e0bb8829782dbcf04","California","Region"
"location/illinois/e9d5dbb22921eb4d674977cb42bbf790","Illinois","Region"
"location/alagoas/55795393eb51ffde26c860dc8501d324","Alagoas","Region"
"location/karnataka/cd79504e3c0a954fa3c6094f46c0d524","Karnataka","Region"
"location/wisconsin/48b8886e5c62b703e81bffcebec196f3","Wisconsin","Region"
"location/uttar-pradesh/8aafc11851a6cfa1ff1852729f8c82aa","Uttar Pradesh","Region"
"location/virginia/ba972fec7acf7c8443161ab2425cc6be","Virginia","Region"
"location/california/eb879a83c91a121e0bb8829782dbcf04","California","Region"
"location/massachusetts/98c62fd921489dd7d767b27fa0816b97","Massachusetts","Region"
"location/california/eb879a83c91a121e0bb8829782dbcf04","California","Region"
"location/massachusetts/98c62fd921489dd7d767b27fa0816b97","Massachusetts","Region"
"location/california/eb879a83c91a121e0bb8829782dbcf04","California","Region"
"location/california/eb879a83c91a121e0bb8829782dbcf04","California","Region"
"location/halton/aafd7b654d132a74be72d434f5a3a145","Halton","Region"
"location/california/eb879a83c91a121e0bb8829782dbcf04","California","Region"
"location/new-jersey/625bdda20f438348c41c7654bfbecd02","New Jersey","Region"
"location/north-carolina/f967e66732ce6748d7e075e756617ccd","North Carolina","Region"
"location/massachusetts/98c62fd921489dd7d767b27fa0816b97","Massachusetts","Region"
"location/massachusetts/98c62fd921489dd7d767b27fa0816b97","Massachusetts","Region"
"location/grad-sofiya/e08a641451766066f50dd4bfeb732875","Grad Sofiya","Region"
"location/california/eb879a83c91a121e0bb8829782dbcf04","California","Region"
"location/central-region/0fc1fa956e0764f98c57c41bf17f1b91","Central Region","Region"
"location/tel-aviv/4f5fab467bca9a1bba1a70368c5337b9","Tel Aviv","Region"
"location/california/eb879a83c91a121e0bb8829782dbcf04","California","Region"
"location/california/eb879a83c91a121e0bb8829782dbcf04","California","Region"
"location/new-york/83ead471332bd02e67b767279aed075b","New York","Region"
"location/berlin/dcc0539e638afda2022907d53b4e96a9","Berlin","Region"
"location/california/eb879a83c91a121e0bb8829782dbcf04","California","Region"
"location/california/eb879a83c91a121e0bb8829782dbcf04","California","Region"
"location/central-region/0fc1fa956e0764f98c57c41bf17f1b91","Central Region","Region"
"location/illinois/e9d5dbb22921eb4d674977cb42bbf790","Illinois","Region"
"location/california/eb879a83c91a121e0bb8829782dbcf04","California","Region"
"location/washington/86caa7e091fbce586e4cd58e799dd2bd","Washington","Region"
"location/california/eb879a83c91a121e0bb8829782dbcf04","California","Region"
"location/california/eb879a83c91a121e0bb8829782dbcf04","California","Region"
"location/zurich/d63a3c1ed300da22915c69b7b8138f75","Zurich","Region"
"location/tel-aviv/4f5fab467bca9a1bba1a70368c5337b9","Tel Aviv","Region"
"location/central-region/0fc1fa956e0764f98c57c41bf17f1b91","Central Region","Region"
"location/california/eb879a83c91a121e0bb8829782dbcf04","California","Region"
"location/california/eb879a83c91a121e0bb8829782dbcf04","California","Region"
"location/massachusetts/98c62fd921489dd7d767b27fa0816b97","Massachusetts","Region"
"location/california/eb879a83c91a121e0bb8829782dbcf04","California","Region"
"location/wisconsin/48b8886e5c62b703e81bffcebec196f3","Wisconsin","Region"
"location/central-region/0fc1fa956e0764f98c57c41bf17f1b91","Central Region","Region"
"location/distrito-federal/a810c526021bf44872239f8d1739c024","Distrito Federal","Region"
"location/hamerkaz/7521baf7376244a42b773b0481b510a1","HaMerkaz","Region"
"location/vastra-gotaland/e733771a8d9514a91e9c95998ee0c789","Vastra Gotaland","Region"
"location/buenos-aires/fffb836e7b646c741716b6b692d12221","Buenos Aires","Region"
"location/norfolk/143e4e5fcb4a164a3ea76673d40a87f5","Norfolk","Region"
"location/georgia/e5e9da40cf545c78963be6d5a2efe686","Georgia","Region"
"location/grad-sofiya/e08a641451766066f50dd4bfeb732875","Grad Sofiya","Region"
"location/new-south-wales/77c6ba3a1ceb046a4567fc3d755c2d79","New South Wales","Region"
"location/georgia/e5e9da40cf545c78963be6d5a2efe686","Georgia","Region"
"location/lombardia/5187794153a6524d701df43138753701","Lombardia","Region"
"location/grad-sofiya/e08a641451766066f50dd4bfeb732875","Grad Sofiya","Region"
"location/california/eb879a83c91a121e0bb8829782dbcf04","California","Region"
"location/california/eb879a83c91a121e0bb8829782dbcf04","California","Region"
"location/zurich/d63a3c1ed300da22915c69b7b8138f75","Zurich","Region"
"location/london-city-of/79eb923b9e93e0db2fe075f0c430c2cb","London, City of","Region"
"location/moscow-city/ec3a0cfc29f596541f234f8f9f593c71","Moscow City","Region"
"location/california/eb879a83c91a121e0bb8829782dbcf04","California","Region"
"location/texas/54e9e76a1847d13700a7ed1aab624b78","Texas","Region"
"location/rio-de-janeiro/4524dfbe2a2ad358e041a0276d1896f1","Rio de Janeiro","Region"
"location/california/eb879a83c91a121e0bb8829782dbcf04","California","Region"
"location/texas/54e9e76a1847d13700a7ed1aab624b78","Texas","Region"
"location/southern-finland/2291746faf26cd75e9b5b64e9df61781","Southern Finland","Region"
"location/sachsen/11296b18bf1baa3f87cf38b117977c36","Sachsen","Region"
"location/california/eb879a83c91a121e0bb8829782dbcf04","California","Region"
"location/grad-sofiya/e08a641451766066f50dd4bfeb732875","Grad Sofiya","Region"
"location/oregon/c1fd8422b7e3a70d83af8d9403df589a","Oregon","Region"
"location/california/eb879a83c91a121e0bb8829782dbcf04","California","Region"
"location/trentino-alto-adige/2ce425ecd3fc9d1b1d0cbc07cf785d4b","Trentino-Alto Adige","Region"
"location/ohio/68ce1e7ecec0870b92a9134b2dc2a3e0","Ohio","Region"
"location/tel-aviv/4f5fab467bca9a1bba1a70368c5337b9","Tel Aviv","Region"
"location/oost-vlaanderen/97d24f2d2aa4798a3d46013d7003b11f","Oost-Vlaanderen","Region"
"location/catalonia/d1cdb4c43409cf3a48f6e6777c6b4663","Catalonia","Region"
"location/california/eb879a83c91a121e0bb8829782dbcf04","California","Region"
"location/arizona/a7afe60f35b618145d3efb86c05d2593","Arizona","Region"
"location/california/eb879a83c91a121e0bb8829782dbcf04","California","Region"
"location/uttar-pradesh/8aafc11851a6cfa1ff1852729f8c82aa","Uttar Pradesh","Region"
"location/california/eb879a83c91a121e0bb8829782dbcf04","California","Region"
"location/berlin/dcc0539e638afda2022907d53b4e96a9","Berlin","Region"
"location/california/eb879a83c91a121e0bb8829782dbcf04","California","Region"
"location/california/eb879a83c91a121e0bb8829782dbcf04","California","Region"
"location/california/eb879a83c91a121e0bb8829782dbcf04","California","Region"
"location/maryland/a5720592ddbbd23cdf7271fde141ee19","Maryland","Region"
"location/california/eb879a83c91a121e0bb8829782dbcf04","California","Region"
"location/california/eb879a83c91a121e0bb8829782dbcf04","California","Region"
"location/california/eb879a83c91a121e0bb8829782dbcf04","California","Region"
"location/new-south-wales/77c6ba3a1ceb046a4567fc3d755c2d79","New South Wales","Region"
"location/dublin/e401019b70f746eef7f33331a2528672","Dublin","Region"
"location/virginia/ba972fec7acf7c8443161ab2425cc6be","Virginia","Region"
"location/new-york/83ead471332bd02e67b767279aed075b","New York","Region"
"location/california/eb879a83c91a121e0bb8829782dbcf04","California","Region"
"location/texas/54e9e76a1847d13700a7ed1aab624b78","Texas","Region"
"location/karnataka/cd79504e3c0a954fa3c6094f46c0d524","Karnataka","Region"
"location/karnataka/cd79504e3c0a954fa3c6094f46c0d524","Karnataka","Region"
"location/ljubljana-urban-commune/c20a294cecd6244a182eea02c8a7e6fd","Ljubljana Urban Commune","Region"
"location/leeds/02fa0fafa6288c9d7afd5900a074069d","Leeds","Region"
"location/north-dakota/b41be322b928f674fad914a376442fec","North Dakota","Region"
"location/antioquia/34c99c4d5bf215d665a0cf310dcbf0aa","Antioquia","Region"
"location/kuala-lumpur/805445caf2874a8b732a833f92d0d804","Kuala Lumpur","Region"
"location/california/eb879a83c91a121e0bb8829782dbcf04","California","Region"
"location/victoria/2c625173255062796d87817b2d619bab","Victoria","Region"
"location/texas/54e9e76a1847d13700a7ed1aab624b78","Texas","Region"
"location/london-city-of/79eb923b9e93e0db2fe075f0c430c2cb","London, City of","Region"
"location/southern-finland/2291746faf26cd75e9b5b64e9df61781","Southern Finland","Region"
"location/ile-de-france/104bf8833a6103f9b51aba1d9a4d2c62","Ile-de-France","Region"
"location/tel-aviv/4f5fab467bca9a1bba1a70368c5337b9","Tel Aviv","Region"
"location/london-city-of/79eb923b9e93e0db2fe075f0c430c2cb","London, City of","Region"
"location/virginia/ba972fec7acf7c8443161ab2425cc6be","Virginia","Region"
"location/tel-aviv/4f5fab467bca9a1bba1a70368c5337b9","Tel Aviv","Region"
"location/central-region/0fc1fa956e0764f98c57c41bf17f1b91","Central Region","Region"
"location/california/eb879a83c91a121e0bb8829782dbcf04","California","Region"
"location/illinois/e9d5dbb22921eb4d674977cb42bbf790","Illinois","Region"
"location/new-york/83ead471332bd02e67b767279aed075b","New York","Region"
"location/massachusetts/98c62fd921489dd7d767b27fa0816b97","Massachusetts","Region"
"location/california/eb879a83c91a121e0bb8829782dbcf04","California","Region"
"location/istanbul/875467b892a85af41c428e9809f15659","Istanbul","Region"
"location/california/eb879a83c91a121e0bb8829782dbcf04","California","Region"
"location/hamburg/1de0f40c7614285864b6a2dc1547f303","Hamburg","Region"
"location/grad-zagreb/d09789a66f3705d47a23de053fd910b5","Grad Zagreb","Region"
"location/california/eb879a83c91a121e0bb8829782dbcf04","California","Region"
"location/california/eb879a83c91a121e0bb8829782dbcf04","California","Region"
"location/ontario/452160a8eaea9fb811fe78c5935ec12e","Ontario","Region"
"location/california/eb879a83c91a121e0bb8829782dbcf04","California","Region"
"location/new-york/83ead471332bd02e67b767279aed075b","New York","Region"
"location/california/eb879a83c91a121e0bb8829782dbcf04","California","Region"
"location/karnataka/cd79504e3c0a954fa3c6094f46c0d524","Karnataka","Region"
"location/alagoas/55795393eb51ffde26c860dc8501d324","Alagoas","Region"
"location/california/eb879a83c91a121e0bb8829782dbcf04","California","Region"
"location/hamerkaz/7521baf7376244a42b773b0481b510a1","HaMerkaz","Region"
"location/southern-finland/2291746faf26cd75e9b5b64e9df61781","Southern Finland","Region"
"location/distrito-federal/5a2261c329739785a4bb8a64e7562b47","Distrito Federal","Region"
"location/nevada/52986cf00e0ff267338f5c09c5b47f65","Nevada","Region"
"location/massachusetts/98c62fd921489dd7d767b27fa0816b97","Massachusetts","Region"
"location/zuid-holland/f8fcab7700143f74127aba52d3f1fa68","Zuid-Holland","Region"
"location/new-york/83ead471332bd02e67b767279aed075b","New York","Region"
"location/tel-aviv/4f5fab467bca9a1bba1a70368c5337b9","Tel Aviv","Region"
"location/massachusetts/98c62fd921489dd7d767b27fa0816b97","Massachusetts","Region"
"location/washington/86caa7e091fbce586e4cd58e799dd2bd","Washington","Region"
"location/california/eb879a83c91a121e0bb8829782dbcf04","California","Region"
"location/oslo/55b063f46e9f595837290f5de62c1da8","Oslo","Region"
"location/ile-de-france/104bf8833a6103f9b51aba1d9a4d2c62","Ile-de-France","Region"
"location/utah/08b3ad58fc22d6a915c6be18a87af313","Utah","Region"
"location/florida/7d27a7401eba06ba8941078f0789d387","Florida","Region"
"location/massachusetts/98c62fd921489dd7d767b27fa0816b97","Massachusetts","Region"
"location/tel-aviv/4f5fab467bca9a1bba1a70368c5337b9","Tel Aviv","Region"
"location/utah/08b3ad58fc22d6a915c6be18a87af313","Utah","Region"
"location/california/eb879a83c91a121e0bb8829782dbcf04","California","Region"
"location/london-city-of/79eb923b9e93e0db2fe075f0c430c2cb","London, City of","Region"
"location/istanbul/875467b892a85af41c428e9809f15659","Istanbul","Region"
"location/california/eb879a83c91a121e0bb8829782dbcf04","California","Region"
"location/ile-de-france/104bf8833a6103f9b51aba1d9a4d2c62","Ile-de-France","Region"
"location/texas/54e9e76a1847d13700a7ed1aab624b78","Texas","Region"
"location/pennsylvania/45f8ca9499bf3a2d795f3c1e74072327","Pennsylvania","Region"
"location/new-york/83ead471332bd02e67b767279aed075b","New York","Region"
"location/attiki/71fa0865bf2b26fcc3356f95564f26d0","Attiki","Region"
"location/kerala/42c992211644d1125da90f39bf1e7165","Kerala","Region"
"location/moscow-city/ec3a0cfc29f596541f234f8f9f593c71","Moscow City","Region"
"location/massachusetts/98c62fd921489dd7d767b27fa0816b97","Massachusetts","Region"
"location/massachusetts/98c62fd921489dd7d767b27fa0816b97","Massachusetts","Region"
"location/colorado/056b6b3909ea2c8527aff54b58a28072","Colorado","Region"
"location/london-city-of/79eb923b9e93e0db2fe075f0c430c2cb","London, City of","Region"
"location/california/eb879a83c91a121e0bb8829782dbcf04","California","Region"
"location/new-york/83ead471332bd02e67b767279aed075b","New York","Region"
"location/karnataka/cd79504e3c0a954fa3c6094f46c0d524","Karnataka","Region"
"location/ontario/452160a8eaea9fb811fe78c5935ec12e","Ontario","Region"
"location/trentino-alto-adige/2ce425ecd3fc9d1b1d0cbc07cf785d4b","Trentino-Alto Adige","Region"
"location/california/eb879a83c91a121e0bb8829782dbcf04","California","Region"
"location/central-region/0fc1fa956e0764f98c57c41bf17f1b91","Central Region","Region"
"location/central-region/0fc1fa956e0764f98c57c41bf17f1b91","Central Region","Region"
"location/tamil-nadu/360bdbca1b1a950c1c657d8866553adb","Tamil Nadu","Region"
"location/rio-de-janeiro/4524dfbe2a2ad358e041a0276d1896f1","Rio de Janeiro","Region"
"location/beijing/ad56d3e42b67bf00615e25a24a95ae0d","Beijing","Region"
"location/quebec/c4cd6f0c10e6c97e3e20e5be9405c146","Quebec","Region"
"location/california/eb879a83c91a121e0bb8829782dbcf04","California","Region"
"location/north-carolina/f967e66732ce6748d7e075e756617ccd","North Carolina","Region"
"location/california/eb879a83c91a121e0bb8829782dbcf04","California","Region"
"location/beijing/ad56d3e42b67bf00615e25a24a95ae0d","Beijing","Region"
"location/california/eb879a83c91a121e0bb8829782dbcf04","California","Region"
"location/california/eb879a83c91a121e0bb8829782dbcf04","California","Region"
"location/ile-de-france/104bf8833a6103f9b51aba1d9a4d2c62","Ile-de-France","Region"
"location/rogaland/c95ccb3222ddbfd141d04f11a5208059","Rogaland","Region"
"location/montana/6dd1488599b4ac335d73eba00c350776","Montana","Region"
"location/california/eb879a83c91a121e0bb8829782dbcf04","California","Region"
"location/bracknell-forest/4a9ef619a5ee6fc8c9dece8ea321bdc3","Bracknell Forest","Region"
"location/california/eb879a83c91a121e0bb8829782dbcf04","California","Region"
"location/dublin/e401019b70f746eef7f33331a2528672","Dublin","Region"
"location/languedoc-roussillon/c2aff465ad1f9e9a3f52a1189a7d51f9","Languedoc-Roussillon","Region"
"location/izmir/2fbd635fff7d08d2591d68e82a3ac65d","Izmir","Region"
"location/washington/86caa7e091fbce586e4cd58e799dd2bd","Washington","Region"
"location/tamil-nadu/360bdbca1b1a950c1c657d8866553adb","Tamil Nadu","Region"
"location/california/eb879a83c91a121e0bb8829782dbcf04","California","Region"
"location/washington/86caa7e091fbce586e4cd58e799dd2bd","Washington","Region"
"location/new-york/83ead471332bd02e67b767279aed075b","New York","Region"
"location/seoul-t-ukpyolsi/afe8dc4fe7211e88f8f18d5d5a8fbd42","Seoul-t'ukpyolsi","Region"
"location/indiana/63b553628d29ae9a03ff2435095d287f","Indiana","Region"
"location/minnesota/2c75f4b58c06f0cc4a6dd780e2b56365","Minnesota","Region"
"location/london-city-of/79eb923b9e93e0db2fe075f0c430c2cb","London, City of","Region"
"location/washington/86caa7e091fbce586e4cd58e799dd2bd","Washington","Region"
"location/california/eb879a83c91a121e0bb8829782dbcf04","California","Region"
"location/quebec/c4cd6f0c10e6c97e3e20e5be9405c146","Quebec","Region"
"location/virginia/ba972fec7acf7c8443161ab2425cc6be","Virginia","Region"
"location/virginia/ba972fec7acf7c8443161ab2425cc6be","Virginia","Region"
"location/seoul-t-ukpyolsi/afe8dc4fe7211e88f8f18d5d5a8fbd42","Seoul-t'ukpyolsi","Region"
"location/central-region/0fc1fa956e0764f98c57c41bf17f1b91","Central Region","Region"
"location/california/eb879a83c91a121e0bb8829782dbcf04","California","Region"
"location/new-hampshire/ac44d13aac69263bc0be659ffe484574","New Hampshire","Region"
"location/illinois/e9d5dbb22921eb4d674977cb42bbf790","Illinois","Region"
"location/illinois/e9d5dbb22921eb4d674977cb42bbf790","Illinois","Region"
"location/california/eb879a83c91a121e0bb8829782dbcf04","California","Region"
"location/london-city-of/79eb923b9e93e0db2fe075f0c430c2cb","London, City of","Region"
"location/trentino-alto-adige/2ce425ecd3fc9d1b1d0cbc07cf785d4b","Trentino-Alto Adige","Region"
"location/t-ai-pei/3baf4149665f66549f1b755528130c98","T'ai-pei","Region"
"location/florida/7d27a7401eba06ba8941078f0789d387","Florida","Region"
"location/western/86a673beaad4145ad260dba51f565147","Western","Region"
"location/california/eb879a83c91a121e0bb8829782dbcf04","California","Region"
"location/california/eb879a83c91a121e0bb8829782dbcf04","California","Region"
"location/tel-aviv/4f5fab467bca9a1bba1a70368c5337b9","Tel Aviv","Region"
"location/california/eb879a83c91a121e0bb8829782dbcf04","California","Region"
"location/california/eb879a83c91a121e0bb8829782dbcf04","California","Region"
"location/massachusetts/98c62fd921489dd7d767b27fa0816b97","Massachusetts","Region"
"location/london-city-of/79eb923b9e93e0db2fe075f0c430c2cb","London, City of","Region"
"location/illinois/e9d5dbb22921eb4d674977cb42bbf790","Illinois","Region"
"location/louisiana/2285a5a1d3ac5dbcee04da4954884ad1","Louisiana","Region"
"location/midland/4bf3768de0087fed039ad54301392bc1","Midland","Region"
"location/region-metropolitana/5e0a46416954b5671006ee21f667cc0b","Region Metropolitana","Region"
"location/karnataka/cd79504e3c0a954fa3c6094f46c0d524","Karnataka","Region"
"location/moscow-city/ec3a0cfc29f596541f234f8f9f593c71","Moscow City","Region"
"location/massachusetts/98c62fd921489dd7d767b27fa0816b97","Massachusetts","Region"
"location/new-york/83ead471332bd02e67b767279aed075b","New York","Region"
"location/ontario/452160a8eaea9fb811fe78c5935ec12e","Ontario","Region"
"location/pennsylvania/45f8ca9499bf3a2d795f3c1e74072327","Pennsylvania","Region"
"location/new-york/83ead471332bd02e67b767279aed075b","New York","Region"
"location/oulu/acfbe77f34a7b6c82b979188b38955ce","Oulu","Region"
"location/attiki/71fa0865bf2b26fcc3356f95564f26d0","Attiki","Region"
"location/new-york/83ead471332bd02e67b767279aed075b","New York","Region"
"location/california/eb879a83c91a121e0bb8829782dbcf04","California","Region"
"location/haryana/5791883d3b71c28bb39bbf559f26c754","Haryana","Region"
"location/district-of-columbia/f54a6bb57ddf98f79b0864348cedd3fd","District of Columbia","Region"
"location/maryland/a5720592ddbbd23cdf7271fde141ee19","Maryland","Region"
"location/hamerkaz/7521baf7376244a42b773b0481b510a1","HaMerkaz","Region"
"location/new-york/83ead471332bd02e67b767279aed075b","New York","Region"
"location/new-york/83ead471332bd02e67b767279aed075b","New York","Region"
"location/hessen/1ef4df3e5386ae5beff648fd795c7f2c","Hessen","Region"
"location/hertford/966e614f7f5b64cffc1310294800ca75","Hertford","Region"
"location/new-york/83ead471332bd02e67b767279aed075b","New York","Region"
"location/new-york/83ead471332bd02e67b767279aed075b","New York","Region"
"location/mazowieckie/6d673abb4f06d4a3565fdd9a4c1710de","Mazowieckie","Region"
"location/berlin/dcc0539e638afda2022907d53b4e96a9","Berlin","Region"
"location/london-city-of/79eb923b9e93e0db2fe075f0c430c2cb","London, City of","Region"
"location/california/eb879a83c91a121e0bb8829782dbcf04","California","Region"
"location/minnesota/2c75f4b58c06f0cc4a6dd780e2b56365","Minnesota","Region"
"location/nebraska/647a9605be6c1c44f95f57764c1cd3ef","Nebraska","Region"
"location/gujarat/2ba26804a4961c95acd6fd0dc8a8ae87","Gujarat","Region"
"location/utrecht/adf4569b1d15d1c044871f0a65eff747","Utrecht","Region"
"location/london-city-of/79eb923b9e93e0db2fe075f0c430c2cb","London, City of","Region"
"location/maharashtra/9f01ca747cd77b8cf741828699d920a2","Maharashtra","Region"
"location/california/eb879a83c91a121e0bb8829782dbcf04","California","Region"
"location/ile-de-france/104bf8833a6103f9b51aba1d9a4d2c62","Ile-de-France","Region"
"location/california/eb879a83c91a121e0bb8829782dbcf04","California","Region"
"location/california/eb879a83c91a121e0bb8829782dbcf04","California","Region"
"location/norfolk/143e4e5fcb4a164a3ea76673d40a87f5","Norfolk","Region"
"location/new-york/83ead471332bd02e67b767279aed075b","New York","Region"
"location/california/eb879a83c91a121e0bb8829782dbcf04","California","Region"
"location/illinois/e9d5dbb22921eb4d674977cb42bbf790","Illinois","Region"
"location/zuid-holland/f8fcab7700143f74127aba52d3f1fa68","Zuid-Holland","Region"
"location/noord-holland/6ea93e7d3475b197f3950f8819baf8e2","Noord-Holland","Region"
"location/georgia/e5e9da40cf545c78963be6d5a2efe686","Georgia","Region"